solid OpenSCAD_Model
  facet normal 1 -0 0
    outer loop
      vertex 7.44656 -0.599999 21
      vertex 7.44656 0.599999 1.2
      vertex 7.44656 0.599999 21
    endloop
  endfacet
  facet normal 1 0 0
    outer loop
      vertex 7.44656 0.599999 1.2
      vertex 7.44656 -0.599999 21
      vertex 7.44656 -0.599999 1.2
    endloop
  endfacet
  facet normal -0 0 1
    outer loop
      vertex -7.11988 0.599999 21
      vertex -3.81982 0.321263 21
      vertex -7.05857 1.11797 21
    endloop
  endfacet
  facet normal 0 0 1
    outer loop
      vertex -3.81982 0.321263 21
      vertex -7.11988 0.599999 21
      vertex -3.82224 0.300817 21
    endloop
  endfacet
  facet normal 0 -0 1
    outer loop
      vertex -6.60256 -2.73487 21
      vertex -3.83406 0 21
      vertex -6.79678 -2.20841 21
    endloop
  endfacet
  facet normal 0 0 1
    outer loop
      vertex -3.83406 0 21
      vertex -6.60256 -2.73487 21
      vertex -6.46264 -3.03838 21
    endloop
  endfacet
  facet normal 0 0 1
    outer loop
      vertex -3.82224 0.300817 21
      vertex -7.11988 0.599999 21
      vertex -3.83325 0.0205729 21
    endloop
  endfacet
  facet normal 0 0 1
    outer loop
      vertex -3.83406 0 21
      vertex -6.9491 -1.66833 21
      vertex -6.79678 -2.20841 21
    endloop
  endfacet
  facet normal 0 0 1
    outer loop
      vertex -3.83325 0.0205729 21
      vertex -7.11988 0.599999 21
      vertex -3.83406 0 21
    endloop
  endfacet
  facet normal 0 0 1
    outer loop
      vertex -3.83406 0 21
      vertex -7.05857 -1.11797 21
      vertex -6.9491 -1.66833 21
    endloop
  endfacet
  facet normal 0 0 1
    outer loop
      vertex -7.11988 -0.599999 21
      vertex -3.83406 0 21
      vertex -7.11988 0.599999 21
    endloop
  endfacet
  facet normal 0 0 1
    outer loop
      vertex -3.83406 0 21
      vertex -7.11988 -0.599999 21
      vertex -7.05857 -1.11797 21
    endloop
  endfacet
  facet normal -0 0 1
    outer loop
      vertex -7.44656 0.599999 21
      vertex -7.11988 -0.599999 21
      vertex -7.11988 0.599999 21
    endloop
  endfacet
  facet normal 0 0 1
    outer loop
      vertex -7.11988 -0.599999 21
      vertex -7.44656 0.599999 21
      vertex -7.44656 -0.599999 21
    endloop
  endfacet
  facet normal 0 0 1
    outer loop
      vertex -3.64641 1.18479 21
      vertex -6.79678 2.20841 21
      vertex -3.652 1.16497 21
    endloop
  endfacet
  facet normal 0 0 1
    outer loop
      vertex -3.652 1.16497 21
      vertex -6.79678 2.20841 21
      vertex -3.72812 0.895042 21
    endloop
  endfacet
  facet normal 0 -0 1
    outer loop
      vertex -4.20064 -5.78169 21
      vertex -3.83406 0 21
      vertex -4.64132 -5.43429 21
    endloop
  endfacet
  facet normal 0 0 1
    outer loop
      vertex -3.83406 0 21
      vertex -4.20064 -5.78169 21
      vertex -4.07814 -5.86354 21
    endloop
  endfacet
  facet normal -0 0 1
    outer loop
      vertex -6.9491 1.66833 21
      vertex -3.72812 0.895042 21
      vertex -6.79678 2.20841 21
    endloop
  endfacet
  facet normal 0 0 1
    outer loop
      vertex -3.83406 0 21
      vertex -5.05338 -5.05338 21
      vertex -4.64132 -5.43429 21
    endloop
  endfacet
  facet normal 0 0 1
    outer loop
      vertex -3.72812 0.895042 21
      vertex -6.9491 1.66833 21
      vertex -3.73214 0.874849 21
    endloop
  endfacet
  facet normal 0 0 1
    outer loop
      vertex -3.83406 0 21
      vertex -5.43429 -4.64132 21
      vertex -5.05338 -5.05338 21
    endloop
  endfacet
  facet normal 0 0 1
    outer loop
      vertex -3.73214 0.874849 21
      vertex -6.9491 1.66833 21
      vertex -3.78685 0.599778 21
    endloop
  endfacet
  facet normal -0 0 1
    outer loop
      vertex -7.05857 1.11797 21
      vertex -3.78685 0.599778 21
      vertex -6.9491 1.66833 21
    endloop
  endfacet
  facet normal 0 -0 1
    outer loop
      vertex -5.78169 -4.20064 21
      vertex -3.83406 0 21
      vertex -5.86354 -4.07814 21
    endloop
  endfacet
  facet normal 0 0 1
    outer loop
      vertex -3.83406 0 21
      vertex -5.78169 -4.20064 21
      vertex -5.43429 -4.64132 21
    endloop
  endfacet
  facet normal 0 0 1
    outer loop
      vertex -6.46264 3.03838 21
      vertex -5.86354 4.07814 21
      vertex -6.14891 4.24289 21
    endloop
  endfacet
  facet normal 0 0 1
    outer loop
      vertex -3.78685 0.599778 21
      vertex -7.05857 1.11797 21
      vertex -3.81982 0.321263 21
    endloop
  endfacet
  facet normal 0 0 1
    outer loop
      vertex -3.83406 0 21
      vertex -6.46264 -3.03838 21
      vertex -5.86354 -4.07814 21
    endloop
  endfacet
  facet normal 0 -0 1
    outer loop
      vertex -6.46264 3.03838 21
      vertex -6.14891 4.24289 21
      vertex -6.74891 3.20366 21
    endloop
  endfacet
  facet normal 0 0 1
    outer loop
      vertex -1.11797 -7.05857 21
      vertex -0.599778 -3.78685 21
      vertex -0.874849 -3.73214 21
    endloop
  endfacet
  facet normal 0 0 1
    outer loop
      vertex -1.66833 -6.9491 21
      vertex -0.874849 -3.73214 21
      vertex -0.895042 -3.72812 21
    endloop
  endfacet
  facet normal 0 0 1
    outer loop
      vertex -0.599778 -3.78685 21
      vertex -1.11797 -7.05857 21
      vertex -0.599999 -7.11988 21
    endloop
  endfacet
  facet normal 0 0 1
    outer loop
      vertex -1.66833 -6.9491 21
      vertex -0.895042 -3.72812 21
      vertex -1.16497 -3.652 21
    endloop
  endfacet
  facet normal 0 0 1
    outer loop
      vertex -2.20841 -6.79678 21
      vertex -1.16497 -3.652 21
      vertex -1.18479 -3.64641 21
    endloop
  endfacet
  facet normal 0 0 1
    outer loop
      vertex -2.20841 -6.79678 21
      vertex -1.18479 -3.64641 21
      vertex -1.20411 -3.63928 21
    endloop
  endfacet
  facet normal 0 0 1
    outer loop
      vertex -2.20841 -6.79678 21
      vertex -1.20411 -3.63928 21
      vertex -1.46723 -3.54221 21
    endloop
  endfacet
  facet normal 0 0 1
    outer loop
      vertex -2.73487 -6.60256 21
      vertex -1.46723 -3.54221 21
      vertex -1.48593 -3.53359 21
    endloop
  endfacet
  facet normal 0 0 1
    outer loop
      vertex -0.874849 -3.73214 21
      vertex -1.66833 -6.9491 21
      vertex -1.11797 -7.05857 21
    endloop
  endfacet
  facet normal 0 0 1
    outer loop
      vertex -3.03838 -6.46264 21
      vertex -1.48593 -3.53359 21
      vertex -1.74063 -3.41617 21
    endloop
  endfacet
  facet normal 0 0 1
    outer loop
      vertex -3.03838 -6.46264 21
      vertex -1.74063 -3.41617 21
      vertex -1.75859 -3.40611 21
    endloop
  endfacet
  facet normal 0 0 1
    outer loop
      vertex -3.03838 -6.46264 21
      vertex -1.75859 -3.40611 21
      vertex -2.00329 -3.26907 21
    endloop
  endfacet
  facet normal 0 0 1
    outer loop
      vertex -1.16497 -3.652 21
      vertex -2.20841 -6.79678 21
      vertex -1.66833 -6.9491 21
    endloop
  endfacet
  facet normal 0 0 1
    outer loop
      vertex -4.07814 -5.86354 21
      vertex -2.00329 -3.26907 21
      vertex -2.23648 -3.11326 21
    endloop
  endfacet
  facet normal 0 0 1
    outer loop
      vertex -4.07814 -5.86354 21
      vertex -2.23648 -3.11326 21
      vertex -2.2536 -3.10182 21
    endloop
  endfacet
  facet normal 0 0 1
    outer loop
      vertex -4.07814 -5.86354 21
      vertex -2.2536 -3.10182 21
      vertex -2.26977 -3.08907 21
    endloop
  endfacet
  facet normal 0 0 1
    outer loop
      vertex -4.07814 -5.86354 21
      vertex -2.26977 -3.08907 21
      vertex -2.49002 -2.91544 21
    endloop
  endfacet
  facet normal 0 0 1
    outer loop
      vertex -4.07814 -5.86354 21
      vertex -2.49002 -2.91544 21
      vertex -2.50514 -2.90147 21
    endloop
  endfacet
  facet normal 0 0 1
    outer loop
      vertex -4.07814 -5.86354 21
      vertex -2.50514 -2.90147 21
      vertex -2.71109 -2.71109 21
    endloop
  endfacet
  facet normal 0 0 1
    outer loop
      vertex -1.46723 -3.54221 21
      vertex -2.73487 -6.60256 21
      vertex -2.20841 -6.79678 21
    endloop
  endfacet
  facet normal 0 0 1
    outer loop
      vertex -4.07814 -5.86354 21
      vertex -2.71109 -2.71109 21
      vertex -2.90147 -2.50514 21
    endloop
  endfacet
  facet normal 0 0 1
    outer loop
      vertex -4.07814 -5.86354 21
      vertex -2.90147 -2.50514 21
      vertex -2.91544 -2.49002 21
    endloop
  endfacet
  facet normal 0 0 1
    outer loop
      vertex -1.48593 -3.53359 21
      vertex -3.03838 -6.46264 21
      vertex -2.73487 -6.60256 21
    endloop
  endfacet
  facet normal 0 0 1
    outer loop
      vertex -4.07814 -5.86354 21
      vertex -2.91544 -2.49002 21
      vertex -3.08907 -2.26977 21
    endloop
  endfacet
  facet normal 0 0 1
    outer loop
      vertex -4.07814 -5.86354 21
      vertex -3.08907 -2.26977 21
      vertex -3.10182 -2.2536 21
    endloop
  endfacet
  facet normal 0 0 1
    outer loop
      vertex -4.07814 -5.86354 21
      vertex -3.10182 -2.2536 21
      vertex -3.11326 -2.23648 21
    endloop
  endfacet
  facet normal 0 0 1
    outer loop
      vertex -2.00329 -3.26907 21
      vertex -4.07814 -5.86354 21
      vertex -3.03838 -6.46264 21
    endloop
  endfacet
  facet normal 0 0 1
    outer loop
      vertex -4.07814 -5.86354 21
      vertex -3.11326 -2.23648 21
      vertex -3.26907 -2.00329 21
    endloop
  endfacet
  facet normal 0 0 1
    outer loop
      vertex -4.07814 -5.86354 21
      vertex -3.26907 -2.00329 21
      vertex -3.40611 -1.75859 21
    endloop
  endfacet
  facet normal 0 0 1
    outer loop
      vertex -4.07814 -5.86354 21
      vertex -3.40611 -1.75859 21
      vertex -3.41617 -1.74063 21
    endloop
  endfacet
  facet normal 0 0 1
    outer loop
      vertex -4.07814 -5.86354 21
      vertex -3.41617 -1.74063 21
      vertex -3.53359 -1.48593 21
    endloop
  endfacet
  facet normal 0 0 1
    outer loop
      vertex -4.07814 -5.86354 21
      vertex -3.53359 -1.48593 21
      vertex -3.54221 -1.46723 21
    endloop
  endfacet
  facet normal 0 0 1
    outer loop
      vertex -4.07814 -5.86354 21
      vertex -3.54221 -1.46723 21
      vertex -3.63928 -1.20411 21
    endloop
  endfacet
  facet normal 0 0 1
    outer loop
      vertex -4.07814 -5.86354 21
      vertex -3.63928 -1.20411 21
      vertex -3.64641 -1.18479 21
    endloop
  endfacet
  facet normal 0 0 1
    outer loop
      vertex -4.07814 -5.86354 21
      vertex -3.64641 -1.18479 21
      vertex -3.652 -1.16497 21
    endloop
  endfacet
  facet normal 0 0 1
    outer loop
      vertex -4.07814 -5.86354 21
      vertex -3.652 -1.16497 21
      vertex -3.72812 -0.895042 21
    endloop
  endfacet
  facet normal 0 0 1
    outer loop
      vertex -4.07814 -5.86354 21
      vertex -3.72812 -0.895042 21
      vertex -3.73214 -0.874849 21
    endloop
  endfacet
  facet normal 0 0 1
    outer loop
      vertex -4.07814 -5.86354 21
      vertex -3.73214 -0.874849 21
      vertex -3.78685 -0.599778 21
    endloop
  endfacet
  facet normal 0 0 1
    outer loop
      vertex -4.07814 -5.86354 21
      vertex -3.78685 -0.599778 21
      vertex -3.81982 -0.321263 21
    endloop
  endfacet
  facet normal 0 0 1
    outer loop
      vertex -4.07814 -5.86354 21
      vertex -3.81982 -0.321263 21
      vertex -3.82224 -0.300817 21
    endloop
  endfacet
  facet normal 0 0 1
    outer loop
      vertex -3.63928 1.20411 21
      vertex -6.79678 2.20841 21
      vertex -3.64641 1.18479 21
    endloop
  endfacet
  facet normal 0 0 1
    outer loop
      vertex -3.83406 0 21
      vertex -4.07814 -5.86354 21
      vertex -3.83325 -0.0205729 21
    endloop
  endfacet
  facet normal 0 0 1
    outer loop
      vertex -3.83325 -0.0205729 21
      vertex -4.07814 -5.86354 21
      vertex -3.82224 -0.300817 21
    endloop
  endfacet
  facet normal 0 0 1
    outer loop
      vertex -3.03838 -6.46264 21
      vertex -4.07814 -5.86354 21
      vertex -3.20366 -6.74891 21
    endloop
  endfacet
  facet normal 0 0 1
    outer loop
      vertex -3.20366 -6.74891 21
      vertex -4.07814 -5.86354 21
      vertex -4.24289 -6.14891 21
    endloop
  endfacet
  facet normal 0 0 1
    outer loop
      vertex -0.599999 7.11988 21
      vertex 0.599999 7.11988 21
      vertex 0.599999 7.44656 21
    endloop
  endfacet
  facet normal 0 0 1
    outer loop
      vertex 0.599999 7.11988 21
      vertex 0.321263 3.81982 21
      vertex 0.599778 3.78685 21
    endloop
  endfacet
  facet normal 0 0 1
    outer loop
      vertex 0.599999 7.11988 21
      vertex 0.300817 3.82224 21
      vertex 0.321263 3.81982 21
    endloop
  endfacet
  facet normal 0 -0 1
    outer loop
      vertex 0 3.83406 21
      vertex 0.599999 7.11988 21
      vertex -0.599999 7.11988 21
    endloop
  endfacet
  facet normal 0 0 1
    outer loop
      vertex 0.599999 7.11988 21
      vertex 0.0205729 3.83325 21
      vertex 0.300817 3.82224 21
    endloop
  endfacet
  facet normal 0 0 1
    outer loop
      vertex 0.599999 7.11988 21
      vertex 0 3.83406 21
      vertex 0.0205729 3.83325 21
    endloop
  endfacet
  facet normal 0 0 1
    outer loop
      vertex 0 3.83406 21
      vertex -0.599999 7.11988 21
      vertex -0.0205729 3.83325 21
    endloop
  endfacet
  facet normal 0 0 1
    outer loop
      vertex -0.0205729 3.83325 21
      vertex -0.599999 7.11988 21
      vertex -0.300817 3.82224 21
    endloop
  endfacet
  facet normal 0 0 1
    outer loop
      vertex -0.300817 3.82224 21
      vertex -0.599999 7.11988 21
      vertex -0.321263 3.81982 21
    endloop
  endfacet
  facet normal 0 0 1
    outer loop
      vertex -0.599999 7.11988 21
      vertex 0.599999 7.44656 21
      vertex -0.599999 7.44656 21
    endloop
  endfacet
  facet normal 0 0 1
    outer loop
      vertex -0.321263 3.81982 21
      vertex -0.599999 7.11988 21
      vertex -0.599778 3.78685 21
    endloop
  endfacet
  facet normal -0 0 1
    outer loop
      vertex -1.11797 7.05857 21
      vertex -0.599778 3.78685 21
      vertex -0.599999 7.11988 21
    endloop
  endfacet
  facet normal 0 0 1
    outer loop
      vertex -0.599778 3.78685 21
      vertex -1.11797 7.05857 21
      vertex -0.874849 3.73214 21
    endloop
  endfacet
  facet normal -0 0 1
    outer loop
      vertex -1.66833 6.9491 21
      vertex -0.874849 3.73214 21
      vertex -1.11797 7.05857 21
    endloop
  endfacet
  facet normal 0 0 1
    outer loop
      vertex -0.874849 3.73214 21
      vertex -1.66833 6.9491 21
      vertex -0.895042 3.72812 21
    endloop
  endfacet
  facet normal 0 0 1
    outer loop
      vertex -0.895042 3.72812 21
      vertex -1.66833 6.9491 21
      vertex -1.16497 3.652 21
    endloop
  endfacet
  facet normal -0 0 1
    outer loop
      vertex -2.20841 6.79678 21
      vertex -1.16497 3.652 21
      vertex -1.66833 6.9491 21
    endloop
  endfacet
  facet normal 0 0 1
    outer loop
      vertex -1.16497 3.652 21
      vertex -2.20841 6.79678 21
      vertex -1.18479 3.64641 21
    endloop
  endfacet
  facet normal 0 0 1
    outer loop
      vertex -1.18479 3.64641 21
      vertex -2.20841 6.79678 21
      vertex -1.20411 3.63928 21
    endloop
  endfacet
  facet normal 0 0 1
    outer loop
      vertex -1.20411 3.63928 21
      vertex -2.20841 6.79678 21
      vertex -1.46723 3.54221 21
    endloop
  endfacet
  facet normal -0 0 1
    outer loop
      vertex -2.73487 6.60256 21
      vertex -1.46723 3.54221 21
      vertex -2.20841 6.79678 21
    endloop
  endfacet
  facet normal 0 0 1
    outer loop
      vertex -1.46723 3.54221 21
      vertex -2.73487 6.60256 21
      vertex -1.48593 3.53359 21
    endloop
  endfacet
  facet normal -0 0 1
    outer loop
      vertex -3.03838 6.46264 21
      vertex -1.48593 3.53359 21
      vertex -2.73487 6.60256 21
    endloop
  endfacet
  facet normal 0 0 1
    outer loop
      vertex -1.48593 3.53359 21
      vertex -3.03838 6.46264 21
      vertex -1.74063 3.41617 21
    endloop
  endfacet
  facet normal 0 0 1
    outer loop
      vertex -1.74063 3.41617 21
      vertex -3.03838 6.46264 21
      vertex -1.75859 3.40611 21
    endloop
  endfacet
  facet normal 0 0 1
    outer loop
      vertex -1.75859 3.40611 21
      vertex -3.03838 6.46264 21
      vertex -2.00329 3.26907 21
    endloop
  endfacet
  facet normal -0 0 1
    outer loop
      vertex -4.07814 5.86354 21
      vertex -2.00329 3.26907 21
      vertex -3.03838 6.46264 21
    endloop
  endfacet
  facet normal 0 0 1
    outer loop
      vertex -2.00329 3.26907 21
      vertex -4.07814 5.86354 21
      vertex -2.23648 3.11326 21
    endloop
  endfacet
  facet normal 0 0 1
    outer loop
      vertex -2.23648 3.11326 21
      vertex -4.07814 5.86354 21
      vertex -2.2536 3.10182 21
    endloop
  endfacet
  facet normal -0 0 1
    outer loop
      vertex -4.20064 5.78169 21
      vertex -2.2536 3.10182 21
      vertex -4.07814 5.86354 21
    endloop
  endfacet
  facet normal 0 0 1
    outer loop
      vertex -2.2536 3.10182 21
      vertex -4.20064 5.78169 21
      vertex -2.26977 3.08907 21
    endloop
  endfacet
  facet normal 0 0 1
    outer loop
      vertex -2.26977 3.08907 21
      vertex -4.20064 5.78169 21
      vertex -2.49002 2.91544 21
    endloop
  endfacet
  facet normal -0 0 1
    outer loop
      vertex -4.64132 5.43429 21
      vertex -2.49002 2.91544 21
      vertex -4.20064 5.78169 21
    endloop
  endfacet
  facet normal 0 0 1
    outer loop
      vertex -2.49002 2.91544 21
      vertex -4.64132 5.43429 21
      vertex -2.50514 2.90147 21
    endloop
  endfacet
  facet normal 0 0 1
    outer loop
      vertex -2.50514 2.90147 21
      vertex -4.64132 5.43429 21
      vertex -2.71109 2.71109 21
    endloop
  endfacet
  facet normal -0 0 1
    outer loop
      vertex -5.05338 5.05338 21
      vertex -2.71109 2.71109 21
      vertex -4.64132 5.43429 21
    endloop
  endfacet
  facet normal 0 0 1
    outer loop
      vertex -2.71109 2.71109 21
      vertex -5.05338 5.05338 21
      vertex -2.90147 2.50514 21
    endloop
  endfacet
  facet normal 0 0 1
    outer loop
      vertex -4.07814 5.86354 21
      vertex -3.03838 6.46264 21
      vertex -3.20366 6.74891 21
    endloop
  endfacet
  facet normal -0 0 1
    outer loop
      vertex -5.43429 4.64132 21
      vertex -2.90147 2.50514 21
      vertex -5.05338 5.05338 21
    endloop
  endfacet
  facet normal 0 0 1
    outer loop
      vertex -2.90147 2.50514 21
      vertex -5.43429 4.64132 21
      vertex -2.91544 2.49002 21
    endloop
  endfacet
  facet normal 0 0 1
    outer loop
      vertex -2.91544 2.49002 21
      vertex -5.43429 4.64132 21
      vertex -3.08907 2.26977 21
    endloop
  endfacet
  facet normal -0 0 1
    outer loop
      vertex -5.78169 4.20064 21
      vertex -3.08907 2.26977 21
      vertex -5.43429 4.64132 21
    endloop
  endfacet
  facet normal 0 0 1
    outer loop
      vertex -3.08907 2.26977 21
      vertex -5.78169 4.20064 21
      vertex -3.10182 2.2536 21
    endloop
  endfacet
  facet normal -0 0 1
    outer loop
      vertex -5.86354 4.07814 21
      vertex -3.10182 2.2536 21
      vertex -5.78169 4.20064 21
    endloop
  endfacet
  facet normal 0 0 1
    outer loop
      vertex -3.10182 2.2536 21
      vertex -5.86354 4.07814 21
      vertex -3.11326 2.23648 21
    endloop
  endfacet
  facet normal 0 0 1
    outer loop
      vertex -3.11326 2.23648 21
      vertex -5.86354 4.07814 21
      vertex -3.26907 2.00329 21
    endloop
  endfacet
  facet normal -0 0 1
    outer loop
      vertex -6.46264 3.03838 21
      vertex -3.26907 2.00329 21
      vertex -5.86354 4.07814 21
    endloop
  endfacet
  facet normal 0 0 1
    outer loop
      vertex -3.26907 2.00329 21
      vertex -6.46264 3.03838 21
      vertex -3.40611 1.75859 21
    endloop
  endfacet
  facet normal 0 0 1
    outer loop
      vertex -3.40611 1.75859 21
      vertex -6.46264 3.03838 21
      vertex -3.41617 1.74063 21
    endloop
  endfacet
  facet normal 0 0 1
    outer loop
      vertex -3.41617 1.74063 21
      vertex -6.46264 3.03838 21
      vertex -3.53359 1.48593 21
    endloop
  endfacet
  facet normal -0 0 1
    outer loop
      vertex -6.60256 2.73487 21
      vertex -3.53359 1.48593 21
      vertex -6.46264 3.03838 21
    endloop
  endfacet
  facet normal -0 0 1
    outer loop
      vertex -6.79678 2.20841 21
      vertex -3.63928 1.20411 21
      vertex -6.60256 2.73487 21
    endloop
  endfacet
  facet normal 0 0 1
    outer loop
      vertex -3.54221 1.46723 21
      vertex -6.60256 2.73487 21
      vertex -3.63928 1.20411 21
    endloop
  endfacet
  facet normal 0 0 1
    outer loop
      vertex -3.53359 1.48593 21
      vertex -6.60256 2.73487 21
      vertex -3.54221 1.46723 21
    endloop
  endfacet
  facet normal 0 -0 1
    outer loop
      vertex -4.07814 5.86354 21
      vertex -3.20366 6.74891 21
      vertex -4.24289 6.14891 21
    endloop
  endfacet
  facet normal -0 0 1
    outer loop
      vertex 3.63928 -1.20411 21
      vertex 6.79678 -2.20841 21
      vertex 3.64641 -1.18479 21
    endloop
  endfacet
  facet normal 0 0 1
    outer loop
      vertex 4.20064 5.78169 21
      vertex 3.83325 0.0205729 21
      vertex 3.83406 0 21
    endloop
  endfacet
  facet normal 0 0 1
    outer loop
      vertex 4.20064 5.78169 21
      vertex 3.82224 0.300817 21
      vertex 3.83325 0.0205729 21
    endloop
  endfacet
  facet normal 0 0 1
    outer loop
      vertex 4.20064 5.78169 21
      vertex 3.81982 0.321263 21
      vertex 3.82224 0.300817 21
    endloop
  endfacet
  facet normal 0 0 1
    outer loop
      vertex 4.20064 5.78169 21
      vertex 3.78685 0.599778 21
      vertex 3.81982 0.321263 21
    endloop
  endfacet
  facet normal 0 0 1
    outer loop
      vertex 4.20064 5.78169 21
      vertex 3.73214 0.874849 21
      vertex 3.78685 0.599778 21
    endloop
  endfacet
  facet normal 0 0 1
    outer loop
      vertex 4.20064 5.78169 21
      vertex 3.72812 0.895042 21
      vertex 3.73214 0.874849 21
    endloop
  endfacet
  facet normal 0 0 1
    outer loop
      vertex 4.20064 5.78169 21
      vertex 3.652 1.16497 21
      vertex 3.72812 0.895042 21
    endloop
  endfacet
  facet normal 0 0 1
    outer loop
      vertex 4.20064 5.78169 21
      vertex 3.64641 1.18479 21
      vertex 3.652 1.16497 21
    endloop
  endfacet
  facet normal 0 0 1
    outer loop
      vertex 4.20064 5.78169 21
      vertex 3.63928 1.20411 21
      vertex 3.64641 1.18479 21
    endloop
  endfacet
  facet normal 0 0 1
    outer loop
      vertex 4.20064 5.78169 21
      vertex 3.54221 1.46723 21
      vertex 3.63928 1.20411 21
    endloop
  endfacet
  facet normal 0 0 1
    outer loop
      vertex 4.20064 5.78169 21
      vertex 3.53359 1.48593 21
      vertex 3.54221 1.46723 21
    endloop
  endfacet
  facet normal 0 0 1
    outer loop
      vertex 4.20064 5.78169 21
      vertex 3.41617 1.74063 21
      vertex 3.53359 1.48593 21
    endloop
  endfacet
  facet normal 0 0 1
    outer loop
      vertex 4.20064 5.78169 21
      vertex 3.40611 1.75859 21
      vertex 3.41617 1.74063 21
    endloop
  endfacet
  facet normal 0 0 1
    outer loop
      vertex 4.20064 5.78169 21
      vertex 3.26907 2.00329 21
      vertex 3.40611 1.75859 21
    endloop
  endfacet
  facet normal 0 0 1
    outer loop
      vertex 3.20366 6.74891 21
      vertex 4.07814 5.86354 21
      vertex 4.24289 6.14891 21
    endloop
  endfacet
  facet normal -0 0 1
    outer loop
      vertex 3.03838 6.46264 21
      vertex 4.07814 5.86354 21
      vertex 3.20366 6.74891 21
    endloop
  endfacet
  facet normal 0 0 1
    outer loop
      vertex 2.00329 3.26907 21
      vertex 4.07814 5.86354 21
      vertex 3.03838 6.46264 21
    endloop
  endfacet
  facet normal 0 0 1
    outer loop
      vertex 4.20064 5.78169 21
      vertex 3.11326 2.23648 21
      vertex 3.26907 2.00329 21
    endloop
  endfacet
  facet normal 0 0 1
    outer loop
      vertex 4.20064 5.78169 21
      vertex 3.10182 2.2536 21
      vertex 3.11326 2.23648 21
    endloop
  endfacet
  facet normal 0 0 1
    outer loop
      vertex 4.20064 5.78169 21
      vertex 3.08907 2.26977 21
      vertex 3.10182 2.2536 21
    endloop
  endfacet
  facet normal 0 0 1
    outer loop
      vertex 4.20064 5.78169 21
      vertex 2.91544 2.49002 21
      vertex 3.08907 2.26977 21
    endloop
  endfacet
  facet normal 0 0 1
    outer loop
      vertex 4.20064 5.78169 21
      vertex 2.90147 2.50514 21
      vertex 2.91544 2.49002 21
    endloop
  endfacet
  facet normal 0 0 1
    outer loop
      vertex 1.48593 3.53359 21
      vertex 3.03838 6.46264 21
      vertex 2.73487 6.60256 21
    endloop
  endfacet
  facet normal 0 0 1
    outer loop
      vertex 4.20064 5.78169 21
      vertex 2.71109 2.71109 21
      vertex 2.90147 2.50514 21
    endloop
  endfacet
  facet normal 0 0 1
    outer loop
      vertex 4.20064 5.78169 21
      vertex 2.50514 2.90147 21
      vertex 2.71109 2.71109 21
    endloop
  endfacet
  facet normal 0 0 1
    outer loop
      vertex 4.20064 5.78169 21
      vertex 2.49002 2.91544 21
      vertex 2.50514 2.90147 21
    endloop
  endfacet
  facet normal 0 0 1
    outer loop
      vertex 4.20064 5.78169 21
      vertex 2.26977 3.08907 21
      vertex 2.49002 2.91544 21
    endloop
  endfacet
  facet normal 0 0 1
    outer loop
      vertex 4.20064 5.78169 21
      vertex 2.2536 3.10182 21
      vertex 2.26977 3.08907 21
    endloop
  endfacet
  facet normal 0 0 1
    outer loop
      vertex 4.07814 5.86354 21
      vertex 2.23648 3.11326 21
      vertex 2.2536 3.10182 21
    endloop
  endfacet
  facet normal 0 0 1
    outer loop
      vertex 1.46723 3.54221 21
      vertex 2.73487 6.60256 21
      vertex 2.20841 6.79678 21
    endloop
  endfacet
  facet normal 0 0 1
    outer loop
      vertex 4.07814 5.86354 21
      vertex 2.00329 3.26907 21
      vertex 2.23648 3.11326 21
    endloop
  endfacet
  facet normal 0 0 1
    outer loop
      vertex 3.03838 6.46264 21
      vertex 1.75859 3.40611 21
      vertex 2.00329 3.26907 21
    endloop
  endfacet
  facet normal 0 0 1
    outer loop
      vertex 3.03838 6.46264 21
      vertex 1.74063 3.41617 21
      vertex 1.75859 3.40611 21
    endloop
  endfacet
  facet normal 0 0 1
    outer loop
      vertex 1.16497 3.652 21
      vertex 2.20841 6.79678 21
      vertex 1.66833 6.9491 21
    endloop
  endfacet
  facet normal 0 0 1
    outer loop
      vertex 3.03838 6.46264 21
      vertex 1.48593 3.53359 21
      vertex 1.74063 3.41617 21
    endloop
  endfacet
  facet normal 0 0 1
    outer loop
      vertex 2.73487 6.60256 21
      vertex 1.46723 3.54221 21
      vertex 1.48593 3.53359 21
    endloop
  endfacet
  facet normal 0 0 1
    outer loop
      vertex 2.20841 6.79678 21
      vertex 1.20411 3.63928 21
      vertex 1.46723 3.54221 21
    endloop
  endfacet
  facet normal 0 0 1
    outer loop
      vertex 2.20841 6.79678 21
      vertex 1.18479 3.64641 21
      vertex 1.20411 3.63928 21
    endloop
  endfacet
  facet normal 0 0 1
    outer loop
      vertex 2.20841 6.79678 21
      vertex 1.16497 3.652 21
      vertex 1.18479 3.64641 21
    endloop
  endfacet
  facet normal 0 0 1
    outer loop
      vertex 0.874849 3.73214 21
      vertex 1.66833 6.9491 21
      vertex 1.11797 7.05857 21
    endloop
  endfacet
  facet normal 0 0 1
    outer loop
      vertex 1.66833 6.9491 21
      vertex 0.895042 3.72812 21
      vertex 1.16497 3.652 21
    endloop
  endfacet
  facet normal 0 0 1
    outer loop
      vertex 1.66833 6.9491 21
      vertex 0.874849 3.73214 21
      vertex 0.895042 3.72812 21
    endloop
  endfacet
  facet normal 0 0 1
    outer loop
      vertex 0.599778 3.78685 21
      vertex 1.11797 7.05857 21
      vertex 0.599999 7.11988 21
    endloop
  endfacet
  facet normal 0 0 1
    outer loop
      vertex 1.11797 7.05857 21
      vertex 0.599778 3.78685 21
      vertex 0.874849 3.73214 21
    endloop
  endfacet
  facet normal -0 0 1
    outer loop
      vertex 5.86354 4.07814 21
      vertex 6.46264 3.03838 21
      vertex 6.14891 4.24289 21
    endloop
  endfacet
  facet normal 0 0 1
    outer loop
      vertex 6.14891 4.24289 21
      vertex 6.46264 3.03838 21
      vertex 6.74891 3.20366 21
    endloop
  endfacet
  facet normal -0 0 1
    outer loop
      vertex 7.11988 0.599999 21
      vertex 7.44656 -0.599999 21
      vertex 7.44656 0.599999 21
    endloop
  endfacet
  facet normal 0 0 1
    outer loop
      vertex 7.11988 0.599999 21
      vertex 7.11988 -0.599999 21
      vertex 7.44656 -0.599999 21
    endloop
  endfacet
  facet normal 0 0 1
    outer loop
      vertex 3.83406 0 21
      vertex 7.11988 0.599999 21
      vertex 7.05857 1.11797 21
    endloop
  endfacet
  facet normal 0 0 1
    outer loop
      vertex 7.11988 0.599999 21
      vertex 3.83406 0 21
      vertex 7.11988 -0.599999 21
    endloop
  endfacet
  facet normal 0 0 1
    outer loop
      vertex 3.83406 0 21
      vertex 7.05857 1.11797 21
      vertex 6.9491 1.66833 21
    endloop
  endfacet
  facet normal -0 0 1
    outer loop
      vertex 3.83325 -0.0205729 21
      vertex 7.11988 -0.599999 21
      vertex 3.83406 0 21
    endloop
  endfacet
  facet normal 0 0 1
    outer loop
      vertex 3.83406 0 21
      vertex 6.9491 1.66833 21
      vertex 6.79678 2.20841 21
    endloop
  endfacet
  facet normal -0 0 1
    outer loop
      vertex 3.82224 -0.300817 21
      vertex 7.11988 -0.599999 21
      vertex 3.83325 -0.0205729 21
    endloop
  endfacet
  facet normal 0 0 1
    outer loop
      vertex 3.83406 0 21
      vertex 6.60256 2.73487 21
      vertex 6.46264 3.03838 21
    endloop
  endfacet
  facet normal 0 0 1
    outer loop
      vertex 6.60256 2.73487 21
      vertex 3.83406 0 21
      vertex 6.79678 2.20841 21
    endloop
  endfacet
  facet normal -0 0 1
    outer loop
      vertex 3.81982 -0.321263 21
      vertex 7.11988 -0.599999 21
      vertex 3.82224 -0.300817 21
    endloop
  endfacet
  facet normal 0 0 1
    outer loop
      vertex 7.11988 -0.599999 21
      vertex 3.81982 -0.321263 21
      vertex 7.05857 -1.11797 21
    endloop
  endfacet
  facet normal 0 0 1
    outer loop
      vertex 6.46264 -3.03838 21
      vertex 6.14891 -4.24289 21
      vertex 6.74891 -3.20366 21
    endloop
  endfacet
  facet normal 0 0 1
    outer loop
      vertex 3.83406 0 21
      vertex 6.46264 3.03838 21
      vertex 5.86354 4.07814 21
    endloop
  endfacet
  facet normal -0 0 1
    outer loop
      vertex 3.78685 -0.599778 21
      vertex 7.05857 -1.11797 21
      vertex 3.81982 -0.321263 21
    endloop
  endfacet
  facet normal 0 0 1
    outer loop
      vertex 6.46264 -3.03838 21
      vertex 5.86354 -4.07814 21
      vertex 6.14891 -4.24289 21
    endloop
  endfacet
  facet normal 0 0 1
    outer loop
      vertex 3.83406 0 21
      vertex 5.78169 4.20064 21
      vertex 5.43429 4.64132 21
    endloop
  endfacet
  facet normal 0 0 1
    outer loop
      vertex 5.78169 4.20064 21
      vertex 3.83406 0 21
      vertex 5.86354 4.07814 21
    endloop
  endfacet
  facet normal 0 0 1
    outer loop
      vertex 7.05857 -1.11797 21
      vertex 3.78685 -0.599778 21
      vertex 6.9491 -1.66833 21
    endloop
  endfacet
  facet normal -0 0 1
    outer loop
      vertex 3.73214 -0.874849 21
      vertex 6.9491 -1.66833 21
      vertex 3.78685 -0.599778 21
    endloop
  endfacet
  facet normal 0 0 1
    outer loop
      vertex 3.83406 0 21
      vertex 5.43429 4.64132 21
      vertex 5.05338 5.05338 21
    endloop
  endfacet
  facet normal -0 0 1
    outer loop
      vertex 3.72812 -0.895042 21
      vertex 6.9491 -1.66833 21
      vertex 3.73214 -0.874849 21
    endloop
  endfacet
  facet normal 0 0 1
    outer loop
      vertex 3.83406 0 21
      vertex 5.05338 5.05338 21
      vertex 4.64132 5.43429 21
    endloop
  endfacet
  facet normal 0 0 1
    outer loop
      vertex 6.9491 -1.66833 21
      vertex 3.72812 -0.895042 21
      vertex 6.79678 -2.20841 21
    endloop
  endfacet
  facet normal 0 0 1
    outer loop
      vertex 2.2536 3.10182 21
      vertex 4.20064 5.78169 21
      vertex 4.07814 5.86354 21
    endloop
  endfacet
  facet normal 0 0 1
    outer loop
      vertex 4.20064 5.78169 21
      vertex 3.83406 0 21
      vertex 4.64132 5.43429 21
    endloop
  endfacet
  facet normal -0 0 1
    outer loop
      vertex 3.652 -1.16497 21
      vertex 6.79678 -2.20841 21
      vertex 3.72812 -0.895042 21
    endloop
  endfacet
  facet normal -0 0 1
    outer loop
      vertex 3.64641 -1.18479 21
      vertex 6.79678 -2.20841 21
      vertex 3.652 -1.16497 21
    endloop
  endfacet
  facet normal 0 0 1
    outer loop
      vertex 6.79678 -2.20841 21
      vertex 3.63928 -1.20411 21
      vertex 6.60256 -2.73487 21
    endloop
  endfacet
  facet normal -0 0 1
    outer loop
      vertex 3.54221 -1.46723 21
      vertex 6.60256 -2.73487 21
      vertex 3.63928 -1.20411 21
    endloop
  endfacet
  facet normal -0 0 1
    outer loop
      vertex 3.53359 -1.48593 21
      vertex 6.60256 -2.73487 21
      vertex 3.54221 -1.46723 21
    endloop
  endfacet
  facet normal 0 0 1
    outer loop
      vertex 6.60256 -2.73487 21
      vertex 3.53359 -1.48593 21
      vertex 6.46264 -3.03838 21
    endloop
  endfacet
  facet normal -0 0 1
    outer loop
      vertex 3.41617 -1.74063 21
      vertex 6.46264 -3.03838 21
      vertex 3.53359 -1.48593 21
    endloop
  endfacet
  facet normal -0 0 1
    outer loop
      vertex 3.40611 -1.75859 21
      vertex 6.46264 -3.03838 21
      vertex 3.41617 -1.74063 21
    endloop
  endfacet
  facet normal -0 0 1
    outer loop
      vertex 3.26907 -2.00329 21
      vertex 6.46264 -3.03838 21
      vertex 3.40611 -1.75859 21
    endloop
  endfacet
  facet normal 0 0 1
    outer loop
      vertex 6.46264 -3.03838 21
      vertex 3.26907 -2.00329 21
      vertex 5.86354 -4.07814 21
    endloop
  endfacet
  facet normal -0 0 1
    outer loop
      vertex 3.11326 -2.23648 21
      vertex 5.86354 -4.07814 21
      vertex 3.26907 -2.00329 21
    endloop
  endfacet
  facet normal -0 0 1
    outer loop
      vertex 3.10182 -2.2536 21
      vertex 5.86354 -4.07814 21
      vertex 3.11326 -2.23648 21
    endloop
  endfacet
  facet normal 0 0 1
    outer loop
      vertex 5.86354 -4.07814 21
      vertex 3.10182 -2.2536 21
      vertex 5.78169 -4.20064 21
    endloop
  endfacet
  facet normal -0 0 1
    outer loop
      vertex 3.08907 -2.26977 21
      vertex 5.78169 -4.20064 21
      vertex 3.10182 -2.2536 21
    endloop
  endfacet
  facet normal 0 0 1
    outer loop
      vertex 5.78169 -4.20064 21
      vertex 3.08907 -2.26977 21
      vertex 5.43429 -4.64132 21
    endloop
  endfacet
  facet normal -0 0 1
    outer loop
      vertex 2.91544 -2.49002 21
      vertex 5.43429 -4.64132 21
      vertex 3.08907 -2.26977 21
    endloop
  endfacet
  facet normal 0 0 1
    outer loop
      vertex 4.07814 -5.86354 21
      vertex 3.20366 -6.74891 21
      vertex 4.24289 -6.14891 21
    endloop
  endfacet
  facet normal -0 0 1
    outer loop
      vertex 2.90147 -2.50514 21
      vertex 5.43429 -4.64132 21
      vertex 2.91544 -2.49002 21
    endloop
  endfacet
  facet normal 0 0 1
    outer loop
      vertex 5.43429 -4.64132 21
      vertex 2.90147 -2.50514 21
      vertex 5.05338 -5.05338 21
    endloop
  endfacet
  facet normal -0 0 1
    outer loop
      vertex 2.71109 -2.71109 21
      vertex 5.05338 -5.05338 21
      vertex 2.90147 -2.50514 21
    endloop
  endfacet
  facet normal 0 0 1
    outer loop
      vertex 5.05338 -5.05338 21
      vertex 2.71109 -2.71109 21
      vertex 4.64132 -5.43429 21
    endloop
  endfacet
  facet normal 0 0 1
    outer loop
      vertex 4.07814 -5.86354 21
      vertex 3.03838 -6.46264 21
      vertex 3.20366 -6.74891 21
    endloop
  endfacet
  facet normal -0 0 1
    outer loop
      vertex 2.50514 -2.90147 21
      vertex 4.64132 -5.43429 21
      vertex 2.71109 -2.71109 21
    endloop
  endfacet
  facet normal -0 0 1
    outer loop
      vertex 2.49002 -2.91544 21
      vertex 4.64132 -5.43429 21
      vertex 2.50514 -2.90147 21
    endloop
  endfacet
  facet normal 0 0 1
    outer loop
      vertex 4.64132 -5.43429 21
      vertex 2.49002 -2.91544 21
      vertex 4.20064 -5.78169 21
    endloop
  endfacet
  facet normal -0 0 1
    outer loop
      vertex 2.26977 -3.08907 21
      vertex 4.20064 -5.78169 21
      vertex 2.49002 -2.91544 21
    endloop
  endfacet
  facet normal -0 0 1
    outer loop
      vertex 2.2536 -3.10182 21
      vertex 4.20064 -5.78169 21
      vertex 2.26977 -3.08907 21
    endloop
  endfacet
  facet normal 0 0 1
    outer loop
      vertex 4.20064 -5.78169 21
      vertex 2.2536 -3.10182 21
      vertex 4.07814 -5.86354 21
    endloop
  endfacet
  facet normal -0 0 1
    outer loop
      vertex 2.23648 -3.11326 21
      vertex 4.07814 -5.86354 21
      vertex 2.2536 -3.10182 21
    endloop
  endfacet
  facet normal -0 0 1
    outer loop
      vertex 2.00329 -3.26907 21
      vertex 4.07814 -5.86354 21
      vertex 2.23648 -3.11326 21
    endloop
  endfacet
  facet normal 0 0 1
    outer loop
      vertex 4.07814 -5.86354 21
      vertex 2.00329 -3.26907 21
      vertex 3.03838 -6.46264 21
    endloop
  endfacet
  facet normal -0 0 1
    outer loop
      vertex 1.75859 -3.40611 21
      vertex 3.03838 -6.46264 21
      vertex 2.00329 -3.26907 21
    endloop
  endfacet
  facet normal -0 0 1
    outer loop
      vertex 1.74063 -3.41617 21
      vertex 3.03838 -6.46264 21
      vertex 1.75859 -3.40611 21
    endloop
  endfacet
  facet normal -0 0 1
    outer loop
      vertex 1.48593 -3.53359 21
      vertex 3.03838 -6.46264 21
      vertex 1.74063 -3.41617 21
    endloop
  endfacet
  facet normal 0 0 1
    outer loop
      vertex 3.03838 -6.46264 21
      vertex 1.48593 -3.53359 21
      vertex 2.73487 -6.60256 21
    endloop
  endfacet
  facet normal -0 0 1
    outer loop
      vertex 1.46723 -3.54221 21
      vertex 2.73487 -6.60256 21
      vertex 1.48593 -3.53359 21
    endloop
  endfacet
  facet normal 0 0 1
    outer loop
      vertex 2.73487 -6.60256 21
      vertex 1.46723 -3.54221 21
      vertex 2.20841 -6.79678 21
    endloop
  endfacet
  facet normal -0 0 1
    outer loop
      vertex 1.20411 -3.63928 21
      vertex 2.20841 -6.79678 21
      vertex 1.46723 -3.54221 21
    endloop
  endfacet
  facet normal -0 0 1
    outer loop
      vertex 1.18479 -3.64641 21
      vertex 2.20841 -6.79678 21
      vertex 1.20411 -3.63928 21
    endloop
  endfacet
  facet normal -0 0 1
    outer loop
      vertex 1.16497 -3.652 21
      vertex 2.20841 -6.79678 21
      vertex 1.18479 -3.64641 21
    endloop
  endfacet
  facet normal 0 0 1
    outer loop
      vertex 2.20841 -6.79678 21
      vertex 1.16497 -3.652 21
      vertex 1.66833 -6.9491 21
    endloop
  endfacet
  facet normal -0 0 1
    outer loop
      vertex 0.895042 -3.72812 21
      vertex 1.66833 -6.9491 21
      vertex 1.16497 -3.652 21
    endloop
  endfacet
  facet normal -0 0 1
    outer loop
      vertex 0.874849 -3.73214 21
      vertex 1.66833 -6.9491 21
      vertex 0.895042 -3.72812 21
    endloop
  endfacet
  facet normal 0 0 1
    outer loop
      vertex 1.66833 -6.9491 21
      vertex 0.874849 -3.73214 21
      vertex 1.11797 -7.05857 21
    endloop
  endfacet
  facet normal -0 0 1
    outer loop
      vertex 0.599778 -3.78685 21
      vertex 1.11797 -7.05857 21
      vertex 0.874849 -3.73214 21
    endloop
  endfacet
  facet normal 0 0 1
    outer loop
      vertex 1.11797 -7.05857 21
      vertex 0.599778 -3.78685 21
      vertex 0.599999 -7.11988 21
    endloop
  endfacet
  facet normal -0 0 1
    outer loop
      vertex 0.321263 -3.81982 21
      vertex 0.599999 -7.11988 21
      vertex 0.599778 -3.78685 21
    endloop
  endfacet
  facet normal -0 0 1
    outer loop
      vertex 0.300817 -3.82224 21
      vertex 0.599999 -7.11988 21
      vertex 0.321263 -3.81982 21
    endloop
  endfacet
  facet normal -0 0 1
    outer loop
      vertex 0.0205729 -3.83325 21
      vertex 0.599999 -7.11988 21
      vertex 0.300817 -3.82224 21
    endloop
  endfacet
  facet normal -0 0 1
    outer loop
      vertex 0 -3.83406 21
      vertex 0.599999 -7.11988 21
      vertex 0.0205729 -3.83325 21
    endloop
  endfacet
  facet normal 0 0 1
    outer loop
      vertex 0.599999 -7.11988 21
      vertex 0 -3.83406 21
      vertex -0.599999 -7.11988 21
    endloop
  endfacet
  facet normal 0 0 1
    outer loop
      vertex -0.599999 -7.11988 21
      vertex 0 -3.83406 21
      vertex -0.0205729 -3.83325 21
    endloop
  endfacet
  facet normal 0 0 1
    outer loop
      vertex -0.599999 -7.11988 21
      vertex -0.0205729 -3.83325 21
      vertex -0.300817 -3.82224 21
    endloop
  endfacet
  facet normal 0 0 1
    outer loop
      vertex -0.599999 -7.11988 21
      vertex -0.300817 -3.82224 21
      vertex -0.321263 -3.81982 21
    endloop
  endfacet
  facet normal 0 0 1
    outer loop
      vertex -0.599999 -7.11988 21
      vertex -0.321263 -3.81982 21
      vertex -0.599778 -3.78685 21
    endloop
  endfacet
  facet normal 0 0 1
    outer loop
      vertex 0.599999 -7.11988 21
      vertex -0.599999 -7.11988 21
      vertex 0.599999 -7.44656 21
    endloop
  endfacet
  facet normal 0 0 1
    outer loop
      vertex 0.599999 -7.44656 21
      vertex -0.599999 -7.11988 21
      vertex -0.599999 -7.44656 21
    endloop
  endfacet
  facet normal 0 0 1
    outer loop
      vertex -5.86354 -4.07814 21
      vertex -6.46264 -3.03838 21
      vertex -6.14891 -4.24289 21
    endloop
  endfacet
  facet normal 0 0 1
    outer loop
      vertex -6.14891 -4.24289 21
      vertex -6.46264 -3.03838 21
      vertex -6.74891 -3.20366 21
    endloop
  endfacet
  facet normal 0 0 -1
    outer loop
      vertex 3.83325 -0.0205729 0
      vertex 17.5 0 0
      vertex 17.4461 -1.37303 0
    endloop
  endfacet
  facet normal 0 0 -1
    outer loop
      vertex 3.81982 -0.321263 0
      vertex 17.4461 -1.37303 0
      vertex 17.2845 -2.7376 0
    endloop
  endfacet
  facet normal -0 0 -1
    outer loop
      vertex 17.5 0 0
      vertex 3.83325 -0.0205729 0
      vertex 3.83406 0 0
    endloop
  endfacet
  facet normal 0 0 -1
    outer loop
      vertex 3.78685 -0.599778 0
      vertex 17.2845 -2.7376 0
      vertex 17.0165 -4.08529 0
    endloop
  endfacet
  facet normal 0 0 -1
    outer loop
      vertex 3.83325 0.0205729 0
      vertex 17.5 0 0
      vertex 3.83406 0 0
    endloop
  endfacet
  facet normal 0 0 -1
    outer loop
      vertex 3.72812 -0.895042 0
      vertex 17.0165 -4.08529 0
      vertex 16.6435 -5.4078 0
    endloop
  endfacet
  facet normal 0 0 -1
    outer loop
      vertex 17.5 0 0
      vertex 3.83325 0.0205729 0
      vertex 17.4461 1.37303 0
    endloop
  endfacet
  facet normal 0 0 -1
    outer loop
      vertex 3.63928 -1.20411 0
      vertex 16.6435 -5.4078 0
      vertex 16.1679 -6.69696 0
    endloop
  endfacet
  facet normal 0 0 -1
    outer loop
      vertex 3.82224 0.300817 0
      vertex 17.4461 1.37303 0
      vertex 3.83325 0.0205729 0
    endloop
  endfacet
  facet normal 0 0 -1
    outer loop
      vertex 3.53359 -1.48593 0
      vertex 16.1679 -6.69696 0
      vertex 15.5926 -7.94483 0
    endloop
  endfacet
  facet normal 0 0 -1
    outer loop
      vertex 3.81982 0.321263 0
      vertex 17.4461 1.37303 0
      vertex 3.82224 0.300817 0
    endloop
  endfacet
  facet normal 0 0 -1
    outer loop
      vertex 3.40611 -1.75859 0
      vertex 15.5926 -7.94483 0
      vertex 14.9212 -9.14372 0
    endloop
  endfacet
  facet normal -0 0 -1
    outer loop
      vertex 17.4461 1.37303 0
      vertex 3.81982 0.321263 0
      vertex 17.2845 2.7376 0
    endloop
  endfacet
  facet normal 0 0 -1
    outer loop
      vertex 3.26907 -2.00329 0
      vertex 14.9212 -9.14372 0
      vertex 14.1578 -10.2862 0
    endloop
  endfacet
  facet normal 0 0 -1
    outer loop
      vertex 3.78685 0.599778 0
      vertex 17.2845 2.7376 0
      vertex 3.81982 0.321263 0
    endloop
  endfacet
  facet normal 0 0 -1
    outer loop
      vertex 3.08907 -2.26977 0
      vertex 14.1578 -10.2862 0
      vertex 13.3071 -11.3653 0
    endloop
  endfacet
  facet normal -0 0 -1
    outer loop
      vertex 17.2845 2.7376 0
      vertex 3.78685 0.599778 0
      vertex 17.0165 4.08529 0
    endloop
  endfacet
  facet normal 0 0 -1
    outer loop
      vertex 2.90147 -2.50514 0
      vertex 13.3071 -11.3653 0
      vertex 12.3744 -12.3744 0
    endloop
  endfacet
  facet normal 0 0 -1
    outer loop
      vertex 3.73214 0.874849 0
      vertex 17.0165 4.08529 0
      vertex 3.78685 0.599778 0
    endloop
  endfacet
  facet normal 0 0 -1
    outer loop
      vertex 2.71109 -2.71109 0
      vertex 12.3744 -12.3744 0
      vertex 11.3653 -13.3071 0
    endloop
  endfacet
  facet normal -0 0 -1
    outer loop
      vertex 17.0165 4.08529 0
      vertex 3.72812 0.895042 0
      vertex 16.6435 5.4078 0
    endloop
  endfacet
  facet normal 0 0 -1
    outer loop
      vertex 2.49002 -2.91544 0
      vertex 11.3653 -13.3071 0
      vertex 10.2862 -14.1578 0
    endloop
  endfacet
  facet normal 0 0 -1
    outer loop
      vertex 3.652 1.16497 0
      vertex 16.6435 5.4078 0
      vertex 3.72812 0.895042 0
    endloop
  endfacet
  facet normal 0 0 -1
    outer loop
      vertex 2.23648 -3.11326 0
      vertex 10.2862 -14.1578 0
      vertex 9.14372 -14.9212 0
    endloop
  endfacet
  facet normal 0 0 -1
    outer loop
      vertex 3.64641 1.18479 0
      vertex 16.6435 5.4078 0
      vertex 3.652 1.16497 0
    endloop
  endfacet
  facet normal 0 0 -1
    outer loop
      vertex 2.00329 -3.26907 0
      vertex 9.14372 -14.9212 0
      vertex 7.94483 -15.5926 0
    endloop
  endfacet
  facet normal 0 0 -1
    outer loop
      vertex 3.63928 1.20411 0
      vertex 16.6435 5.4078 0
      vertex 3.64641 1.18479 0
    endloop
  endfacet
  facet normal 0 0 -1
    outer loop
      vertex 1.74063 -3.41617 0
      vertex 7.94483 -15.5926 0
      vertex 6.69696 -16.1679 0
    endloop
  endfacet
  facet normal -0 0 -1
    outer loop
      vertex 16.6435 5.4078 0
      vertex 3.63928 1.20411 0
      vertex 16.1679 6.69696 0
    endloop
  endfacet
  facet normal 0 0 -1
    outer loop
      vertex 1.46723 -3.54221 0
      vertex 6.69696 -16.1679 0
      vertex 5.4078 -16.6435 0
    endloop
  endfacet
  facet normal 0 0 -1
    outer loop
      vertex 3.54221 1.46723 0
      vertex 16.1679 6.69696 0
      vertex 3.63928 1.20411 0
    endloop
  endfacet
  facet normal 0 0 -1
    outer loop
      vertex 1.16497 -3.652 0
      vertex 5.4078 -16.6435 0
      vertex 4.08529 -17.0165 0
    endloop
  endfacet
  facet normal 0 0 -1
    outer loop
      vertex 3.53359 1.48593 0
      vertex 16.1679 6.69696 0
      vertex 3.54221 1.46723 0
    endloop
  endfacet
  facet normal -0 0 -1
    outer loop
      vertex 16.1679 6.69696 0
      vertex 3.53359 1.48593 0
      vertex 15.5926 7.94483 0
    endloop
  endfacet
  facet normal 0 0 -1
    outer loop
      vertex 3.72812 0.895042 0
      vertex 17.0165 4.08529 0
      vertex 3.73214 0.874849 0
    endloop
  endfacet
  facet normal 0 0 -1
    outer loop
      vertex 17.4461 -1.37303 0
      vertex 3.82224 -0.300817 0
      vertex 3.83325 -0.0205729 0
    endloop
  endfacet
  facet normal 0 0 -1
    outer loop
      vertex 17.4461 -1.37303 0
      vertex 3.81982 -0.321263 0
      vertex 3.82224 -0.300817 0
    endloop
  endfacet
  facet normal 0 0 -1
    outer loop
      vertex 17.2845 -2.7376 0
      vertex 3.78685 -0.599778 0
      vertex 3.81982 -0.321263 0
    endloop
  endfacet
  facet normal 0 0 -1
    outer loop
      vertex 17.0165 -4.08529 0
      vertex 3.73214 -0.874849 0
      vertex 3.78685 -0.599778 0
    endloop
  endfacet
  facet normal 0 0 -1
    outer loop
      vertex 17.0165 -4.08529 0
      vertex 3.72812 -0.895042 0
      vertex 3.73214 -0.874849 0
    endloop
  endfacet
  facet normal 0 0 -1
    outer loop
      vertex 16.6435 -5.4078 0
      vertex 3.652 -1.16497 0
      vertex 3.72812 -0.895042 0
    endloop
  endfacet
  facet normal 0 0 -1
    outer loop
      vertex 16.6435 -5.4078 0
      vertex 3.64641 -1.18479 0
      vertex 3.652 -1.16497 0
    endloop
  endfacet
  facet normal 0 0 -1
    outer loop
      vertex 16.6435 -5.4078 0
      vertex 3.63928 -1.20411 0
      vertex 3.64641 -1.18479 0
    endloop
  endfacet
  facet normal 0 0 -1
    outer loop
      vertex 16.1679 -6.69696 0
      vertex 3.54221 -1.46723 0
      vertex 3.63928 -1.20411 0
    endloop
  endfacet
  facet normal 0 0 -1
    outer loop
      vertex 16.1679 -6.69696 0
      vertex 3.53359 -1.48593 0
      vertex 3.54221 -1.46723 0
    endloop
  endfacet
  facet normal 0 0 -1
    outer loop
      vertex 15.5926 -7.94483 0
      vertex 3.41617 -1.74063 0
      vertex 3.53359 -1.48593 0
    endloop
  endfacet
  facet normal 0 0 -1
    outer loop
      vertex 15.5926 -7.94483 0
      vertex 3.40611 -1.75859 0
      vertex 3.41617 -1.74063 0
    endloop
  endfacet
  facet normal 0 0 -1
    outer loop
      vertex 14.9212 -9.14372 0
      vertex 3.26907 -2.00329 0
      vertex 3.40611 -1.75859 0
    endloop
  endfacet
  facet normal 0 0 -1
    outer loop
      vertex 14.1578 -10.2862 0
      vertex 3.11326 -2.23648 0
      vertex 3.26907 -2.00329 0
    endloop
  endfacet
  facet normal 0 0 -1
    outer loop
      vertex 14.1578 -10.2862 0
      vertex 3.10182 -2.2536 0
      vertex 3.11326 -2.23648 0
    endloop
  endfacet
  facet normal 0 0 -1
    outer loop
      vertex 14.1578 -10.2862 0
      vertex 3.08907 -2.26977 0
      vertex 3.10182 -2.2536 0
    endloop
  endfacet
  facet normal 0 0 -1
    outer loop
      vertex 13.3071 -11.3653 0
      vertex 2.91544 -2.49002 0
      vertex 3.08907 -2.26977 0
    endloop
  endfacet
  facet normal 0 0 -1
    outer loop
      vertex 13.3071 -11.3653 0
      vertex 2.90147 -2.50514 0
      vertex 2.91544 -2.49002 0
    endloop
  endfacet
  facet normal 0 0 -1
    outer loop
      vertex 0.874849 -3.73214 0
      vertex 4.08529 -17.0165 0
      vertex 2.7376 -17.2845 0
    endloop
  endfacet
  facet normal 0 0 -1
    outer loop
      vertex 12.3744 -12.3744 0
      vertex 2.71109 -2.71109 0
      vertex 2.90147 -2.50514 0
    endloop
  endfacet
  facet normal 0 0 -1
    outer loop
      vertex 11.3653 -13.3071 0
      vertex 2.50514 -2.90147 0
      vertex 2.71109 -2.71109 0
    endloop
  endfacet
  facet normal 0 0 -1
    outer loop
      vertex 11.3653 -13.3071 0
      vertex 2.49002 -2.91544 0
      vertex 2.50514 -2.90147 0
    endloop
  endfacet
  facet normal 0 0 -1
    outer loop
      vertex 10.2862 -14.1578 0
      vertex 2.26977 -3.08907 0
      vertex 2.49002 -2.91544 0
    endloop
  endfacet
  facet normal 0 0 -1
    outer loop
      vertex 10.2862 -14.1578 0
      vertex 2.2536 -3.10182 0
      vertex 2.26977 -3.08907 0
    endloop
  endfacet
  facet normal 0 0 -1
    outer loop
      vertex 10.2862 -14.1578 0
      vertex 2.23648 -3.11326 0
      vertex 2.2536 -3.10182 0
    endloop
  endfacet
  facet normal 0 0 -1
    outer loop
      vertex 9.14372 -14.9212 0
      vertex 2.00329 -3.26907 0
      vertex 2.23648 -3.11326 0
    endloop
  endfacet
  facet normal 0 0 -1
    outer loop
      vertex 7.94483 -15.5926 0
      vertex 1.75859 -3.40611 0
      vertex 2.00329 -3.26907 0
    endloop
  endfacet
  facet normal 0 0 -1
    outer loop
      vertex 7.94483 -15.5926 0
      vertex 1.74063 -3.41617 0
      vertex 1.75859 -3.40611 0
    endloop
  endfacet
  facet normal 0 0 -1
    outer loop
      vertex 6.69696 -16.1679 0
      vertex 1.48593 -3.53359 0
      vertex 1.74063 -3.41617 0
    endloop
  endfacet
  facet normal 0 0 -1
    outer loop
      vertex 6.69696 -16.1679 0
      vertex 1.46723 -3.54221 0
      vertex 1.48593 -3.53359 0
    endloop
  endfacet
  facet normal 0 0 -1
    outer loop
      vertex 0.599778 -3.78685 0
      vertex 2.7376 -17.2845 0
      vertex 1.37303 -17.4461 0
    endloop
  endfacet
  facet normal 0 0 -1
    outer loop
      vertex 5.4078 -16.6435 0
      vertex 1.20411 -3.63928 0
      vertex 1.46723 -3.54221 0
    endloop
  endfacet
  facet normal 0 0 -1
    outer loop
      vertex 5.4078 -16.6435 0
      vertex 1.18479 -3.64641 0
      vertex 1.20411 -3.63928 0
    endloop
  endfacet
  facet normal 0 0 -1
    outer loop
      vertex 5.4078 -16.6435 0
      vertex 1.16497 -3.652 0
      vertex 1.18479 -3.64641 0
    endloop
  endfacet
  facet normal 0 0 -1
    outer loop
      vertex 4.08529 -17.0165 0
      vertex 0.895042 -3.72812 0
      vertex 1.16497 -3.652 0
    endloop
  endfacet
  facet normal 0 0 -1
    outer loop
      vertex 4.08529 -17.0165 0
      vertex 0.874849 -3.73214 0
      vertex 0.895042 -3.72812 0
    endloop
  endfacet
  facet normal 0 0 -1
    outer loop
      vertex 2.7376 -17.2845 0
      vertex 0.599778 -3.78685 0
      vertex 0.874849 -3.73214 0
    endloop
  endfacet
  facet normal 0 0 -1
    outer loop
      vertex 1.37303 -17.4461 0
      vertex 0.321263 -3.81982 0
      vertex 0.599778 -3.78685 0
    endloop
  endfacet
  facet normal 0 0 -1
    outer loop
      vertex 1.37303 -17.4461 0
      vertex 0.300817 -3.82224 0
      vertex 0.321263 -3.81982 0
    endloop
  endfacet
  facet normal 0 0 -1
    outer loop
      vertex 1.37303 -17.4461 0
      vertex 0.0205729 -3.83325 0
      vertex 0.300817 -3.82224 0
    endloop
  endfacet
  facet normal 0 0 -1
    outer loop
      vertex 0 -17.5 0
      vertex 0.0205729 -3.83325 0
      vertex 1.37303 -17.4461 0
    endloop
  endfacet
  facet normal 0 0 -1
    outer loop
      vertex 0 -17.5 0
      vertex 0 -3.83406 0
      vertex 0.0205729 -3.83325 0
    endloop
  endfacet
  facet normal 0 0 -1
    outer loop
      vertex 0 -17.5 0
      vertex -0.0205729 -3.83325 0
      vertex 0 -3.83406 0
    endloop
  endfacet
  facet normal 0 0 -1
    outer loop
      vertex 0 -17.5 0
      vertex -0.300817 -3.82224 0
      vertex -0.0205729 -3.83325 0
    endloop
  endfacet
  facet normal 0 0 -1
    outer loop
      vertex -1.37303 -17.4461 0
      vertex -0.300817 -3.82224 0
      vertex 0 -17.5 0
    endloop
  endfacet
  facet normal -0 0 -1
    outer loop
      vertex -0.300817 -3.82224 0
      vertex -1.37303 -17.4461 0
      vertex -0.321263 -3.81982 0
    endloop
  endfacet
  facet normal -0 0 -1
    outer loop
      vertex -0.321263 -3.81982 0
      vertex -1.37303 -17.4461 0
      vertex -0.599778 -3.78685 0
    endloop
  endfacet
  facet normal 0 0 -1
    outer loop
      vertex -2.7376 -17.2845 0
      vertex -0.599778 -3.78685 0
      vertex -1.37303 -17.4461 0
    endloop
  endfacet
  facet normal -0 0 -1
    outer loop
      vertex -0.599778 -3.78685 0
      vertex -2.7376 -17.2845 0
      vertex -0.874849 -3.73214 0
    endloop
  endfacet
  facet normal 0 0 -1
    outer loop
      vertex -4.08529 -17.0165 0
      vertex -0.874849 -3.73214 0
      vertex -2.7376 -17.2845 0
    endloop
  endfacet
  facet normal -0 0 -1
    outer loop
      vertex -0.874849 -3.73214 0
      vertex -4.08529 -17.0165 0
      vertex -0.895042 -3.72812 0
    endloop
  endfacet
  facet normal -0 0 -1
    outer loop
      vertex -0.895042 -3.72812 0
      vertex -4.08529 -17.0165 0
      vertex -1.16497 -3.652 0
    endloop
  endfacet
  facet normal 0 0 -1
    outer loop
      vertex -5.4078 -16.6435 0
      vertex -1.16497 -3.652 0
      vertex -4.08529 -17.0165 0
    endloop
  endfacet
  facet normal -0 0 -1
    outer loop
      vertex -1.16497 -3.652 0
      vertex -5.4078 -16.6435 0
      vertex -1.18479 -3.64641 0
    endloop
  endfacet
  facet normal -0 0 -1
    outer loop
      vertex -1.18479 -3.64641 0
      vertex -5.4078 -16.6435 0
      vertex -1.20411 -3.63928 0
    endloop
  endfacet
  facet normal -0 0 -1
    outer loop
      vertex -1.20411 -3.63928 0
      vertex -5.4078 -16.6435 0
      vertex -1.46723 -3.54221 0
    endloop
  endfacet
  facet normal 0 0 -1
    outer loop
      vertex -6.69696 -16.1679 0
      vertex -1.46723 -3.54221 0
      vertex -5.4078 -16.6435 0
    endloop
  endfacet
  facet normal -0 0 -1
    outer loop
      vertex -1.46723 -3.54221 0
      vertex -6.69696 -16.1679 0
      vertex -1.48593 -3.53359 0
    endloop
  endfacet
  facet normal -0 0 -1
    outer loop
      vertex -1.48593 -3.53359 0
      vertex -6.69696 -16.1679 0
      vertex -1.74063 -3.41617 0
    endloop
  endfacet
  facet normal 0 0 -1
    outer loop
      vertex -7.94483 -15.5926 0
      vertex -1.74063 -3.41617 0
      vertex -6.69696 -16.1679 0
    endloop
  endfacet
  facet normal -0 0 -1
    outer loop
      vertex -1.74063 -3.41617 0
      vertex -7.94483 -15.5926 0
      vertex -1.75859 -3.40611 0
    endloop
  endfacet
  facet normal -0 0 -1
    outer loop
      vertex -1.75859 -3.40611 0
      vertex -7.94483 -15.5926 0
      vertex -2.00329 -3.26907 0
    endloop
  endfacet
  facet normal 0 0 -1
    outer loop
      vertex -9.14372 -14.9212 0
      vertex -2.00329 -3.26907 0
      vertex -7.94483 -15.5926 0
    endloop
  endfacet
  facet normal -0 0 -1
    outer loop
      vertex -2.00329 -3.26907 0
      vertex -9.14372 -14.9212 0
      vertex -2.23648 -3.11326 0
    endloop
  endfacet
  facet normal 0 0 -1
    outer loop
      vertex -10.2862 -14.1578 0
      vertex -2.23648 -3.11326 0
      vertex -9.14372 -14.9212 0
    endloop
  endfacet
  facet normal -0 0 -1
    outer loop
      vertex -2.23648 -3.11326 0
      vertex -10.2862 -14.1578 0
      vertex -2.2536 -3.10182 0
    endloop
  endfacet
  facet normal -0 0 -1
    outer loop
      vertex -2.2536 -3.10182 0
      vertex -10.2862 -14.1578 0
      vertex -2.26977 -3.08907 0
    endloop
  endfacet
  facet normal -0 0 -1
    outer loop
      vertex -2.26977 -3.08907 0
      vertex -10.2862 -14.1578 0
      vertex -2.49002 -2.91544 0
    endloop
  endfacet
  facet normal 0 0 -1
    outer loop
      vertex -11.3653 -13.3071 0
      vertex -2.49002 -2.91544 0
      vertex -10.2862 -14.1578 0
    endloop
  endfacet
  facet normal -0 0 -1
    outer loop
      vertex -2.49002 -2.91544 0
      vertex -11.3653 -13.3071 0
      vertex -2.50514 -2.90147 0
    endloop
  endfacet
  facet normal -0 0 -1
    outer loop
      vertex -2.50514 -2.90147 0
      vertex -11.3653 -13.3071 0
      vertex -2.71109 -2.71109 0
    endloop
  endfacet
  facet normal 0 0 -1
    outer loop
      vertex -12.3744 -12.3744 0
      vertex -2.71109 -2.71109 0
      vertex -11.3653 -13.3071 0
    endloop
  endfacet
  facet normal -0 0 -1
    outer loop
      vertex -2.71109 -2.71109 0
      vertex -12.3744 -12.3744 0
      vertex -2.90147 -2.50514 0
    endloop
  endfacet
  facet normal 0 0 -1
    outer loop
      vertex -13.3071 -11.3653 0
      vertex -2.90147 -2.50514 0
      vertex -12.3744 -12.3744 0
    endloop
  endfacet
  facet normal -0 0 -1
    outer loop
      vertex -2.90147 -2.50514 0
      vertex -13.3071 -11.3653 0
      vertex -2.91544 -2.49002 0
    endloop
  endfacet
  facet normal -0 0 -1
    outer loop
      vertex -2.91544 -2.49002 0
      vertex -13.3071 -11.3653 0
      vertex -3.08907 -2.26977 0
    endloop
  endfacet
  facet normal 0 0 -1
    outer loop
      vertex -14.1578 -10.2862 0
      vertex -3.08907 -2.26977 0
      vertex -13.3071 -11.3653 0
    endloop
  endfacet
  facet normal -0 0 -1
    outer loop
      vertex -3.08907 -2.26977 0
      vertex -14.1578 -10.2862 0
      vertex -3.10182 -2.2536 0
    endloop
  endfacet
  facet normal -0 0 -1
    outer loop
      vertex -3.10182 -2.2536 0
      vertex -14.1578 -10.2862 0
      vertex -3.11326 -2.23648 0
    endloop
  endfacet
  facet normal -0 0 -1
    outer loop
      vertex -3.11326 -2.23648 0
      vertex -14.1578 -10.2862 0
      vertex -3.26907 -2.00329 0
    endloop
  endfacet
  facet normal 0 0 -1
    outer loop
      vertex -14.9212 -9.14372 0
      vertex -3.26907 -2.00329 0
      vertex -14.1578 -10.2862 0
    endloop
  endfacet
  facet normal -0 0 -1
    outer loop
      vertex -3.26907 -2.00329 0
      vertex -14.9212 -9.14372 0
      vertex -3.40611 -1.75859 0
    endloop
  endfacet
  facet normal -0 0 -1
    outer loop
      vertex -3.41617 -1.74063 0
      vertex -15.5926 -7.94483 0
      vertex -3.53359 -1.48593 0
    endloop
  endfacet
  facet normal -0 0 -1
    outer loop
      vertex -3.40611 -1.75859 0
      vertex -15.5926 -7.94483 0
      vertex -3.41617 -1.74063 0
    endloop
  endfacet
  facet normal 0 0 -1
    outer loop
      vertex -15.5926 -7.94483 0
      vertex -3.40611 -1.75859 0
      vertex -14.9212 -9.14372 0
    endloop
  endfacet
  facet normal 0 0 -1
    outer loop
      vertex 3.41617 1.74063 0
      vertex 15.5926 7.94483 0
      vertex 3.53359 1.48593 0
    endloop
  endfacet
  facet normal 0 0 -1
    outer loop
      vertex 3.40611 1.75859 0
      vertex 15.5926 7.94483 0
      vertex 3.41617 1.74063 0
    endloop
  endfacet
  facet normal -0 0 -1
    outer loop
      vertex 15.5926 7.94483 0
      vertex 3.40611 1.75859 0
      vertex 14.9212 9.14372 0
    endloop
  endfacet
  facet normal 0 0 -1
    outer loop
      vertex 3.26907 2.00329 0
      vertex 14.9212 9.14372 0
      vertex 3.40611 1.75859 0
    endloop
  endfacet
  facet normal -0 0 -1
    outer loop
      vertex 14.9212 9.14372 0
      vertex 3.26907 2.00329 0
      vertex 14.1578 10.2862 0
    endloop
  endfacet
  facet normal 0 0 -1
    outer loop
      vertex 3.11326 2.23648 0
      vertex 14.1578 10.2862 0
      vertex 3.26907 2.00329 0
    endloop
  endfacet
  facet normal 0 0 -1
    outer loop
      vertex 3.10182 2.2536 0
      vertex 14.1578 10.2862 0
      vertex 3.11326 2.23648 0
    endloop
  endfacet
  facet normal 0 0 -1
    outer loop
      vertex 3.08907 2.26977 0
      vertex 14.1578 10.2862 0
      vertex 3.10182 2.2536 0
    endloop
  endfacet
  facet normal -0 0 -1
    outer loop
      vertex 14.1578 10.2862 0
      vertex 3.08907 2.26977 0
      vertex 13.3071 11.3653 0
    endloop
  endfacet
  facet normal 0 0 -1
    outer loop
      vertex 2.91544 2.49002 0
      vertex 13.3071 11.3653 0
      vertex 3.08907 2.26977 0
    endloop
  endfacet
  facet normal 0 0 -1
    outer loop
      vertex 2.90147 2.50514 0
      vertex 13.3071 11.3653 0
      vertex 2.91544 2.49002 0
    endloop
  endfacet
  facet normal -0 0 -1
    outer loop
      vertex 13.3071 11.3653 0
      vertex 2.90147 2.50514 0
      vertex 12.3744 12.3744 0
    endloop
  endfacet
  facet normal 0 0 -1
    outer loop
      vertex 2.71109 2.71109 0
      vertex 12.3744 12.3744 0
      vertex 2.90147 2.50514 0
    endloop
  endfacet
  facet normal -0 0 -1
    outer loop
      vertex 12.3744 12.3744 0
      vertex 2.71109 2.71109 0
      vertex 11.3653 13.3071 0
    endloop
  endfacet
  facet normal 0 0 -1
    outer loop
      vertex 2.50514 2.90147 0
      vertex 11.3653 13.3071 0
      vertex 2.71109 2.71109 0
    endloop
  endfacet
  facet normal 0 0 -1
    outer loop
      vertex 2.49002 2.91544 0
      vertex 11.3653 13.3071 0
      vertex 2.50514 2.90147 0
    endloop
  endfacet
  facet normal -0 0 -1
    outer loop
      vertex 11.3653 13.3071 0
      vertex 2.49002 2.91544 0
      vertex 10.2862 14.1578 0
    endloop
  endfacet
  facet normal 0 0 -1
    outer loop
      vertex 2.26977 3.08907 0
      vertex 10.2862 14.1578 0
      vertex 2.49002 2.91544 0
    endloop
  endfacet
  facet normal 0 0 -1
    outer loop
      vertex 2.2536 3.10182 0
      vertex 10.2862 14.1578 0
      vertex 2.26977 3.08907 0
    endloop
  endfacet
  facet normal 0 0 -1
    outer loop
      vertex 2.23648 3.11326 0
      vertex 10.2862 14.1578 0
      vertex 2.2536 3.10182 0
    endloop
  endfacet
  facet normal -0 0 -1
    outer loop
      vertex 10.2862 14.1578 0
      vertex 2.23648 3.11326 0
      vertex 9.14372 14.9212 0
    endloop
  endfacet
  facet normal 0 0 -1
    outer loop
      vertex 2.00329 3.26907 0
      vertex 9.14372 14.9212 0
      vertex 2.23648 3.11326 0
    endloop
  endfacet
  facet normal -0 0 -1
    outer loop
      vertex 9.14372 14.9212 0
      vertex 2.00329 3.26907 0
      vertex 7.94483 15.5926 0
    endloop
  endfacet
  facet normal 0 0 -1
    outer loop
      vertex 1.75859 3.40611 0
      vertex 7.94483 15.5926 0
      vertex 2.00329 3.26907 0
    endloop
  endfacet
  facet normal 0 0 -1
    outer loop
      vertex 1.74063 3.41617 0
      vertex 7.94483 15.5926 0
      vertex 1.75859 3.40611 0
    endloop
  endfacet
  facet normal -0 0 -1
    outer loop
      vertex 7.94483 15.5926 0
      vertex 1.74063 3.41617 0
      vertex 6.69696 16.1679 0
    endloop
  endfacet
  facet normal 0 0 -1
    outer loop
      vertex 1.48593 3.53359 0
      vertex 6.69696 16.1679 0
      vertex 1.74063 3.41617 0
    endloop
  endfacet
  facet normal 0 0 -1
    outer loop
      vertex 1.46723 3.54221 0
      vertex 6.69696 16.1679 0
      vertex 1.48593 3.53359 0
    endloop
  endfacet
  facet normal -0 0 -1
    outer loop
      vertex 6.69696 16.1679 0
      vertex 1.46723 3.54221 0
      vertex 5.4078 16.6435 0
    endloop
  endfacet
  facet normal 0 0 -1
    outer loop
      vertex 1.20411 3.63928 0
      vertex 5.4078 16.6435 0
      vertex 1.46723 3.54221 0
    endloop
  endfacet
  facet normal 0 0 -1
    outer loop
      vertex 1.18479 3.64641 0
      vertex 5.4078 16.6435 0
      vertex 1.20411 3.63928 0
    endloop
  endfacet
  facet normal 0 0 -1
    outer loop
      vertex 1.16497 3.652 0
      vertex 5.4078 16.6435 0
      vertex 1.18479 3.64641 0
    endloop
  endfacet
  facet normal -0 0 -1
    outer loop
      vertex 5.4078 16.6435 0
      vertex 1.16497 3.652 0
      vertex 4.08529 17.0165 0
    endloop
  endfacet
  facet normal 0 0 -1
    outer loop
      vertex 0.895042 3.72812 0
      vertex 4.08529 17.0165 0
      vertex 1.16497 3.652 0
    endloop
  endfacet
  facet normal 0 0 -1
    outer loop
      vertex 0.874849 3.73214 0
      vertex 4.08529 17.0165 0
      vertex 0.895042 3.72812 0
    endloop
  endfacet
  facet normal -0 0 -1
    outer loop
      vertex 4.08529 17.0165 0
      vertex 0.874849 3.73214 0
      vertex 2.7376 17.2845 0
    endloop
  endfacet
  facet normal 0 0 -1
    outer loop
      vertex 0.599778 3.78685 0
      vertex 2.7376 17.2845 0
      vertex 0.874849 3.73214 0
    endloop
  endfacet
  facet normal -0 0 -1
    outer loop
      vertex 2.7376 17.2845 0
      vertex 0.599778 3.78685 0
      vertex 1.37303 17.4461 0
    endloop
  endfacet
  facet normal 0 0 -1
    outer loop
      vertex 0.321263 3.81982 0
      vertex 1.37303 17.4461 0
      vertex 0.599778 3.78685 0
    endloop
  endfacet
  facet normal 0 0 -1
    outer loop
      vertex 0.300817 3.82224 0
      vertex 1.37303 17.4461 0
      vertex 0.321263 3.81982 0
    endloop
  endfacet
  facet normal 0 0 -1
    outer loop
      vertex 0.0205729 3.83325 0
      vertex 1.37303 17.4461 0
      vertex 0.300817 3.82224 0
    endloop
  endfacet
  facet normal 0 0 -1
    outer loop
      vertex 0 17.5 0
      vertex 0.0205729 3.83325 0
      vertex 0 3.83406 0
    endloop
  endfacet
  facet normal 0 0 -1
    outer loop
      vertex 0.0205729 3.83325 0
      vertex 0 17.5 0
      vertex 1.37303 17.4461 0
    endloop
  endfacet
  facet normal 0 0 -1
    outer loop
      vertex -0.0205729 3.83325 0
      vertex 0 17.5 0
      vertex 0 3.83406 0
    endloop
  endfacet
  facet normal 0 0 -1
    outer loop
      vertex -0.300817 3.82224 0
      vertex 0 17.5 0
      vertex -0.0205729 3.83325 0
    endloop
  endfacet
  facet normal 0 0 -1
    outer loop
      vertex -1.37303 17.4461 0
      vertex -0.300817 3.82224 0
      vertex -0.321263 3.81982 0
    endloop
  endfacet
  facet normal 0 0 -1
    outer loop
      vertex -1.37303 17.4461 0
      vertex -0.321263 3.81982 0
      vertex -0.599778 3.78685 0
    endloop
  endfacet
  facet normal 0 0 -1
    outer loop
      vertex -2.7376 17.2845 0
      vertex -0.599778 3.78685 0
      vertex -0.874849 3.73214 0
    endloop
  endfacet
  facet normal 0 0 -1
    outer loop
      vertex -4.08529 17.0165 0
      vertex -0.874849 3.73214 0
      vertex -0.895042 3.72812 0
    endloop
  endfacet
  facet normal 0 0 -1
    outer loop
      vertex -4.08529 17.0165 0
      vertex -0.895042 3.72812 0
      vertex -1.16497 3.652 0
    endloop
  endfacet
  facet normal 0 0 -1
    outer loop
      vertex -5.4078 16.6435 0
      vertex -1.16497 3.652 0
      vertex -1.18479 3.64641 0
    endloop
  endfacet
  facet normal 0 0 -1
    outer loop
      vertex -5.4078 16.6435 0
      vertex -1.18479 3.64641 0
      vertex -1.20411 3.63928 0
    endloop
  endfacet
  facet normal 0 0 -1
    outer loop
      vertex -0.300817 3.82224 0
      vertex -1.37303 17.4461 0
      vertex 0 17.5 0
    endloop
  endfacet
  facet normal 0 0 -1
    outer loop
      vertex -5.4078 16.6435 0
      vertex -1.20411 3.63928 0
      vertex -1.46723 3.54221 0
    endloop
  endfacet
  facet normal 0 0 -1
    outer loop
      vertex -6.69696 16.1679 0
      vertex -1.46723 3.54221 0
      vertex -1.48593 3.53359 0
    endloop
  endfacet
  facet normal 0 0 -1
    outer loop
      vertex -6.69696 16.1679 0
      vertex -1.48593 3.53359 0
      vertex -1.74063 3.41617 0
    endloop
  endfacet
  facet normal 0 0 -1
    outer loop
      vertex -7.94483 15.5926 0
      vertex -1.74063 3.41617 0
      vertex -1.75859 3.40611 0
    endloop
  endfacet
  facet normal 0 0 -1
    outer loop
      vertex -7.94483 15.5926 0
      vertex -1.75859 3.40611 0
      vertex -2.00329 3.26907 0
    endloop
  endfacet
  facet normal 0 0 -1
    outer loop
      vertex -9.14372 14.9212 0
      vertex -2.00329 3.26907 0
      vertex -2.23648 3.11326 0
    endloop
  endfacet
  facet normal 0 0 -1
    outer loop
      vertex -10.2862 14.1578 0
      vertex -2.23648 3.11326 0
      vertex -2.2536 3.10182 0
    endloop
  endfacet
  facet normal 0 0 -1
    outer loop
      vertex -10.2862 14.1578 0
      vertex -2.2536 3.10182 0
      vertex -2.26977 3.08907 0
    endloop
  endfacet
  facet normal 0 0 -1
    outer loop
      vertex -10.2862 14.1578 0
      vertex -2.26977 3.08907 0
      vertex -2.49002 2.91544 0
    endloop
  endfacet
  facet normal 0 0 -1
    outer loop
      vertex -11.3653 13.3071 0
      vertex -2.49002 2.91544 0
      vertex -2.50514 2.90147 0
    endloop
  endfacet
  facet normal 0 0 -1
    outer loop
      vertex -11.3653 13.3071 0
      vertex -2.50514 2.90147 0
      vertex -2.71109 2.71109 0
    endloop
  endfacet
  facet normal 0 0 -1
    outer loop
      vertex -0.599778 3.78685 0
      vertex -2.7376 17.2845 0
      vertex -1.37303 17.4461 0
    endloop
  endfacet
  facet normal 0 0 -1
    outer loop
      vertex -12.3744 12.3744 0
      vertex -2.71109 2.71109 0
      vertex -2.90147 2.50514 0
    endloop
  endfacet
  facet normal 0 0 -1
    outer loop
      vertex -13.3071 11.3653 0
      vertex -2.90147 2.50514 0
      vertex -2.91544 2.49002 0
    endloop
  endfacet
  facet normal 0 0 -1
    outer loop
      vertex -13.3071 11.3653 0
      vertex -2.91544 2.49002 0
      vertex -3.08907 2.26977 0
    endloop
  endfacet
  facet normal 0 0 -1
    outer loop
      vertex -14.1578 10.2862 0
      vertex -3.08907 2.26977 0
      vertex -3.10182 2.2536 0
    endloop
  endfacet
  facet normal 0 0 -1
    outer loop
      vertex -14.1578 10.2862 0
      vertex -3.10182 2.2536 0
      vertex -3.11326 2.23648 0
    endloop
  endfacet
  facet normal 0 0 -1
    outer loop
      vertex -14.1578 10.2862 0
      vertex -3.11326 2.23648 0
      vertex -3.26907 2.00329 0
    endloop
  endfacet
  facet normal 0 0 -1
    outer loop
      vertex -14.9212 9.14372 0
      vertex -3.26907 2.00329 0
      vertex -3.40611 1.75859 0
    endloop
  endfacet
  facet normal 0 0 -1
    outer loop
      vertex -15.5926 7.94483 0
      vertex -3.40611 1.75859 0
      vertex -3.41617 1.74063 0
    endloop
  endfacet
  facet normal 0 0 -1
    outer loop
      vertex -15.5926 7.94483 0
      vertex -3.41617 1.74063 0
      vertex -3.53359 1.48593 0
    endloop
  endfacet
  facet normal 0 0 -1
    outer loop
      vertex -16.1679 6.69696 0
      vertex -3.53359 1.48593 0
      vertex -3.54221 1.46723 0
    endloop
  endfacet
  facet normal 0 0 -1
    outer loop
      vertex -16.1679 6.69696 0
      vertex -3.54221 1.46723 0
      vertex -3.63928 1.20411 0
    endloop
  endfacet
  facet normal 0 0 -1
    outer loop
      vertex -16.6435 5.4078 0
      vertex -3.63928 1.20411 0
      vertex -3.64641 1.18479 0
    endloop
  endfacet
  facet normal 0 0 -1
    outer loop
      vertex -16.6435 5.4078 0
      vertex -3.64641 1.18479 0
      vertex -3.652 1.16497 0
    endloop
  endfacet
  facet normal 0 0 -1
    outer loop
      vertex -16.6435 5.4078 0
      vertex -3.652 1.16497 0
      vertex -3.72812 0.895042 0
    endloop
  endfacet
  facet normal 0 0 -1
    outer loop
      vertex -17.0165 4.08529 0
      vertex -3.72812 0.895042 0
      vertex -3.73214 0.874849 0
    endloop
  endfacet
  facet normal 0 0 -1
    outer loop
      vertex -17.0165 4.08529 0
      vertex -3.73214 0.874849 0
      vertex -3.78685 0.599778 0
    endloop
  endfacet
  facet normal 0 0 -1
    outer loop
      vertex -17.2845 2.7376 0
      vertex -3.78685 0.599778 0
      vertex -3.81982 0.321263 0
    endloop
  endfacet
  facet normal 0 0 -1
    outer loop
      vertex -17.4461 1.37303 0
      vertex -3.81982 0.321263 0
      vertex -3.82224 0.300817 0
    endloop
  endfacet
  facet normal 0 0 -1
    outer loop
      vertex -0.874849 3.73214 0
      vertex -4.08529 17.0165 0
      vertex -2.7376 17.2845 0
    endloop
  endfacet
  facet normal 0 0 -1
    outer loop
      vertex -17.4461 1.37303 0
      vertex -3.82224 0.300817 0
      vertex -3.83325 0.0205729 0
    endloop
  endfacet
  facet normal 0 0 -1
    outer loop
      vertex -17.5 0 0
      vertex -3.83325 0.0205729 0
      vertex -3.83406 0 0
    endloop
  endfacet
  facet normal 0 0 -1
    outer loop
      vertex -16.1679 -6.69696 0
      vertex -3.53359 -1.48593 0
      vertex -15.5926 -7.94483 0
    endloop
  endfacet
  facet normal -0 0 -1
    outer loop
      vertex -3.53359 -1.48593 0
      vertex -16.1679 -6.69696 0
      vertex -3.54221 -1.46723 0
    endloop
  endfacet
  facet normal 0 0 -1
    outer loop
      vertex -1.16497 3.652 0
      vertex -5.4078 16.6435 0
      vertex -4.08529 17.0165 0
    endloop
  endfacet
  facet normal -0 0 -1
    outer loop
      vertex -3.54221 -1.46723 0
      vertex -16.1679 -6.69696 0
      vertex -3.63928 -1.20411 0
    endloop
  endfacet
  facet normal 0 0 -1
    outer loop
      vertex -1.46723 3.54221 0
      vertex -6.69696 16.1679 0
      vertex -5.4078 16.6435 0
    endloop
  endfacet
  facet normal 0 0 -1
    outer loop
      vertex -16.6435 -5.4078 0
      vertex -3.63928 -1.20411 0
      vertex -16.1679 -6.69696 0
    endloop
  endfacet
  facet normal 0 0 -1
    outer loop
      vertex -1.74063 3.41617 0
      vertex -7.94483 15.5926 0
      vertex -6.69696 16.1679 0
    endloop
  endfacet
  facet normal -0 0 -1
    outer loop
      vertex -3.63928 -1.20411 0
      vertex -16.6435 -5.4078 0
      vertex -3.64641 -1.18479 0
    endloop
  endfacet
  facet normal 0 0 -1
    outer loop
      vertex -2.00329 3.26907 0
      vertex -9.14372 14.9212 0
      vertex -7.94483 15.5926 0
    endloop
  endfacet
  facet normal -0 0 -1
    outer loop
      vertex -3.64641 -1.18479 0
      vertex -16.6435 -5.4078 0
      vertex -3.652 -1.16497 0
    endloop
  endfacet
  facet normal 0 0 -1
    outer loop
      vertex -2.23648 3.11326 0
      vertex -10.2862 14.1578 0
      vertex -9.14372 14.9212 0
    endloop
  endfacet
  facet normal -0 0 -1
    outer loop
      vertex -3.652 -1.16497 0
      vertex -16.6435 -5.4078 0
      vertex -3.72812 -0.895042 0
    endloop
  endfacet
  facet normal 0 0 -1
    outer loop
      vertex -2.49002 2.91544 0
      vertex -11.3653 13.3071 0
      vertex -10.2862 14.1578 0
    endloop
  endfacet
  facet normal 0 0 -1
    outer loop
      vertex -17.0165 -4.08529 0
      vertex -3.72812 -0.895042 0
      vertex -16.6435 -5.4078 0
    endloop
  endfacet
  facet normal 0 0 -1
    outer loop
      vertex -2.71109 2.71109 0
      vertex -12.3744 12.3744 0
      vertex -11.3653 13.3071 0
    endloop
  endfacet
  facet normal -0 0 -1
    outer loop
      vertex -3.72812 -0.895042 0
      vertex -17.0165 -4.08529 0
      vertex -3.73214 -0.874849 0
    endloop
  endfacet
  facet normal 0 0 -1
    outer loop
      vertex -2.90147 2.50514 0
      vertex -13.3071 11.3653 0
      vertex -12.3744 12.3744 0
    endloop
  endfacet
  facet normal -0 0 -1
    outer loop
      vertex -3.73214 -0.874849 0
      vertex -17.0165 -4.08529 0
      vertex -3.78685 -0.599778 0
    endloop
  endfacet
  facet normal 0 0 -1
    outer loop
      vertex -3.08907 2.26977 0
      vertex -14.1578 10.2862 0
      vertex -13.3071 11.3653 0
    endloop
  endfacet
  facet normal 0 0 -1
    outer loop
      vertex -17.2845 -2.7376 0
      vertex -3.78685 -0.599778 0
      vertex -17.0165 -4.08529 0
    endloop
  endfacet
  facet normal 0 0 -1
    outer loop
      vertex -3.26907 2.00329 0
      vertex -14.9212 9.14372 0
      vertex -14.1578 10.2862 0
    endloop
  endfacet
  facet normal -0 0 -1
    outer loop
      vertex -3.78685 -0.599778 0
      vertex -17.2845 -2.7376 0
      vertex -3.81982 -0.321263 0
    endloop
  endfacet
  facet normal 0 0 -1
    outer loop
      vertex -3.40611 1.75859 0
      vertex -15.5926 7.94483 0
      vertex -14.9212 9.14372 0
    endloop
  endfacet
  facet normal 0 0 -1
    outer loop
      vertex -17.4461 -1.37303 0
      vertex -3.81982 -0.321263 0
      vertex -17.2845 -2.7376 0
    endloop
  endfacet
  facet normal 0 0 -1
    outer loop
      vertex -3.53359 1.48593 0
      vertex -16.1679 6.69696 0
      vertex -15.5926 7.94483 0
    endloop
  endfacet
  facet normal -0 0 -1
    outer loop
      vertex -3.81982 -0.321263 0
      vertex -17.4461 -1.37303 0
      vertex -3.82224 -0.300817 0
    endloop
  endfacet
  facet normal 0 0 -1
    outer loop
      vertex -3.63928 1.20411 0
      vertex -16.6435 5.4078 0
      vertex -16.1679 6.69696 0
    endloop
  endfacet
  facet normal -0 0 -1
    outer loop
      vertex -3.82224 -0.300817 0
      vertex -17.4461 -1.37303 0
      vertex -3.83325 -0.0205729 0
    endloop
  endfacet
  facet normal 0 0 -1
    outer loop
      vertex -3.72812 0.895042 0
      vertex -17.0165 4.08529 0
      vertex -16.6435 5.4078 0
    endloop
  endfacet
  facet normal 0 0 -1
    outer loop
      vertex -17.5 0 0
      vertex -3.83325 -0.0205729 0
      vertex -17.4461 -1.37303 0
    endloop
  endfacet
  facet normal 0 0 -1
    outer loop
      vertex -3.78685 0.599778 0
      vertex -17.2845 2.7376 0
      vertex -17.0165 4.08529 0
    endloop
  endfacet
  facet normal 0 0 -1
    outer loop
      vertex -3.83325 -0.0205729 0
      vertex -17.5 0 0
      vertex -3.83406 0 0
    endloop
  endfacet
  facet normal 0 0 -1
    outer loop
      vertex -3.81982 0.321263 0
      vertex -17.4461 1.37303 0
      vertex -17.2845 2.7376 0
    endloop
  endfacet
  facet normal -0 0 -1
    outer loop
      vertex -3.83325 0.0205729 0
      vertex -17.5 0 0
      vertex -17.4461 1.37303 0
    endloop
  endfacet
  facet normal 0 1 -0
    outer loop
      vertex 7.44656 0.599999 1.2
      vertex 7.11988 0.599999 21
      vertex 7.44656 0.599999 21
    endloop
  endfacet
  facet normal 0 1 0
    outer loop
      vertex 7.11988 0.599999 21
      vertex 7.44656 0.599999 1.2
      vertex 7.11988 0.599999 1.2
    endloop
  endfacet
  facet normal 0 -1 0
    outer loop
      vertex 7.11988 -0.599999 1.2
      vertex 7.44656 -0.599999 21
      vertex 7.11988 -0.599999 21
    endloop
  endfacet
  facet normal 0 -1 -0
    outer loop
      vertex 7.44656 -0.599999 21
      vertex 7.11988 -0.599999 1.2
      vertex 7.44656 -0.599999 1.2
    endloop
  endfacet
  facet normal -0.499981 0.866037 0
    outer loop
      vertex 6.14891 4.24289 1.2
      vertex 5.86354 4.07814 21
      vertex 6.14891 4.24289 21
    endloop
  endfacet
  facet normal -0.499981 0.866037 0
    outer loop
      vertex 5.86354 4.07814 21
      vertex 6.14891 4.24289 1.2
      vertex 5.86354 4.07814 1.2
    endloop
  endfacet
  facet normal 0.500004 -0.866023 0
    outer loop
      vertex 6.46264 3.03838 1.2
      vertex 6.74891 3.20366 21
      vertex 6.46264 3.03838 21
    endloop
  endfacet
  facet normal 0.500004 -0.866023 0
    outer loop
      vertex 6.74891 3.20366 21
      vertex 6.46264 3.03838 1.2
      vertex 6.74891 3.20366 1.2
    endloop
  endfacet
  facet normal 0.866025 0.5 0
    outer loop
      vertex 6.74891 3.20366 21
      vertex 6.14891 4.24289 1.2
      vertex 6.14891 4.24289 21
    endloop
  endfacet
  facet normal 0.866025 0.5 0
    outer loop
      vertex 6.14891 4.24289 1.2
      vertex 6.74891 3.20366 21
      vertex 6.74891 3.20366 1.2
    endloop
  endfacet
  facet normal -0.866023 0.500004 0
    outer loop
      vertex 3.03838 6.46264 1.2
      vertex 3.20366 6.74891 21
      vertex 3.20366 6.74891 1.2
    endloop
  endfacet
  facet normal -0.866023 0.500004 0
    outer loop
      vertex 3.20366 6.74891 21
      vertex 3.03838 6.46264 1.2
      vertex 3.03838 6.46264 21
    endloop
  endfacet
  facet normal 0.866037 -0.499981 0
    outer loop
      vertex 4.07814 5.86354 21
      vertex 4.24289 6.14891 1.2
      vertex 4.24289 6.14891 21
    endloop
  endfacet
  facet normal 0.866037 -0.499981 0
    outer loop
      vertex 4.24289 6.14891 1.2
      vertex 4.07814 5.86354 21
      vertex 4.07814 5.86354 1.2
    endloop
  endfacet
  facet normal 0.5 0.866025 -0
    outer loop
      vertex 4.24289 6.14891 1.2
      vertex 3.20366 6.74891 21
      vertex 4.24289 6.14891 21
    endloop
  endfacet
  facet normal 0.5 0.866025 0
    outer loop
      vertex 3.20366 6.74891 21
      vertex 4.24289 6.14891 1.2
      vertex 3.20366 6.74891 1.2
    endloop
  endfacet
  facet normal -1 0 0
    outer loop
      vertex -0.599999 7.11988 1.2
      vertex -0.599999 7.44656 21
      vertex -0.599999 7.44656 1.2
    endloop
  endfacet
  facet normal -1 -0 0
    outer loop
      vertex -0.599999 7.44656 21
      vertex -0.599999 7.11988 1.2
      vertex -0.599999 7.11988 21
    endloop
  endfacet
  facet normal 1 -0 0
    outer loop
      vertex 0.599999 7.11988 21
      vertex 0.599999 7.44656 1.2
      vertex 0.599999 7.44656 21
    endloop
  endfacet
  facet normal 1 0 0
    outer loop
      vertex 0.599999 7.44656 1.2
      vertex 0.599999 7.11988 21
      vertex 0.599999 7.11988 1.2
    endloop
  endfacet
  facet normal 0 1 -0
    outer loop
      vertex 0.599999 7.44656 1.2
      vertex -0.599999 7.44656 21
      vertex 0.599999 7.44656 21
    endloop
  endfacet
  facet normal 0 1 0
    outer loop
      vertex -0.599999 7.44656 21
      vertex 0.599999 7.44656 1.2
      vertex -0.599999 7.44656 1.2
    endloop
  endfacet
  facet normal -0.866037 -0.499981 0
    outer loop
      vertex -4.07814 5.86354 1.2
      vertex -4.24289 6.14891 21
      vertex -4.24289 6.14891 1.2
    endloop
  endfacet
  facet normal -0.866037 -0.499981 0
    outer loop
      vertex -4.24289 6.14891 21
      vertex -4.07814 5.86354 1.2
      vertex -4.07814 5.86354 21
    endloop
  endfacet
  facet normal 0.866023 0.500004 0
    outer loop
      vertex -3.03838 6.46264 21
      vertex -3.20366 6.74891 1.2
      vertex -3.20366 6.74891 21
    endloop
  endfacet
  facet normal 0.866023 0.500004 0
    outer loop
      vertex -3.20366 6.74891 1.2
      vertex -3.03838 6.46264 21
      vertex -3.03838 6.46264 1.2
    endloop
  endfacet
  facet normal -0.5 0.866025 0
    outer loop
      vertex -3.20366 6.74891 1.2
      vertex -4.24289 6.14891 21
      vertex -3.20366 6.74891 21
    endloop
  endfacet
  facet normal -0.5 0.866025 0
    outer loop
      vertex -4.24289 6.14891 21
      vertex -3.20366 6.74891 1.2
      vertex -4.24289 6.14891 1.2
    endloop
  endfacet
  facet normal -0.866025 0.5 0
    outer loop
      vertex -6.74891 3.20366 1.2
      vertex -6.14891 4.24289 21
      vertex -6.14891 4.24289 1.2
    endloop
  endfacet
  facet normal -0.866025 0.5 0
    outer loop
      vertex -6.14891 4.24289 21
      vertex -6.74891 3.20366 1.2
      vertex -6.74891 3.20366 21
    endloop
  endfacet
  facet normal -0.500004 -0.866023 0
    outer loop
      vertex -6.74891 3.20366 1.2
      vertex -6.46264 3.03838 21
      vertex -6.74891 3.20366 21
    endloop
  endfacet
  facet normal -0.500004 -0.866023 -0
    outer loop
      vertex -6.46264 3.03838 21
      vertex -6.74891 3.20366 1.2
      vertex -6.46264 3.03838 1.2
    endloop
  endfacet
  facet normal 0.499981 0.866037 -0
    outer loop
      vertex -5.86354 4.07814 1.2
      vertex -6.14891 4.24289 21
      vertex -5.86354 4.07814 21
    endloop
  endfacet
  facet normal 0.499981 0.866037 0
    outer loop
      vertex -6.14891 4.24289 21
      vertex -5.86354 4.07814 1.2
      vertex -6.14891 4.24289 1.2
    endloop
  endfacet
  facet normal 0 -1 0
    outer loop
      vertex -7.44656 -0.599999 1.2
      vertex -7.11988 -0.599999 21
      vertex -7.44656 -0.599999 21
    endloop
  endfacet
  facet normal 0 -1 -0
    outer loop
      vertex -7.11988 -0.599999 21
      vertex -7.44656 -0.599999 1.2
      vertex -7.11988 -0.599999 1.2
    endloop
  endfacet
  facet normal 0 1 -0
    outer loop
      vertex -7.11988 0.599999 1.2
      vertex -7.44656 0.599999 21
      vertex -7.11988 0.599999 21
    endloop
  endfacet
  facet normal 0 1 0
    outer loop
      vertex -7.44656 0.599999 21
      vertex -7.11988 0.599999 1.2
      vertex -7.44656 0.599999 1.2
    endloop
  endfacet
  facet normal -1 0 0
    outer loop
      vertex -7.44656 -0.599999 1.2
      vertex -7.44656 0.599999 21
      vertex -7.44656 0.599999 1.2
    endloop
  endfacet
  facet normal -1 -0 0
    outer loop
      vertex -7.44656 0.599999 21
      vertex -7.44656 -0.599999 1.2
      vertex -7.44656 -0.599999 21
    endloop
  endfacet
  facet normal -0.866025 -0.5 0
    outer loop
      vertex -6.14891 -4.24289 1.2
      vertex -6.74891 -3.20366 21
      vertex -6.74891 -3.20366 1.2
    endloop
  endfacet
  facet normal -0.866025 -0.5 0
    outer loop
      vertex -6.74891 -3.20366 21
      vertex -6.14891 -4.24289 1.2
      vertex -6.14891 -4.24289 21
    endloop
  endfacet
  facet normal 0.499981 -0.866037 0
    outer loop
      vertex -6.14891 -4.24289 1.2
      vertex -5.86354 -4.07814 21
      vertex -6.14891 -4.24289 21
    endloop
  endfacet
  facet normal 0.499981 -0.866037 0
    outer loop
      vertex -5.86354 -4.07814 21
      vertex -6.14891 -4.24289 1.2
      vertex -5.86354 -4.07814 1.2
    endloop
  endfacet
  facet normal -0.500004 0.866023 0
    outer loop
      vertex -6.46264 -3.03838 1.2
      vertex -6.74891 -3.20366 21
      vertex -6.46264 -3.03838 21
    endloop
  endfacet
  facet normal -0.500004 0.866023 0
    outer loop
      vertex -6.74891 -3.20366 21
      vertex -6.46264 -3.03838 1.2
      vertex -6.74891 -3.20366 1.2
    endloop
  endfacet
  facet normal -0.5 -0.866025 0
    outer loop
      vertex -4.24289 -6.14891 1.2
      vertex -3.20366 -6.74891 21
      vertex -4.24289 -6.14891 21
    endloop
  endfacet
  facet normal -0.5 -0.866025 -0
    outer loop
      vertex -3.20366 -6.74891 21
      vertex -4.24289 -6.14891 1.2
      vertex -3.20366 -6.74891 1.2
    endloop
  endfacet
  facet normal 0.866023 -0.500004 0
    outer loop
      vertex -3.20366 -6.74891 21
      vertex -3.03838 -6.46264 1.2
      vertex -3.03838 -6.46264 21
    endloop
  endfacet
  facet normal 0.866023 -0.500004 0
    outer loop
      vertex -3.03838 -6.46264 1.2
      vertex -3.20366 -6.74891 21
      vertex -3.20366 -6.74891 1.2
    endloop
  endfacet
  facet normal -0.866037 0.499981 0
    outer loop
      vertex -4.24289 -6.14891 1.2
      vertex -4.07814 -5.86354 21
      vertex -4.07814 -5.86354 1.2
    endloop
  endfacet
  facet normal -0.866037 0.499981 0
    outer loop
      vertex -4.07814 -5.86354 21
      vertex -4.24289 -6.14891 1.2
      vertex -4.24289 -6.14891 21
    endloop
  endfacet
  facet normal 0 -1 0
    outer loop
      vertex -0.599999 -7.44656 1.2
      vertex 0.599999 -7.44656 21
      vertex -0.599999 -7.44656 21
    endloop
  endfacet
  facet normal 0 -1 -0
    outer loop
      vertex 0.599999 -7.44656 21
      vertex -0.599999 -7.44656 1.2
      vertex 0.599999 -7.44656 1.2
    endloop
  endfacet
  facet normal 1 -0 0
    outer loop
      vertex 0.599999 -7.44656 21
      vertex 0.599999 -7.11988 1.2
      vertex 0.599999 -7.11988 21
    endloop
  endfacet
  facet normal 1 0 0
    outer loop
      vertex 0.599999 -7.11988 1.2
      vertex 0.599999 -7.44656 21
      vertex 0.599999 -7.44656 1.2
    endloop
  endfacet
  facet normal -1 0 0
    outer loop
      vertex -0.599999 -7.44656 1.2
      vertex -0.599999 -7.11988 21
      vertex -0.599999 -7.11988 1.2
    endloop
  endfacet
  facet normal -1 -0 0
    outer loop
      vertex -0.599999 -7.11988 21
      vertex -0.599999 -7.44656 1.2
      vertex -0.599999 -7.44656 21
    endloop
  endfacet
  facet normal 0.5 -0.866025 0
    outer loop
      vertex 3.20366 -6.74891 1.2
      vertex 4.24289 -6.14891 21
      vertex 3.20366 -6.74891 21
    endloop
  endfacet
  facet normal 0.5 -0.866025 0
    outer loop
      vertex 4.24289 -6.14891 21
      vertex 3.20366 -6.74891 1.2
      vertex 4.24289 -6.14891 1.2
    endloop
  endfacet
  facet normal 0.866037 0.499981 0
    outer loop
      vertex 4.24289 -6.14891 21
      vertex 4.07814 -5.86354 1.2
      vertex 4.07814 -5.86354 21
    endloop
  endfacet
  facet normal 0.866037 0.499981 0
    outer loop
      vertex 4.07814 -5.86354 1.2
      vertex 4.24289 -6.14891 21
      vertex 4.24289 -6.14891 1.2
    endloop
  endfacet
  facet normal -0.866023 -0.500004 0
    outer loop
      vertex 3.20366 -6.74891 1.2
      vertex 3.03838 -6.46264 21
      vertex 3.03838 -6.46264 1.2
    endloop
  endfacet
  facet normal -0.866023 -0.500004 0
    outer loop
      vertex 3.03838 -6.46264 21
      vertex 3.20366 -6.74891 1.2
      vertex 3.20366 -6.74891 21
    endloop
  endfacet
  facet normal 0.866025 -0.5 0
    outer loop
      vertex 6.14891 -4.24289 21
      vertex 6.74891 -3.20366 1.2
      vertex 6.74891 -3.20366 21
    endloop
  endfacet
  facet normal 0.866025 -0.5 0
    outer loop
      vertex 6.74891 -3.20366 1.2
      vertex 6.14891 -4.24289 21
      vertex 6.14891 -4.24289 1.2
    endloop
  endfacet
  facet normal 0.500004 0.866023 -0
    outer loop
      vertex 6.74891 -3.20366 1.2
      vertex 6.46264 -3.03838 21
      vertex 6.74891 -3.20366 21
    endloop
  endfacet
  facet normal 0.500004 0.866023 0
    outer loop
      vertex 6.46264 -3.03838 21
      vertex 6.74891 -3.20366 1.2
      vertex 6.46264 -3.03838 1.2
    endloop
  endfacet
  facet normal -0.499981 -0.866037 0
    outer loop
      vertex 5.86354 -4.07814 1.2
      vertex 6.14891 -4.24289 21
      vertex 5.86354 -4.07814 21
    endloop
  endfacet
  facet normal -0.499981 -0.866037 -0
    outer loop
      vertex 6.14891 -4.24289 21
      vertex 5.86354 -4.07814 1.2
      vertex 6.14891 -4.24289 1.2
    endloop
  endfacet
  facet normal -0.962454 0.271443 0
    outer loop
      vertex -6.9491 1.66833 1.2
      vertex -6.79678 2.20841 21
      vertex -6.79678 2.20841 1.2
    endloop
  endfacet
  facet normal -0.962454 0.271443 0
    outer loop
      vertex -6.79678 2.20841 21
      vertex -6.9491 1.66833 1.2
      vertex -6.9491 1.66833 21
    endloop
  endfacet
  facet normal 0.831476 -0.555561 0
    outer loop
      vertex 5.78169 -4.20064 21
      vertex 5.86354 -4.07814 1.2
      vertex 5.86354 -4.07814 21
    endloop
  endfacet
  facet normal 0.831476 -0.555561 0
    outer loop
      vertex 5.86354 -4.07814 1.2
      vertex 5.78169 -4.20064 21
      vertex 5.78169 -4.20064 1.2
    endloop
  endfacet
  facet normal 0.619089 0.78532 -0
    outer loop
      vertex 4.64132 5.43429 1.2
      vertex 4.20064 5.78169 21
      vertex 4.64132 5.43429 21
    endloop
  endfacet
  facet normal 0.619089 0.78532 0
    outer loop
      vertex 4.20064 5.78169 21
      vertex 4.64132 5.43429 1.2
      vertex 4.20064 5.78169 1.2
    endloop
  endfacet
  facet normal -0.993068 0.117545 0
    outer loop
      vertex -7.11988 0.599999 1.2
      vertex -7.05857 1.11797 21
      vertex -7.05857 1.11797 1.2
    endloop
  endfacet
  facet normal -0.993068 0.117545 0
    outer loop
      vertex -7.05857 1.11797 21
      vertex -7.11988 0.599999 1.2
      vertex -7.11988 0.599999 21
    endloop
  endfacet
  facet normal -0.938192 0.346115 0
    outer loop
      vertex -6.79678 2.20841 1.2
      vertex -6.60256 2.73487 21
      vertex -6.60256 2.73487 1.2
    endloop
  endfacet
  facet normal -0.938192 0.346115 0
    outer loop
      vertex -6.60256 2.73487 21
      vertex -6.79678 2.20841 1.2
      vertex -6.79678 2.20841 21
    endloop
  endfacet
  facet normal 0.938192 0.346115 0
    outer loop
      vertex 6.79678 2.20841 21
      vertex 6.60256 2.73487 1.2
      vertex 6.60256 2.73487 21
    endloop
  endfacet
  facet normal 0.938192 0.346115 0
    outer loop
      vertex 6.60256 2.73487 1.2
      vertex 6.79678 2.20841 21
      vertex 6.79678 2.20841 1.2
    endloop
  endfacet
  facet normal -0.962454 -0.271443 0
    outer loop
      vertex -6.79678 -2.20841 1.2
      vertex -6.9491 -1.66833 21
      vertex -6.9491 -1.66833 1.2
    endloop
  endfacet
  facet normal -0.962454 -0.271443 0
    outer loop
      vertex -6.9491 -1.66833 21
      vertex -6.79678 -2.20841 1.2
      vertex -6.79678 -2.20841 21
    endloop
  endfacet
  facet normal 0.831476 0.555561 0
    outer loop
      vertex 5.86354 4.07814 21
      vertex 5.78169 4.20064 1.2
      vertex 5.78169 4.20064 21
    endloop
  endfacet
  facet normal 0.831476 0.555561 0
    outer loop
      vertex 5.78169 4.20064 1.2
      vertex 5.86354 4.07814 21
      vertex 5.86354 4.07814 1.2
    endloop
  endfacet
  facet normal 0.41866 0.908143 -0
    outer loop
      vertex 3.03838 6.46264 1.2
      vertex 2.73487 6.60256 21
      vertex 3.03838 6.46264 21
    endloop
  endfacet
  facet normal 0.41866 0.908143 0
    outer loop
      vertex 2.73487 6.60256 21
      vertex 3.03838 6.46264 1.2
      vertex 2.73487 6.60256 1.2
    endloop
  endfacet
  facet normal -0.734317 -0.678806 0
    outer loop
      vertex -5.05338 -5.05338 1.2
      vertex -5.43429 -4.64132 21
      vertex -5.43429 -4.64132 1.2
    endloop
  endfacet
  facet normal -0.734317 -0.678806 0
    outer loop
      vertex -5.43429 -4.64132 21
      vertex -5.05338 -5.05338 1.2
      vertex -5.05338 -5.05338 21
    endloop
  endfacet
  facet normal 0.993068 0.117545 0
    outer loop
      vertex 7.11988 0.599999 21
      vertex 7.05857 1.11797 1.2
      vertex 7.05857 1.11797 21
    endloop
  endfacet
  facet normal 0.993068 0.117545 0
    outer loop
      vertex 7.05857 1.11797 1.2
      vertex 7.11988 0.599999 21
      vertex 7.11988 0.599999 1.2
    endloop
  endfacet
  facet normal 0.346115 -0.938192 0
    outer loop
      vertex 2.20841 -6.79678 1.2
      vertex 2.73487 -6.60256 21
      vertex 2.20841 -6.79678 21
    endloop
  endfacet
  facet normal 0.346115 -0.938192 0
    outer loop
      vertex 2.73487 -6.60256 21
      vertex 2.20841 -6.79678 1.2
      vertex 2.73487 -6.60256 1.2
    endloop
  endfacet
  facet normal 0.962454 0.271443 0
    outer loop
      vertex 6.9491 1.66833 21
      vertex 6.79678 2.20841 1.2
      vertex 6.79678 2.20841 21
    endloop
  endfacet
  facet normal 0.962454 0.271443 0
    outer loop
      vertex 6.79678 2.20841 1.2
      vertex 6.9491 1.66833 21
      vertex 6.9491 1.66833 1.2
    endloop
  endfacet
  facet normal 0.734317 -0.678806 0
    outer loop
      vertex 5.05338 -5.05338 21
      vertex 5.43429 -4.64132 1.2
      vertex 5.43429 -4.64132 21
    endloop
  endfacet
  facet normal 0.734317 -0.678806 0
    outer loop
      vertex 5.43429 -4.64132 1.2
      vertex 5.05338 -5.05338 21
      vertex 5.05338 -5.05338 1.2
    endloop
  endfacet
  facet normal -0.831476 -0.555561 0
    outer loop
      vertex -5.78169 -4.20064 1.2
      vertex -5.86354 -4.07814 21
      vertex -5.86354 -4.07814 1.2
    endloop
  endfacet
  facet normal -0.831476 -0.555561 0
    outer loop
      vertex -5.86354 -4.07814 21
      vertex -5.78169 -4.20064 1.2
      vertex -5.78169 -4.20064 21
    endloop
  endfacet
  facet normal 0.117545 -0.993068 0
    outer loop
      vertex 0.599999 -7.11988 1.2
      vertex 1.11797 -7.05857 21
      vertex 0.599999 -7.11988 21
    endloop
  endfacet
  facet normal 0.117545 -0.993068 0
    outer loop
      vertex 1.11797 -7.05857 21
      vertex 0.599999 -7.11988 1.2
      vertex 1.11797 -7.05857 1.2
    endloop
  endfacet
  facet normal 0.678806 0.734317 -0
    outer loop
      vertex 5.05338 5.05338 1.2
      vertex 4.64132 5.43429 21
      vertex 5.05338 5.05338 21
    endloop
  endfacet
  facet normal 0.678806 0.734317 0
    outer loop
      vertex 4.64132 5.43429 21
      vertex 5.05338 5.05338 1.2
      vertex 4.64132 5.43429 1.2
    endloop
  endfacet
  facet normal -0.980786 0.195084 0
    outer loop
      vertex -7.05857 1.11797 1.2
      vertex -6.9491 1.66833 21
      vertex -6.9491 1.66833 1.2
    endloop
  endfacet
  facet normal -0.980786 0.195084 0
    outer loop
      vertex -6.9491 1.66833 21
      vertex -7.05857 1.11797 1.2
      vertex -7.05857 1.11797 21
    endloop
  endfacet
  facet normal -0.195084 0.980786 0
    outer loop
      vertex -1.11797 7.05857 1.2
      vertex -1.66833 6.9491 21
      vertex -1.11797 7.05857 21
    endloop
  endfacet
  facet normal -0.195084 0.980786 0
    outer loop
      vertex -1.66833 6.9491 21
      vertex -1.11797 7.05857 1.2
      vertex -1.66833 6.9491 1.2
    endloop
  endfacet
  facet normal 0.908143 0.41866 0
    outer loop
      vertex 6.60256 2.73487 21
      vertex 6.46264 3.03838 1.2
      vertex 6.46264 3.03838 21
    endloop
  endfacet
  facet normal 0.908143 0.41866 0
    outer loop
      vertex 6.46264 3.03838 1.2
      vertex 6.60256 2.73487 21
      vertex 6.60256 2.73487 1.2
    endloop
  endfacet
  facet normal 0.980786 0.195084 0
    outer loop
      vertex 7.05857 1.11797 21
      vertex 6.9491 1.66833 1.2
      vertex 6.9491 1.66833 21
    endloop
  endfacet
  facet normal 0.980786 0.195084 0
    outer loop
      vertex 6.9491 1.66833 1.2
      vertex 7.05857 1.11797 21
      vertex 7.05857 1.11797 1.2
    endloop
  endfacet
  facet normal 0.271443 -0.962454 0
    outer loop
      vertex 1.66833 -6.9491 1.2
      vertex 2.20841 -6.79678 21
      vertex 1.66833 -6.9491 21
    endloop
  endfacet
  facet normal 0.271443 -0.962454 0
    outer loop
      vertex 2.20841 -6.79678 21
      vertex 1.66833 -6.9491 1.2
      vertex 2.20841 -6.79678 1.2
    endloop
  endfacet
  facet normal 0.78532 0.619089 0
    outer loop
      vertex 5.78169 4.20064 21
      vertex 5.43429 4.64132 1.2
      vertex 5.43429 4.64132 21
    endloop
  endfacet
  facet normal 0.78532 0.619089 0
    outer loop
      vertex 5.43429 4.64132 1.2
      vertex 5.78169 4.20064 21
      vertex 5.78169 4.20064 1.2
    endloop
  endfacet
  facet normal -0.619089 -0.78532 0
    outer loop
      vertex -4.64132 -5.43429 1.2
      vertex -4.20064 -5.78169 21
      vertex -4.64132 -5.43429 21
    endloop
  endfacet
  facet normal -0.619089 -0.78532 -0
    outer loop
      vertex -4.20064 -5.78169 21
      vertex -4.64132 -5.43429 1.2
      vertex -4.20064 -5.78169 1.2
    endloop
  endfacet
  facet normal -0.555561 0.831476 0
    outer loop
      vertex -4.07814 5.86354 1.2
      vertex -4.20064 5.78169 21
      vertex -4.07814 5.86354 21
    endloop
  endfacet
  facet normal -0.555561 0.831476 0
    outer loop
      vertex -4.20064 5.78169 21
      vertex -4.07814 5.86354 1.2
      vertex -4.20064 5.78169 1.2
    endloop
  endfacet
  facet normal 0.78532 -0.619089 0
    outer loop
      vertex 5.43429 -4.64132 21
      vertex 5.78169 -4.20064 1.2
      vertex 5.78169 -4.20064 21
    endloop
  endfacet
  facet normal 0.78532 -0.619089 0
    outer loop
      vertex 5.78169 -4.20064 1.2
      vertex 5.43429 -4.64132 21
      vertex 5.43429 -4.64132 1.2
    endloop
  endfacet
  facet normal 0.962454 -0.271443 0
    outer loop
      vertex 6.79678 -2.20841 21
      vertex 6.9491 -1.66833 1.2
      vertex 6.9491 -1.66833 21
    endloop
  endfacet
  facet normal 0.962454 -0.271443 0
    outer loop
      vertex 6.9491 -1.66833 1.2
      vertex 6.79678 -2.20841 21
      vertex 6.79678 -2.20841 1.2
    endloop
  endfacet
  facet normal -0.831476 0.555561 0
    outer loop
      vertex -5.86354 4.07814 1.2
      vertex -5.78169 4.20064 21
      vertex -5.78169 4.20064 1.2
    endloop
  endfacet
  facet normal -0.831476 0.555561 0
    outer loop
      vertex -5.78169 4.20064 21
      vertex -5.86354 4.07814 1.2
      vertex -5.86354 4.07814 21
    endloop
  endfacet
  facet normal 0.980786 -0.195084 0
    outer loop
      vertex 6.9491 -1.66833 21
      vertex 7.05857 -1.11797 1.2
      vertex 7.05857 -1.11797 21
    endloop
  endfacet
  facet normal 0.980786 -0.195084 0
    outer loop
      vertex 7.05857 -1.11797 1.2
      vertex 6.9491 -1.66833 21
      vertex 6.9491 -1.66833 1.2
    endloop
  endfacet
  facet normal -0.117545 0.993068 0
    outer loop
      vertex -0.599999 7.11988 1.2
      vertex -1.11797 7.05857 21
      vertex -0.599999 7.11988 21
    endloop
  endfacet
  facet normal -0.117545 0.993068 0
    outer loop
      vertex -1.11797 7.05857 21
      vertex -0.599999 7.11988 1.2
      vertex -1.11797 7.05857 1.2
    endloop
  endfacet
  facet normal -0.993068 -0.117545 0
    outer loop
      vertex -7.05857 -1.11797 1.2
      vertex -7.11988 -0.599999 21
      vertex -7.11988 -0.599999 1.2
    endloop
  endfacet
  facet normal -0.993068 -0.117545 0
    outer loop
      vertex -7.11988 -0.599999 21
      vertex -7.05857 -1.11797 1.2
      vertex -7.05857 -1.11797 21
    endloop
  endfacet
  facet normal -0.980786 -0.195084 0
    outer loop
      vertex -6.9491 -1.66833 1.2
      vertex -7.05857 -1.11797 21
      vertex -7.05857 -1.11797 1.2
    endloop
  endfacet
  facet normal -0.980786 -0.195084 0
    outer loop
      vertex -7.05857 -1.11797 21
      vertex -6.9491 -1.66833 1.2
      vertex -6.9491 -1.66833 21
    endloop
  endfacet
  facet normal -0.908143 -0.41866 0
    outer loop
      vertex -6.46264 -3.03838 1.2
      vertex -6.60256 -2.73487 21
      vertex -6.60256 -2.73487 1.2
    endloop
  endfacet
  facet normal -0.908143 -0.41866 0
    outer loop
      vertex -6.60256 -2.73487 21
      vertex -6.46264 -3.03838 1.2
      vertex -6.46264 -3.03838 21
    endloop
  endfacet
  facet normal 0.619089 -0.78532 0
    outer loop
      vertex 4.20064 -5.78169 1.2
      vertex 4.64132 -5.43429 21
      vertex 4.20064 -5.78169 21
    endloop
  endfacet
  facet normal 0.619089 -0.78532 0
    outer loop
      vertex 4.64132 -5.43429 21
      vertex 4.20064 -5.78169 1.2
      vertex 4.64132 -5.43429 1.2
    endloop
  endfacet
  facet normal 0.908143 -0.41866 0
    outer loop
      vertex 6.46264 -3.03838 21
      vertex 6.60256 -2.73487 1.2
      vertex 6.60256 -2.73487 21
    endloop
  endfacet
  facet normal 0.908143 -0.41866 0
    outer loop
      vertex 6.60256 -2.73487 1.2
      vertex 6.46264 -3.03838 21
      vertex 6.46264 -3.03838 1.2
    endloop
  endfacet
  facet normal -0.938192 -0.346115 0
    outer loop
      vertex -6.60256 -2.73487 1.2
      vertex -6.79678 -2.20841 21
      vertex -6.79678 -2.20841 1.2
    endloop
  endfacet
  facet normal -0.938192 -0.346115 0
    outer loop
      vertex -6.79678 -2.20841 21
      vertex -6.60256 -2.73487 1.2
      vertex -6.60256 -2.73487 21
    endloop
  endfacet
  facet normal 0.555561 0.831476 -0
    outer loop
      vertex 4.20064 5.78169 1.2
      vertex 4.07814 5.86354 21
      vertex 4.20064 5.78169 21
    endloop
  endfacet
  facet normal 0.555561 0.831476 0
    outer loop
      vertex 4.07814 5.86354 21
      vertex 4.20064 5.78169 1.2
      vertex 4.07814 5.86354 1.2
    endloop
  endfacet
  facet normal -0.734317 0.678806 0
    outer loop
      vertex -5.43429 4.64132 1.2
      vertex -5.05338 5.05338 21
      vertex -5.05338 5.05338 1.2
    endloop
  endfacet
  facet normal -0.734317 0.678806 0
    outer loop
      vertex -5.05338 5.05338 21
      vertex -5.43429 4.64132 1.2
      vertex -5.43429 4.64132 21
    endloop
  endfacet
  facet normal -0.908143 0.41866 0
    outer loop
      vertex -6.60256 2.73487 1.2
      vertex -6.46264 3.03838 21
      vertex -6.46264 3.03838 1.2
    endloop
  endfacet
  facet normal -0.908143 0.41866 0
    outer loop
      vertex -6.46264 3.03838 21
      vertex -6.60256 2.73487 1.2
      vertex -6.60256 2.73487 21
    endloop
  endfacet
  facet normal -0.271443 -0.962454 0
    outer loop
      vertex -2.20841 -6.79678 1.2
      vertex -1.66833 -6.9491 21
      vertex -2.20841 -6.79678 21
    endloop
  endfacet
  facet normal -0.271443 -0.962454 -0
    outer loop
      vertex -1.66833 -6.9491 21
      vertex -2.20841 -6.79678 1.2
      vertex -1.66833 -6.9491 1.2
    endloop
  endfacet
  facet normal 0.678806 -0.734317 0
    outer loop
      vertex 4.64132 -5.43429 1.2
      vertex 5.05338 -5.05338 21
      vertex 4.64132 -5.43429 21
    endloop
  endfacet
  facet normal 0.678806 -0.734317 0
    outer loop
      vertex 5.05338 -5.05338 21
      vertex 4.64132 -5.43429 1.2
      vertex 5.05338 -5.05338 1.2
    endloop
  endfacet
  facet normal 0.195084 0.980786 -0
    outer loop
      vertex 1.66833 6.9491 1.2
      vertex 1.11797 7.05857 21
      vertex 1.66833 6.9491 21
    endloop
  endfacet
  facet normal 0.195084 0.980786 0
    outer loop
      vertex 1.11797 7.05857 21
      vertex 1.66833 6.9491 1.2
      vertex 1.11797 7.05857 1.2
    endloop
  endfacet
  facet normal 0.117545 0.993068 -0
    outer loop
      vertex 1.11797 7.05857 1.2
      vertex 0.599999 7.11988 21
      vertex 1.11797 7.05857 21
    endloop
  endfacet
  facet normal 0.117545 0.993068 0
    outer loop
      vertex 0.599999 7.11988 21
      vertex 1.11797 7.05857 1.2
      vertex 0.599999 7.11988 1.2
    endloop
  endfacet
  facet normal -0.195084 -0.980786 0
    outer loop
      vertex -1.66833 -6.9491 1.2
      vertex -1.11797 -7.05857 21
      vertex -1.66833 -6.9491 21
    endloop
  endfacet
  facet normal -0.195084 -0.980786 -0
    outer loop
      vertex -1.11797 -7.05857 21
      vertex -1.66833 -6.9491 1.2
      vertex -1.11797 -7.05857 1.2
    endloop
  endfacet
  facet normal 0.993068 -0.117545 0
    outer loop
      vertex 7.05857 -1.11797 21
      vertex 7.11988 -0.599999 1.2
      vertex 7.11988 -0.599999 21
    endloop
  endfacet
  facet normal 0.993068 -0.117545 0
    outer loop
      vertex 7.11988 -0.599999 1.2
      vertex 7.05857 -1.11797 21
      vertex 7.05857 -1.11797 1.2
    endloop
  endfacet
  facet normal 0.734317 0.678806 0
    outer loop
      vertex 5.43429 4.64132 21
      vertex 5.05338 5.05338 1.2
      vertex 5.05338 5.05338 21
    endloop
  endfacet
  facet normal 0.734317 0.678806 0
    outer loop
      vertex 5.05338 5.05338 1.2
      vertex 5.43429 4.64132 21
      vertex 5.43429 4.64132 1.2
    endloop
  endfacet
  facet normal 0.195084 -0.980786 0
    outer loop
      vertex 1.11797 -7.05857 1.2
      vertex 1.66833 -6.9491 21
      vertex 1.11797 -7.05857 21
    endloop
  endfacet
  facet normal 0.195084 -0.980786 0
    outer loop
      vertex 1.66833 -6.9491 21
      vertex 1.11797 -7.05857 1.2
      vertex 1.66833 -6.9491 1.2
    endloop
  endfacet
  facet normal -0.678806 0.734317 0
    outer loop
      vertex -4.64132 5.43429 1.2
      vertex -5.05338 5.05338 21
      vertex -4.64132 5.43429 21
    endloop
  endfacet
  facet normal -0.678806 0.734317 0
    outer loop
      vertex -5.05338 5.05338 21
      vertex -4.64132 5.43429 1.2
      vertex -5.05338 5.05338 1.2
    endloop
  endfacet
  facet normal -0.78532 -0.619089 0
    outer loop
      vertex -5.43429 -4.64132 1.2
      vertex -5.78169 -4.20064 21
      vertex -5.78169 -4.20064 1.2
    endloop
  endfacet
  facet normal -0.78532 -0.619089 0
    outer loop
      vertex -5.78169 -4.20064 21
      vertex -5.43429 -4.64132 1.2
      vertex -5.43429 -4.64132 21
    endloop
  endfacet
  facet normal 0.938192 -0.346115 0
    outer loop
      vertex 6.60256 -2.73487 21
      vertex 6.79678 -2.20841 1.2
      vertex 6.79678 -2.20841 21
    endloop
  endfacet
  facet normal 0.938192 -0.346115 0
    outer loop
      vertex 6.79678 -2.20841 1.2
      vertex 6.60256 -2.73487 21
      vertex 6.60256 -2.73487 1.2
    endloop
  endfacet
  facet normal -0.117545 -0.993068 0
    outer loop
      vertex -1.11797 -7.05857 1.2
      vertex -0.599999 -7.11988 21
      vertex -1.11797 -7.05857 21
    endloop
  endfacet
  facet normal -0.117545 -0.993068 -0
    outer loop
      vertex -0.599999 -7.11988 21
      vertex -1.11797 -7.05857 1.2
      vertex -0.599999 -7.11988 1.2
    endloop
  endfacet
  facet normal 0.346115 0.938192 -0
    outer loop
      vertex 2.73487 6.60256 1.2
      vertex 2.20841 6.79678 21
      vertex 2.73487 6.60256 21
    endloop
  endfacet
  facet normal 0.346115 0.938192 0
    outer loop
      vertex 2.20841 6.79678 21
      vertex 2.73487 6.60256 1.2
      vertex 2.20841 6.79678 1.2
    endloop
  endfacet
  facet normal 0.41866 -0.908143 0
    outer loop
      vertex 2.73487 -6.60256 1.2
      vertex 3.03838 -6.46264 21
      vertex 2.73487 -6.60256 21
    endloop
  endfacet
  facet normal 0.41866 -0.908143 0
    outer loop
      vertex 3.03838 -6.46264 21
      vertex 2.73487 -6.60256 1.2
      vertex 3.03838 -6.46264 1.2
    endloop
  endfacet
  facet normal -0.346115 0.938192 0
    outer loop
      vertex -2.20841 6.79678 1.2
      vertex -2.73487 6.60256 21
      vertex -2.20841 6.79678 21
    endloop
  endfacet
  facet normal -0.346115 0.938192 0
    outer loop
      vertex -2.73487 6.60256 21
      vertex -2.20841 6.79678 1.2
      vertex -2.73487 6.60256 1.2
    endloop
  endfacet
  facet normal -0.41866 0.908143 0
    outer loop
      vertex -2.73487 6.60256 1.2
      vertex -3.03838 6.46264 21
      vertex -2.73487 6.60256 21
    endloop
  endfacet
  facet normal -0.41866 0.908143 0
    outer loop
      vertex -3.03838 6.46264 21
      vertex -2.73487 6.60256 1.2
      vertex -3.03838 6.46264 1.2
    endloop
  endfacet
  facet normal -0.271443 0.962454 0
    outer loop
      vertex -1.66833 6.9491 1.2
      vertex -2.20841 6.79678 21
      vertex -1.66833 6.9491 21
    endloop
  endfacet
  facet normal -0.271443 0.962454 0
    outer loop
      vertex -2.20841 6.79678 21
      vertex -1.66833 6.9491 1.2
      vertex -2.20841 6.79678 1.2
    endloop
  endfacet
  facet normal -0.619089 0.78532 0
    outer loop
      vertex -4.20064 5.78169 1.2
      vertex -4.64132 5.43429 21
      vertex -4.20064 5.78169 21
    endloop
  endfacet
  facet normal -0.619089 0.78532 0
    outer loop
      vertex -4.64132 5.43429 21
      vertex -4.20064 5.78169 1.2
      vertex -4.64132 5.43429 1.2
    endloop
  endfacet
  facet normal -0.41866 -0.908143 0
    outer loop
      vertex -3.03838 -6.46264 1.2
      vertex -2.73487 -6.60256 21
      vertex -3.03838 -6.46264 21
    endloop
  endfacet
  facet normal -0.41866 -0.908143 -0
    outer loop
      vertex -2.73487 -6.60256 21
      vertex -3.03838 -6.46264 1.2
      vertex -2.73487 -6.60256 1.2
    endloop
  endfacet
  facet normal 0.271443 0.962454 -0
    outer loop
      vertex 2.20841 6.79678 1.2
      vertex 1.66833 6.9491 21
      vertex 2.20841 6.79678 21
    endloop
  endfacet
  facet normal 0.271443 0.962454 0
    outer loop
      vertex 1.66833 6.9491 21
      vertex 2.20841 6.79678 1.2
      vertex 1.66833 6.9491 1.2
    endloop
  endfacet
  facet normal 0.555561 -0.831476 0
    outer loop
      vertex 4.07814 -5.86354 1.2
      vertex 4.20064 -5.78169 21
      vertex 4.07814 -5.86354 21
    endloop
  endfacet
  facet normal 0.555561 -0.831476 0
    outer loop
      vertex 4.20064 -5.78169 21
      vertex 4.07814 -5.86354 1.2
      vertex 4.20064 -5.78169 1.2
    endloop
  endfacet
  facet normal -0.678806 -0.734317 0
    outer loop
      vertex -5.05338 -5.05338 1.2
      vertex -4.64132 -5.43429 21
      vertex -5.05338 -5.05338 21
    endloop
  endfacet
  facet normal -0.678806 -0.734317 -0
    outer loop
      vertex -4.64132 -5.43429 21
      vertex -5.05338 -5.05338 1.2
      vertex -4.64132 -5.43429 1.2
    endloop
  endfacet
  facet normal -0.78532 0.619089 0
    outer loop
      vertex -5.78169 4.20064 1.2
      vertex -5.43429 4.64132 21
      vertex -5.43429 4.64132 1.2
    endloop
  endfacet
  facet normal -0.78532 0.619089 0
    outer loop
      vertex -5.43429 4.64132 21
      vertex -5.78169 4.20064 1.2
      vertex -5.78169 4.20064 21
    endloop
  endfacet
  facet normal -0.555561 -0.831476 0
    outer loop
      vertex -4.20064 -5.78169 1.2
      vertex -4.07814 -5.86354 21
      vertex -4.20064 -5.78169 21
    endloop
  endfacet
  facet normal -0.555561 -0.831476 -0
    outer loop
      vertex -4.07814 -5.86354 21
      vertex -4.20064 -5.78169 1.2
      vertex -4.07814 -5.86354 1.2
    endloop
  endfacet
  facet normal -0.346115 -0.938192 0
    outer loop
      vertex -2.73487 -6.60256 1.2
      vertex -2.20841 -6.79678 21
      vertex -2.73487 -6.60256 21
    endloop
  endfacet
  facet normal -0.346115 -0.938192 -0
    outer loop
      vertex -2.20841 -6.79678 21
      vertex -2.73487 -6.60256 1.2
      vertex -2.20841 -6.79678 1.2
    endloop
  endfacet
  facet normal 0.93819 -0.346119 0
    outer loop
      vertex 16.1679 -6.69696 1.2
      vertex 16.6435 -5.4078 0
      vertex 16.6435 -5.4078 1.2
    endloop
  endfacet
  facet normal 0.93819 -0.346119 0
    outer loop
      vertex 16.6435 -5.4078 0
      vertex 16.1679 -6.69696 1.2
      vertex 16.1679 -6.69696 0
    endloop
  endfacet
  facet normal 0.993061 0.117604 0
    outer loop
      vertex 17.4461 1.37303 1.2
      vertex 17.2845 2.7376 0
      vertex 17.2845 2.7376 1.2
    endloop
  endfacet
  facet normal 0.993061 0.117604 0
    outer loop
      vertex 17.2845 2.7376 0
      vertex 17.4461 1.37303 1.2
      vertex 17.4461 1.37303 0
    endloop
  endfacet
  facet normal -0.908137 0.418674 0
    outer loop
      vertex -16.1679 6.69696 0
      vertex -15.5926 7.94483 1.2
      vertex -15.5926 7.94483 0
    endloop
  endfacet
  facet normal -0.908137 0.418674 0
    outer loop
      vertex -15.5926 7.94483 1.2
      vertex -16.1679 6.69696 0
      vertex -16.1679 6.69696 1.2
    endloop
  endfacet
  facet normal -0.93819 0.346119 0
    outer loop
      vertex -16.6435 5.4078 0
      vertex -16.1679 6.69696 1.2
      vertex -16.1679 6.69696 0
    endloop
  endfacet
  facet normal -0.93819 0.346119 0
    outer loop
      vertex -16.1679 6.69696 1.2
      vertex -16.6435 5.4078 0
      vertex -16.6435 5.4078 1.2
    endloop
  endfacet
  facet normal 0.27145 0.962453 -0
    outer loop
      vertex 5.4078 16.6435 0
      vertex 4.08529 17.0165 1.2
      vertex 5.4078 16.6435 1.2
    endloop
  endfacet
  facet normal 0.27145 0.962453 0
    outer loop
      vertex 4.08529 17.0165 1.2
      vertex 5.4078 16.6435 0
      vertex 4.08529 17.0165 0
    endloop
  endfacet
  facet normal 0.993061 -0.117604 0
    outer loop
      vertex 17.2845 -2.7376 1.2
      vertex 17.4461 -1.37303 0
      vertex 17.4461 -1.37303 1.2
    endloop
  endfacet
  facet normal 0.993061 -0.117604 0
    outer loop
      vertex 17.4461 -1.37303 0
      vertex 17.2845 -2.7376 1.2
      vertex 17.2845 -2.7376 0
    endloop
  endfacet
  facet normal 0.55558 -0.831463 0
    outer loop
      vertex 9.14372 -14.9212 0
      vertex 10.2862 -14.1578 1.2
      vertex 9.14372 -14.9212 1.2
    endloop
  endfacet
  facet normal 0.55558 -0.831463 0
    outer loop
      vertex 10.2862 -14.1578 1.2
      vertex 9.14372 -14.9212 0
      vertex 10.2862 -14.1578 0
    endloop
  endfacet
  facet normal -0.785315 -0.619097 0
    outer loop
      vertex -13.3071 -11.3653 0
      vertex -14.1578 -10.2862 1.2
      vertex -14.1578 -10.2862 0
    endloop
  endfacet
  facet normal -0.785315 -0.619097 0
    outer loop
      vertex -14.1578 -10.2862 1.2
      vertex -13.3071 -11.3653 0
      vertex -13.3071 -11.3653 1.2
    endloop
  endfacet
  facet normal 0.418674 0.908137 -0
    outer loop
      vertex 7.94483 15.5926 0
      vertex 6.69696 16.1679 1.2
      vertex 7.94483 15.5926 1.2
    endloop
  endfacet
  facet normal 0.418674 0.908137 0
    outer loop
      vertex 6.69696 16.1679 1.2
      vertex 7.94483 15.5926 0
      vertex 6.69696 16.1679 0
    endloop
  endfacet
  facet normal 0.980795 -0.19504 0
    outer loop
      vertex 17.0165 -4.08529 1.2
      vertex 17.2845 -2.7376 0
      vertex 17.2845 -2.7376 1.2
    endloop
  endfacet
  facet normal 0.980795 -0.19504 0
    outer loop
      vertex 17.2845 -2.7376 0
      vertex 17.0165 -4.08529 1.2
      vertex 17.0165 -4.08529 0
    endloop
  endfacet
  facet normal -0.831463 0.55558 0
    outer loop
      vertex -14.9212 9.14372 0
      vertex -14.1578 10.2862 1.2
      vertex -14.1578 10.2862 0
    endloop
  endfacet
  facet normal -0.831463 0.55558 0
    outer loop
      vertex -14.1578 10.2862 1.2
      vertex -14.9212 9.14372 0
      vertex -14.9212 9.14372 1.2
    endloop
  endfacet
  facet normal 0.19504 0.980795 -0
    outer loop
      vertex 4.08529 17.0165 0
      vertex 2.7376 17.2845 1.2
      vertex 4.08529 17.0165 1.2
    endloop
  endfacet
  facet normal 0.19504 0.980795 0
    outer loop
      vertex 2.7376 17.2845 1.2
      vertex 4.08529 17.0165 0
      vertex 2.7376 17.2845 0
    endloop
  endfacet
  facet normal 0.99923 0.039226 0
    outer loop
      vertex 17.5 0 1.2
      vertex 17.4461 1.37303 0
      vertex 17.4461 1.37303 1.2
    endloop
  endfacet
  facet normal 0.99923 0.039226 0
    outer loop
      vertex 17.4461 1.37303 0
      vertex 17.5 0 1.2
      vertex 17.5 0 0
    endloop
  endfacet
  facet normal 0.872499 -0.488615 0
    outer loop
      vertex 14.9212 -9.14372 1.2
      vertex 15.5926 -7.94483 0
      vertex 15.5926 -7.94483 1.2
    endloop
  endfacet
  facet normal 0.872499 -0.488615 0
    outer loop
      vertex 15.5926 -7.94483 0
      vertex 14.9212 -9.14372 1.2
      vertex 14.9212 -9.14372 0
    endloop
  endfacet
  facet normal 0.27145 -0.962453 0
    outer loop
      vertex 4.08529 -17.0165 0
      vertex 5.4078 -16.6435 1.2
      vertex 4.08529 -17.0165 1.2
    endloop
  endfacet
  facet normal 0.27145 -0.962453 0
    outer loop
      vertex 5.4078 -16.6435 1.2
      vertex 4.08529 -17.0165 0
      vertex 5.4078 -16.6435 0
    endloop
  endfacet
  facet normal 0.980795 0.19504 0
    outer loop
      vertex 17.2845 2.7376 1.2
      vertex 17.0165 4.08529 0
      vertex 17.0165 4.08529 1.2
    endloop
  endfacet
  facet normal 0.980795 0.19504 0
    outer loop
      vertex 17.0165 4.08529 0
      vertex 17.2845 2.7376 1.2
      vertex 17.2845 2.7376 0
    endloop
  endfacet
  facet normal 0.117604 0.993061 -0
    outer loop
      vertex 2.7376 17.2845 0
      vertex 1.37303 17.4461 1.2
      vertex 2.7376 17.2845 1.2
    endloop
  endfacet
  facet normal 0.117604 0.993061 0
    outer loop
      vertex 1.37303 17.4461 1.2
      vertex 2.7376 17.2845 0
      vertex 1.37303 17.4461 0
    endloop
  endfacet
  facet normal -0.039226 0.99923 0
    outer loop
      vertex 0 17.5 0
      vertex -1.37303 17.4461 1.2
      vertex 0 17.5 1.2
    endloop
  endfacet
  facet normal -0.039226 0.99923 0
    outer loop
      vertex -1.37303 17.4461 1.2
      vertex 0 17.5 0
      vertex -1.37303 17.4461 0
    endloop
  endfacet
  facet normal 0.831463 0.55558 0
    outer loop
      vertex 14.9212 9.14372 1.2
      vertex 14.1578 10.2862 0
      vertex 14.1578 10.2862 1.2
    endloop
  endfacet
  facet normal 0.831463 0.55558 0
    outer loop
      vertex 14.1578 10.2862 0
      vertex 14.9212 9.14372 1.2
      vertex 14.9212 9.14372 0
    endloop
  endfacet
  facet normal 0.678761 0.73436 -0
    outer loop
      vertex 12.3744 12.3744 0
      vertex 11.3653 13.3071 1.2
      vertex 12.3744 12.3744 1.2
    endloop
  endfacet
  facet normal 0.678761 0.73436 0
    outer loop
      vertex 11.3653 13.3071 1.2
      vertex 12.3744 12.3744 0
      vertex 11.3653 13.3071 0
    endloop
  endfacet
  facet normal -0.831463 -0.55558 0
    outer loop
      vertex -14.1578 -10.2862 0
      vertex -14.9212 -9.14372 1.2
      vertex -14.9212 -9.14372 0
    endloop
  endfacet
  facet normal -0.831463 -0.55558 0
    outer loop
      vertex -14.9212 -9.14372 1.2
      vertex -14.1578 -10.2862 0
      vertex -14.1578 -10.2862 1.2
    endloop
  endfacet
  facet normal -0.93819 -0.346119 0
    outer loop
      vertex -16.1679 -6.69696 0
      vertex -16.6435 -5.4078 1.2
      vertex -16.6435 -5.4078 0
    endloop
  endfacet
  facet normal -0.93819 -0.346119 0
    outer loop
      vertex -16.6435 -5.4078 1.2
      vertex -16.1679 -6.69696 0
      vertex -16.1679 -6.69696 1.2
    endloop
  endfacet
  facet normal -0.962453 -0.27145 0
    outer loop
      vertex -16.6435 -5.4078 0
      vertex -17.0165 -4.08529 1.2
      vertex -17.0165 -4.08529 0
    endloop
  endfacet
  facet normal -0.962453 -0.27145 0
    outer loop
      vertex -17.0165 -4.08529 1.2
      vertex -16.6435 -5.4078 0
      vertex -16.6435 -5.4078 1.2
    endloop
  endfacet
  facet normal -0.872499 -0.488615 0
    outer loop
      vertex -14.9212 -9.14372 0
      vertex -15.5926 -7.94483 1.2
      vertex -15.5926 -7.94483 0
    endloop
  endfacet
  facet normal -0.872499 -0.488615 0
    outer loop
      vertex -15.5926 -7.94483 1.2
      vertex -14.9212 -9.14372 0
      vertex -14.9212 -9.14372 1.2
    endloop
  endfacet
  facet normal -0.27145 0.962453 0
    outer loop
      vertex -4.08529 17.0165 0
      vertex -5.4078 16.6435 1.2
      vertex -4.08529 17.0165 1.2
    endloop
  endfacet
  facet normal -0.27145 0.962453 0
    outer loop
      vertex -5.4078 16.6435 1.2
      vertex -4.08529 17.0165 0
      vertex -5.4078 16.6435 0
    endloop
  endfacet
  facet normal 0.93819 0.346119 0
    outer loop
      vertex 16.6435 5.4078 1.2
      vertex 16.1679 6.69696 0
      vertex 16.1679 6.69696 1.2
    endloop
  endfacet
  facet normal 0.93819 0.346119 0
    outer loop
      vertex 16.1679 6.69696 0
      vertex 16.6435 5.4078 1.2
      vertex 16.6435 5.4078 0
    endloop
  endfacet
  facet normal 0.962453 -0.27145 0
    outer loop
      vertex 16.6435 -5.4078 1.2
      vertex 17.0165 -4.08529 0
      vertex 17.0165 -4.08529 1.2
    endloop
  endfacet
  facet normal 0.962453 -0.27145 0
    outer loop
      vertex 17.0165 -4.08529 0
      vertex 16.6435 -5.4078 1.2
      vertex 16.6435 -5.4078 0
    endloop
  endfacet
  facet normal -0.039226 -0.99923 0
    outer loop
      vertex -1.37303 -17.4461 0
      vertex 0 -17.5 1.2
      vertex -1.37303 -17.4461 1.2
    endloop
  endfacet
  facet normal -0.039226 -0.99923 -0
    outer loop
      vertex 0 -17.5 1.2
      vertex -1.37303 -17.4461 0
      vertex 0 -17.5 0
    endloop
  endfacet
  facet normal 0.619097 0.785315 -0
    outer loop
      vertex 11.3653 13.3071 0
      vertex 10.2862 14.1578 1.2
      vertex 11.3653 13.3071 1.2
    endloop
  endfacet
  facet normal 0.619097 0.785315 0
    outer loop
      vertex 10.2862 14.1578 1.2
      vertex 11.3653 13.3071 0
      vertex 10.2862 14.1578 0
    endloop
  endfacet
  facet normal -0.908137 -0.418674 0
    outer loop
      vertex -15.5926 -7.94483 0
      vertex -16.1679 -6.69696 1.2
      vertex -16.1679 -6.69696 0
    endloop
  endfacet
  facet normal -0.908137 -0.418674 0
    outer loop
      vertex -16.1679 -6.69696 1.2
      vertex -15.5926 -7.94483 0
      vertex -15.5926 -7.94483 1.2
    endloop
  endfacet
  facet normal -0.55558 0.831463 0
    outer loop
      vertex -9.14372 14.9212 0
      vertex -10.2862 14.1578 1.2
      vertex -9.14372 14.9212 1.2
    endloop
  endfacet
  facet normal -0.55558 0.831463 0
    outer loop
      vertex -10.2862 14.1578 1.2
      vertex -9.14372 14.9212 0
      vertex -10.2862 14.1578 0
    endloop
  endfacet
  facet normal -0.19504 -0.980795 0
    outer loop
      vertex -4.08529 -17.0165 0
      vertex -2.7376 -17.2845 1.2
      vertex -4.08529 -17.0165 1.2
    endloop
  endfacet
  facet normal -0.19504 -0.980795 -0
    outer loop
      vertex -2.7376 -17.2845 1.2
      vertex -4.08529 -17.0165 0
      vertex -2.7376 -17.2845 0
    endloop
  endfacet
  facet normal -0.346119 -0.93819 0
    outer loop
      vertex -6.69696 -16.1679 0
      vertex -5.4078 -16.6435 1.2
      vertex -6.69696 -16.1679 1.2
    endloop
  endfacet
  facet normal -0.346119 -0.93819 -0
    outer loop
      vertex -5.4078 -16.6435 1.2
      vertex -6.69696 -16.1679 0
      vertex -5.4078 -16.6435 0
    endloop
  endfacet
  facet normal 0.908137 0.418674 0
    outer loop
      vertex 16.1679 6.69696 1.2
      vertex 15.5926 7.94483 0
      vertex 15.5926 7.94483 1.2
    endloop
  endfacet
  facet normal 0.908137 0.418674 0
    outer loop
      vertex 15.5926 7.94483 0
      vertex 16.1679 6.69696 1.2
      vertex 16.1679 6.69696 0
    endloop
  endfacet
  facet normal 0.99923 -0.039226 0
    outer loop
      vertex 17.4461 -1.37303 1.2
      vertex 17.5 0 0
      vertex 17.5 0 1.2
    endloop
  endfacet
  facet normal 0.99923 -0.039226 0
    outer loop
      vertex 17.5 0 0
      vertex 17.4461 -1.37303 1.2
      vertex 17.4461 -1.37303 0
    endloop
  endfacet
  facet normal -0.678761 -0.73436 0
    outer loop
      vertex -12.3744 -12.3744 0
      vertex -11.3653 -13.3071 1.2
      vertex -12.3744 -12.3744 1.2
    endloop
  endfacet
  facet normal -0.678761 -0.73436 -0
    outer loop
      vertex -11.3653 -13.3071 1.2
      vertex -12.3744 -12.3744 0
      vertex -11.3653 -13.3071 0
    endloop
  endfacet
  facet normal -0.99923 -0.039226 0
    outer loop
      vertex -17.4461 -1.37303 0
      vertex -17.5 0 1.2
      vertex -17.5 0 0
    endloop
  endfacet
  facet normal -0.99923 -0.039226 0
    outer loop
      vertex -17.5 0 1.2
      vertex -17.4461 -1.37303 0
      vertex -17.4461 -1.37303 1.2
    endloop
  endfacet
  facet normal 0.488615 -0.872499 0
    outer loop
      vertex 7.94483 -15.5926 0
      vertex 9.14372 -14.9212 1.2
      vertex 7.94483 -15.5926 1.2
    endloop
  endfacet
  facet normal 0.488615 -0.872499 0
    outer loop
      vertex 9.14372 -14.9212 1.2
      vertex 7.94483 -15.5926 0
      vertex 9.14372 -14.9212 0
    endloop
  endfacet
  facet normal -0.19504 0.980795 0
    outer loop
      vertex -2.7376 17.2845 0
      vertex -4.08529 17.0165 1.2
      vertex -2.7376 17.2845 1.2
    endloop
  endfacet
  facet normal -0.19504 0.980795 0
    outer loop
      vertex -4.08529 17.0165 1.2
      vertex -2.7376 17.2845 0
      vertex -4.08529 17.0165 0
    endloop
  endfacet
  facet normal -0.99923 0.039226 0
    outer loop
      vertex -17.5 0 0
      vertex -17.4461 1.37303 1.2
      vertex -17.4461 1.37303 0
    endloop
  endfacet
  facet normal -0.99923 0.039226 0
    outer loop
      vertex -17.4461 1.37303 1.2
      vertex -17.5 0 0
      vertex -17.5 0 1.2
    endloop
  endfacet
  facet normal 0.19504 -0.980795 0
    outer loop
      vertex 2.7376 -17.2845 0
      vertex 4.08529 -17.0165 1.2
      vertex 2.7376 -17.2845 1.2
    endloop
  endfacet
  facet normal 0.19504 -0.980795 0
    outer loop
      vertex 4.08529 -17.0165 1.2
      vertex 2.7376 -17.2845 0
      vertex 4.08529 -17.0165 0
    endloop
  endfacet
  facet normal -0.117604 0.993061 0
    outer loop
      vertex -1.37303 17.4461 0
      vertex -2.7376 17.2845 1.2
      vertex -1.37303 17.4461 1.2
    endloop
  endfacet
  facet normal -0.117604 0.993061 0
    outer loop
      vertex -2.7376 17.2845 1.2
      vertex -1.37303 17.4461 0
      vertex -2.7376 17.2845 0
    endloop
  endfacet
  facet normal 0.73436 0.678761 0
    outer loop
      vertex 13.3071 11.3653 1.2
      vertex 12.3744 12.3744 0
      vertex 12.3744 12.3744 1.2
    endloop
  endfacet
  facet normal 0.73436 0.678761 0
    outer loop
      vertex 12.3744 12.3744 0
      vertex 13.3071 11.3653 1.2
      vertex 13.3071 11.3653 0
    endloop
  endfacet
  facet normal 0.962453 0.27145 0
    outer loop
      vertex 17.0165 4.08529 1.2
      vertex 16.6435 5.4078 0
      vertex 16.6435 5.4078 1.2
    endloop
  endfacet
  facet normal 0.962453 0.27145 0
    outer loop
      vertex 16.6435 5.4078 0
      vertex 17.0165 4.08529 1.2
      vertex 17.0165 4.08529 0
    endloop
  endfacet
  facet normal 0.039226 -0.99923 0
    outer loop
      vertex 0 -17.5 0
      vertex 1.37303 -17.4461 1.2
      vertex 0 -17.5 1.2
    endloop
  endfacet
  facet normal 0.039226 -0.99923 0
    outer loop
      vertex 1.37303 -17.4461 1.2
      vertex 0 -17.5 0
      vertex 1.37303 -17.4461 0
    endloop
  endfacet
  facet normal 0.908137 -0.418674 0
    outer loop
      vertex 15.5926 -7.94483 1.2
      vertex 16.1679 -6.69696 0
      vertex 16.1679 -6.69696 1.2
    endloop
  endfacet
  facet normal 0.908137 -0.418674 0
    outer loop
      vertex 16.1679 -6.69696 0
      vertex 15.5926 -7.94483 1.2
      vertex 15.5926 -7.94483 0
    endloop
  endfacet
  facet normal -0.993061 0.117604 0
    outer loop
      vertex -17.4461 1.37303 0
      vertex -17.2845 2.7376 1.2
      vertex -17.2845 2.7376 0
    endloop
  endfacet
  facet normal -0.993061 0.117604 0
    outer loop
      vertex -17.2845 2.7376 1.2
      vertex -17.4461 1.37303 0
      vertex -17.4461 1.37303 1.2
    endloop
  endfacet
  facet normal 0.831463 -0.55558 0
    outer loop
      vertex 14.1578 -10.2862 1.2
      vertex 14.9212 -9.14372 0
      vertex 14.9212 -9.14372 1.2
    endloop
  endfacet
  facet normal 0.831463 -0.55558 0
    outer loop
      vertex 14.9212 -9.14372 0
      vertex 14.1578 -10.2862 1.2
      vertex 14.1578 -10.2862 0
    endloop
  endfacet
  facet normal 0.117604 -0.993061 0
    outer loop
      vertex 1.37303 -17.4461 0
      vertex 2.7376 -17.2845 1.2
      vertex 1.37303 -17.4461 1.2
    endloop
  endfacet
  facet normal 0.117604 -0.993061 0
    outer loop
      vertex 2.7376 -17.2845 1.2
      vertex 1.37303 -17.4461 0
      vertex 2.7376 -17.2845 0
    endloop
  endfacet
  facet normal 0.872499 0.488615 0
    outer loop
      vertex 15.5926 7.94483 1.2
      vertex 14.9212 9.14372 0
      vertex 14.9212 9.14372 1.2
    endloop
  endfacet
  facet normal 0.872499 0.488615 0
    outer loop
      vertex 14.9212 9.14372 0
      vertex 15.5926 7.94483 1.2
      vertex 15.5926 7.94483 0
    endloop
  endfacet
  facet normal 0.488615 0.872499 -0
    outer loop
      vertex 9.14372 14.9212 0
      vertex 7.94483 15.5926 1.2
      vertex 9.14372 14.9212 1.2
    endloop
  endfacet
  facet normal 0.488615 0.872499 0
    outer loop
      vertex 7.94483 15.5926 1.2
      vertex 9.14372 14.9212 0
      vertex 7.94483 15.5926 0
    endloop
  endfacet
  facet normal -0.619097 -0.785315 0
    outer loop
      vertex -11.3653 -13.3071 0
      vertex -10.2862 -14.1578 1.2
      vertex -11.3653 -13.3071 1.2
    endloop
  endfacet
  facet normal -0.619097 -0.785315 -0
    outer loop
      vertex -10.2862 -14.1578 1.2
      vertex -11.3653 -13.3071 0
      vertex -10.2862 -14.1578 0
    endloop
  endfacet
  facet normal 0.55558 0.831463 -0
    outer loop
      vertex 10.2862 14.1578 0
      vertex 9.14372 14.9212 1.2
      vertex 10.2862 14.1578 1.2
    endloop
  endfacet
  facet normal 0.55558 0.831463 0
    outer loop
      vertex 9.14372 14.9212 1.2
      vertex 10.2862 14.1578 0
      vertex 9.14372 14.9212 0
    endloop
  endfacet
  facet normal -0.619097 0.785315 0
    outer loop
      vertex -10.2862 14.1578 0
      vertex -11.3653 13.3071 1.2
      vertex -10.2862 14.1578 1.2
    endloop
  endfacet
  facet normal -0.619097 0.785315 0
    outer loop
      vertex -11.3653 13.3071 1.2
      vertex -10.2862 14.1578 0
      vertex -11.3653 13.3071 0
    endloop
  endfacet
  facet normal 0 0 1
    outer loop
      vertex -6.60256 -2.73487 1.2
      vertex -6.74891 -3.20366 1.2
      vertex -6.46264 -3.03838 1.2
    endloop
  endfacet
  facet normal 0 -0 1
    outer loop
      vertex -6.74891 -3.20366 1.2
      vertex -6.60256 -2.73487 1.2
      vertex -6.79678 -2.20841 1.2
    endloop
  endfacet
  facet normal 0 0 1
    outer loop
      vertex -4.20064 -5.78169 1.2
      vertex -4.24289 -6.14891 1.2
      vertex -4.07814 -5.86354 1.2
    endloop
  endfacet
  facet normal 0 -0 1
    outer loop
      vertex -4.24289 -6.14891 1.2
      vertex -4.20064 -5.78169 1.2
      vertex -4.64132 -5.43429 1.2
    endloop
  endfacet
  facet normal 0 0 1
    outer loop
      vertex -0.599999 -7.11988 1.2
      vertex -1.11797 -7.05857 1.2
      vertex -0.599999 -7.44656 1.2
    endloop
  endfacet
  facet normal -0 0 1
    outer loop
      vertex 4.20064 -5.78169 1.2
      vertex 4.24289 -6.14891 1.2
      vertex 4.64132 -5.43429 1.2
    endloop
  endfacet
  facet normal 0 0 1
    outer loop
      vertex 4.24289 -6.14891 1.2
      vertex 4.20064 -5.78169 1.2
      vertex 4.07814 -5.86354 1.2
    endloop
  endfacet
  facet normal -0 0 1
    outer loop
      vertex 6.60256 -2.73487 1.2
      vertex 6.74891 -3.20366 1.2
      vertex 6.79678 -2.20841 1.2
    endloop
  endfacet
  facet normal 0 0 1
    outer loop
      vertex 6.74891 -3.20366 1.2
      vertex 6.60256 -2.73487 1.2
      vertex 6.46264 -3.03838 1.2
    endloop
  endfacet
  facet normal -0 0 1
    outer loop
      vertex 7.44656 0.599999 1.2
      vertex 17.5 0 1.2
      vertex 17.4461 1.37303 1.2
    endloop
  endfacet
  facet normal 0 0 1
    outer loop
      vertex 7.44656 0.599999 1.2
      vertex 17.4461 1.37303 1.2
      vertex 17.2845 2.7376 1.2
    endloop
  endfacet
  facet normal 0 0 1
    outer loop
      vertex 7.44656 -0.599999 1.2
      vertex 17.5 0 1.2
      vertex 7.44656 0.599999 1.2
    endloop
  endfacet
  facet normal 0 0 1
    outer loop
      vertex 7.44656 0.599999 1.2
      vertex 17.2845 2.7376 1.2
      vertex 17.0165 4.08529 1.2
    endloop
  endfacet
  facet normal 0 0 1
    outer loop
      vertex 17.5 0 1.2
      vertex 7.44656 -0.599999 1.2
      vertex 17.4461 -1.37303 1.2
    endloop
  endfacet
  facet normal 0 0 1
    outer loop
      vertex 6.74891 3.20366 1.2
      vertex 17.0165 4.08529 1.2
      vertex 16.6435 5.4078 1.2
    endloop
  endfacet
  facet normal 0 0 1
    outer loop
      vertex 17.4461 -1.37303 1.2
      vertex 7.44656 -0.599999 1.2
      vertex 17.2845 -2.7376 1.2
    endloop
  endfacet
  facet normal 0 0 1
    outer loop
      vertex 6.74891 3.20366 1.2
      vertex 16.6435 5.4078 1.2
      vertex 16.1679 6.69696 1.2
    endloop
  endfacet
  facet normal 0 0 1
    outer loop
      vertex 17.2845 -2.7376 1.2
      vertex 7.44656 -0.599999 1.2
      vertex 17.0165 -4.08529 1.2
    endloop
  endfacet
  facet normal 0 0 1
    outer loop
      vertex 6.74891 3.20366 1.2
      vertex 16.1679 6.69696 1.2
      vertex 15.5926 7.94483 1.2
    endloop
  endfacet
  facet normal -0 0 1
    outer loop
      vertex 6.74891 -3.20366 1.2
      vertex 17.0165 -4.08529 1.2
      vertex 7.44656 -0.599999 1.2
    endloop
  endfacet
  facet normal 0 0 1
    outer loop
      vertex 6.74891 3.20366 1.2
      vertex 15.5926 7.94483 1.2
      vertex 14.9212 9.14372 1.2
    endloop
  endfacet
  facet normal 0 0 1
    outer loop
      vertex 17.0165 -4.08529 1.2
      vertex 6.74891 -3.20366 1.2
      vertex 16.6435 -5.4078 1.2
    endloop
  endfacet
  facet normal 0 0 1
    outer loop
      vertex 6.14891 4.24289 1.2
      vertex 14.9212 9.14372 1.2
      vertex 14.1578 10.2862 1.2
    endloop
  endfacet
  facet normal 0 0 1
    outer loop
      vertex 16.6435 -5.4078 1.2
      vertex 6.74891 -3.20366 1.2
      vertex 16.1679 -6.69696 1.2
    endloop
  endfacet
  facet normal 0 0 1
    outer loop
      vertex 6.14891 4.24289 1.2
      vertex 14.1578 10.2862 1.2
      vertex 13.3071 11.3653 1.2
    endloop
  endfacet
  facet normal 0 0 1
    outer loop
      vertex 16.1679 -6.69696 1.2
      vertex 6.74891 -3.20366 1.2
      vertex 15.5926 -7.94483 1.2
    endloop
  endfacet
  facet normal 0 0 1
    outer loop
      vertex 6.14891 4.24289 1.2
      vertex 13.3071 11.3653 1.2
      vertex 12.3744 12.3744 1.2
    endloop
  endfacet
  facet normal 0 0 1
    outer loop
      vertex 15.5926 -7.94483 1.2
      vertex 6.74891 -3.20366 1.2
      vertex 14.9212 -9.14372 1.2
    endloop
  endfacet
  facet normal 0 0 1
    outer loop
      vertex 4.24289 6.14891 1.2
      vertex 12.3744 12.3744 1.2
      vertex 11.3653 13.3071 1.2
    endloop
  endfacet
  facet normal -0 0 1
    outer loop
      vertex 6.14891 -4.24289 1.2
      vertex 14.9212 -9.14372 1.2
      vertex 6.74891 -3.20366 1.2
    endloop
  endfacet
  facet normal 0 0 1
    outer loop
      vertex 4.24289 6.14891 1.2
      vertex 11.3653 13.3071 1.2
      vertex 10.2862 14.1578 1.2
    endloop
  endfacet
  facet normal 0 0 1
    outer loop
      vertex 14.9212 -9.14372 1.2
      vertex 6.14891 -4.24289 1.2
      vertex 14.1578 -10.2862 1.2
    endloop
  endfacet
  facet normal 0 0 1
    outer loop
      vertex 4.24289 6.14891 1.2
      vertex 10.2862 14.1578 1.2
      vertex 9.14372 14.9212 1.2
    endloop
  endfacet
  facet normal 0 0 1
    outer loop
      vertex 14.1578 -10.2862 1.2
      vertex 6.14891 -4.24289 1.2
      vertex 13.3071 -11.3653 1.2
    endloop
  endfacet
  facet normal 0 0 1
    outer loop
      vertex 3.20366 6.74891 1.2
      vertex 9.14372 14.9212 1.2
      vertex 7.94483 15.5926 1.2
    endloop
  endfacet
  facet normal 0 0 1
    outer loop
      vertex 13.3071 -11.3653 1.2
      vertex 6.14891 -4.24289 1.2
      vertex 12.3744 -12.3744 1.2
    endloop
  endfacet
  facet normal -0 0 1
    outer loop
      vertex 4.24289 -6.14891 1.2
      vertex 12.3744 -12.3744 1.2
      vertex 6.14891 -4.24289 1.2
    endloop
  endfacet
  facet normal 0 0 1
    outer loop
      vertex 17.0165 4.08529 1.2
      vertex 6.74891 3.20366 1.2
      vertex 7.44656 0.599999 1.2
    endloop
  endfacet
  facet normal 0 0 1
    outer loop
      vertex 7.44656 0.599999 1.2
      vertex 7.05857 1.11797 1.2
      vertex 7.11988 0.599999 1.2
    endloop
  endfacet
  facet normal -0 -0 1
    outer loop
      vertex 6.9491 1.66833 1.2
      vertex 7.44656 0.599999 1.2
      vertex 6.74891 3.20366 1.2
    endloop
  endfacet
  facet normal 0 0 1
    outer loop
      vertex 7.44656 0.599999 1.2
      vertex 6.9491 1.66833 1.2
      vertex 7.05857 1.11797 1.2
    endloop
  endfacet
  facet normal 0 0 1
    outer loop
      vertex 6.9491 1.66833 1.2
      vertex 6.74891 3.20366 1.2
      vertex 6.79678 2.20841 1.2
    endloop
  endfacet
  facet normal 0 0 1
    outer loop
      vertex 3.20366 6.74891 1.2
      vertex 7.94483 15.5926 1.2
      vertex 6.69696 16.1679 1.2
    endloop
  endfacet
  facet normal 0 0 1
    outer loop
      vertex 14.9212 9.14372 1.2
      vertex 6.14891 4.24289 1.2
      vertex 6.74891 3.20366 1.2
    endloop
  endfacet
  facet normal 0 0 1
    outer loop
      vertex 12.3744 12.3744 1.2
      vertex 4.24289 6.14891 1.2
      vertex 6.14891 4.24289 1.2
    endloop
  endfacet
  facet normal 0 0 1
    outer loop
      vertex 6.14891 4.24289 1.2
      vertex 5.78169 4.20064 1.2
      vertex 5.86354 4.07814 1.2
    endloop
  endfacet
  facet normal 0 0 1
    outer loop
      vertex 6.14891 4.24289 1.2
      vertex 5.43429 4.64132 1.2
      vertex 5.78169 4.20064 1.2
    endloop
  endfacet
  facet normal 0 0 1
    outer loop
      vertex 3.20366 6.74891 1.2
      vertex 6.69696 16.1679 1.2
      vertex 5.4078 16.6435 1.2
    endloop
  endfacet
  facet normal 0 0 1
    outer loop
      vertex 6.14891 4.24289 1.2
      vertex 5.05338 5.05338 1.2
      vertex 5.43429 4.64132 1.2
    endloop
  endfacet
  facet normal 0 0 1
    outer loop
      vertex 6.14891 4.24289 1.2
      vertex 4.24289 6.14891 1.2
      vertex 5.05338 5.05338 1.2
    endloop
  endfacet
  facet normal 0 0 1
    outer loop
      vertex 5.05338 5.05338 1.2
      vertex 4.24289 6.14891 1.2
      vertex 4.64132 5.43429 1.2
    endloop
  endfacet
  facet normal 0 0 1
    outer loop
      vertex 3.20366 6.74891 1.2
      vertex 5.4078 16.6435 1.2
      vertex 4.08529 17.0165 1.2
    endloop
  endfacet
  facet normal 0 0 1
    outer loop
      vertex 9.14372 14.9212 1.2
      vertex 3.20366 6.74891 1.2
      vertex 4.24289 6.14891 1.2
    endloop
  endfacet
  facet normal -0 0 1
    outer loop
      vertex 0.599999 7.44656 1.2
      vertex 3.20366 6.74891 1.2
      vertex 4.08529 17.0165 1.2
    endloop
  endfacet
  facet normal 0 0 1
    outer loop
      vertex 0.599999 7.44656 1.2
      vertex 4.08529 17.0165 1.2
      vertex 2.7376 17.2845 1.2
    endloop
  endfacet
  facet normal 0 0 1
    outer loop
      vertex 3.20366 6.74891 1.2
      vertex 2.73487 6.60256 1.2
      vertex 3.03838 6.46264 1.2
    endloop
  endfacet
  facet normal 0 0 1
    outer loop
      vertex 3.20366 6.74891 1.2
      vertex 2.20841 6.79678 1.2
      vertex 2.73487 6.60256 1.2
    endloop
  endfacet
  facet normal 0 0 1
    outer loop
      vertex 3.20366 6.74891 1.2
      vertex 1.66833 6.9491 1.2
      vertex 2.20841 6.79678 1.2
    endloop
  endfacet
  facet normal 0 0 1
    outer loop
      vertex 0.599999 7.44656 1.2
      vertex 2.7376 17.2845 1.2
      vertex 1.37303 17.4461 1.2
    endloop
  endfacet
  facet normal 0 0 1
    outer loop
      vertex 3.20366 6.74891 1.2
      vertex 0.599999 7.44656 1.2
      vertex 1.66833 6.9491 1.2
    endloop
  endfacet
  facet normal 0 0 1
    outer loop
      vertex 1.66833 6.9491 1.2
      vertex 0.599999 7.44656 1.2
      vertex 1.11797 7.05857 1.2
    endloop
  endfacet
  facet normal 0 0 1
    outer loop
      vertex 0 17.5 1.2
      vertex 0.599999 7.44656 1.2
      vertex 1.37303 17.4461 1.2
    endloop
  endfacet
  facet normal 0 0 1
    outer loop
      vertex 0 17.5 1.2
      vertex -0.599999 7.44656 1.2
      vertex 0.599999 7.44656 1.2
    endloop
  endfacet
  facet normal 0 0 1
    outer loop
      vertex -0.599999 7.44656 1.2
      vertex -1.11797 7.05857 1.2
      vertex -0.599999 7.11988 1.2
    endloop
  endfacet
  facet normal -0 0 1
    outer loop
      vertex -1.37303 17.4461 1.2
      vertex -0.599999 7.44656 1.2
      vertex 0 17.5 1.2
    endloop
  endfacet
  facet normal -0 0 1
    outer loop
      vertex -2.7376 17.2845 1.2
      vertex -0.599999 7.44656 1.2
      vertex -1.37303 17.4461 1.2
    endloop
  endfacet
  facet normal -0 0 1
    outer loop
      vertex -4.08529 17.0165 1.2
      vertex -0.599999 7.44656 1.2
      vertex -2.7376 17.2845 1.2
    endloop
  endfacet
  facet normal 0 0 1
    outer loop
      vertex -0.599999 7.44656 1.2
      vertex -1.66833 6.9491 1.2
      vertex -1.11797 7.05857 1.2
    endloop
  endfacet
  facet normal 0 -0 1
    outer loop
      vertex -3.20366 6.74891 1.2
      vertex -0.599999 7.44656 1.2
      vertex -4.08529 17.0165 1.2
    endloop
  endfacet
  facet normal 0 0 1
    outer loop
      vertex -0.599999 7.44656 1.2
      vertex -3.20366 6.74891 1.2
      vertex -1.66833 6.9491 1.2
    endloop
  endfacet
  facet normal 0 0 1
    outer loop
      vertex -2.20841 6.79678 1.2
      vertex -3.20366 6.74891 1.2
      vertex -2.73487 6.60256 1.2
    endloop
  endfacet
  facet normal 0 0 1
    outer loop
      vertex -2.73487 6.60256 1.2
      vertex -3.20366 6.74891 1.2
      vertex -3.03838 6.46264 1.2
    endloop
  endfacet
  facet normal 0 0 1
    outer loop
      vertex -1.66833 6.9491 1.2
      vertex -3.20366 6.74891 1.2
      vertex -2.20841 6.79678 1.2
    endloop
  endfacet
  facet normal -0 0 1
    outer loop
      vertex -5.4078 16.6435 1.2
      vertex -3.20366 6.74891 1.2
      vertex -4.08529 17.0165 1.2
    endloop
  endfacet
  facet normal -0 0 1
    outer loop
      vertex -6.69696 16.1679 1.2
      vertex -3.20366 6.74891 1.2
      vertex -5.4078 16.6435 1.2
    endloop
  endfacet
  facet normal -0 0 1
    outer loop
      vertex -7.94483 15.5926 1.2
      vertex -3.20366 6.74891 1.2
      vertex -6.69696 16.1679 1.2
    endloop
  endfacet
  facet normal -0 0 1
    outer loop
      vertex -9.14372 14.9212 1.2
      vertex -3.20366 6.74891 1.2
      vertex -7.94483 15.5926 1.2
    endloop
  endfacet
  facet normal 0 0 1
    outer loop
      vertex -3.20366 6.74891 1.2
      vertex -9.14372 14.9212 1.2
      vertex -4.24289 6.14891 1.2
    endloop
  endfacet
  facet normal -0 0 1
    outer loop
      vertex -10.2862 14.1578 1.2
      vertex -4.24289 6.14891 1.2
      vertex -9.14372 14.9212 1.2
    endloop
  endfacet
  facet normal -0 0 1
    outer loop
      vertex -11.3653 13.3071 1.2
      vertex -4.24289 6.14891 1.2
      vertex -10.2862 14.1578 1.2
    endloop
  endfacet
  facet normal 0 0 1
    outer loop
      vertex -5.78169 4.20064 1.2
      vertex -6.14891 4.24289 1.2
      vertex -5.86354 4.07814 1.2
    endloop
  endfacet
  facet normal -0 0 1
    outer loop
      vertex -12.3744 12.3744 1.2
      vertex -4.24289 6.14891 1.2
      vertex -11.3653 13.3071 1.2
    endloop
  endfacet
  facet normal 0 0 1
    outer loop
      vertex -5.43429 4.64132 1.2
      vertex -6.14891 4.24289 1.2
      vertex -5.78169 4.20064 1.2
    endloop
  endfacet
  facet normal 0 0 1
    outer loop
      vertex -4.24289 6.14891 1.2
      vertex -5.05338 5.05338 1.2
      vertex -4.64132 5.43429 1.2
    endloop
  endfacet
  facet normal 0 -0 1
    outer loop
      vertex -6.14891 4.24289 1.2
      vertex -4.24289 6.14891 1.2
      vertex -12.3744 12.3744 1.2
    endloop
  endfacet
  facet normal 0 0 1
    outer loop
      vertex -5.05338 5.05338 1.2
      vertex -6.14891 4.24289 1.2
      vertex -5.43429 4.64132 1.2
    endloop
  endfacet
  facet normal 0 0 1
    outer loop
      vertex -4.24289 6.14891 1.2
      vertex -6.14891 4.24289 1.2
      vertex -5.05338 5.05338 1.2
    endloop
  endfacet
  facet normal -0 0 1
    outer loop
      vertex -13.3071 11.3653 1.2
      vertex -6.14891 4.24289 1.2
      vertex -12.3744 12.3744 1.2
    endloop
  endfacet
  facet normal -0 0 1
    outer loop
      vertex -14.9212 9.14372 1.2
      vertex -6.14891 4.24289 1.2
      vertex -14.1578 10.2862 1.2
    endloop
  endfacet
  facet normal -0 0 1
    outer loop
      vertex -14.1578 10.2862 1.2
      vertex -6.14891 4.24289 1.2
      vertex -13.3071 11.3653 1.2
    endloop
  endfacet
  facet normal 0 0 1
    outer loop
      vertex 12.3744 -12.3744 1.2
      vertex 4.24289 -6.14891 1.2
      vertex 11.3653 -13.3071 1.2
    endloop
  endfacet
  facet normal 0 0 1
    outer loop
      vertex 7.05857 -1.11797 1.2
      vertex 7.44656 -0.599999 1.2
      vertex 7.11988 -0.599999 1.2
    endloop
  endfacet
  facet normal 0 0 1
    outer loop
      vertex 6.9491 -1.66833 1.2
      vertex 7.44656 -0.599999 1.2
      vertex 7.05857 -1.11797 1.2
    endloop
  endfacet
  facet normal 0 0 1
    outer loop
      vertex 7.44656 -0.599999 1.2
      vertex 6.9491 -1.66833 1.2
      vertex 6.74891 -3.20366 1.2
    endloop
  endfacet
  facet normal 0 0 1
    outer loop
      vertex 6.74891 -3.20366 1.2
      vertex 6.9491 -1.66833 1.2
      vertex 6.79678 -2.20841 1.2
    endloop
  endfacet
  facet normal 0 0 1
    outer loop
      vertex 11.3653 -13.3071 1.2
      vertex 4.24289 -6.14891 1.2
      vertex 10.2862 -14.1578 1.2
    endloop
  endfacet
  facet normal 0 0 1
    outer loop
      vertex 10.2862 -14.1578 1.2
      vertex 4.24289 -6.14891 1.2
      vertex 9.14372 -14.9212 1.2
    endloop
  endfacet
  facet normal -0 0 1
    outer loop
      vertex 3.20366 -6.74891 1.2
      vertex 9.14372 -14.9212 1.2
      vertex 4.24289 -6.14891 1.2
    endloop
  endfacet
  facet normal -0 0 1
    outer loop
      vertex 5.78169 -4.20064 1.2
      vertex 6.14891 -4.24289 1.2
      vertex 5.86354 -4.07814 1.2
    endloop
  endfacet
  facet normal 0 0 1
    outer loop
      vertex 5.43429 -4.64132 1.2
      vertex 6.14891 -4.24289 1.2
      vertex 5.78169 -4.20064 1.2
    endloop
  endfacet
  facet normal 0 0 1
    outer loop
      vertex 5.05338 -5.05338 1.2
      vertex 6.14891 -4.24289 1.2
      vertex 5.43429 -4.64132 1.2
    endloop
  endfacet
  facet normal 0 0 1
    outer loop
      vertex 4.24289 -6.14891 1.2
      vertex 6.14891 -4.24289 1.2
      vertex 5.05338 -5.05338 1.2
    endloop
  endfacet
  facet normal 0 0 1
    outer loop
      vertex 9.14372 -14.9212 1.2
      vertex 3.20366 -6.74891 1.2
      vertex 7.94483 -15.5926 1.2
    endloop
  endfacet
  facet normal 0 0 1
    outer loop
      vertex 4.24289 -6.14891 1.2
      vertex 5.05338 -5.05338 1.2
      vertex 4.64132 -5.43429 1.2
    endloop
  endfacet
  facet normal 0 0 1
    outer loop
      vertex 7.94483 -15.5926 1.2
      vertex 3.20366 -6.74891 1.2
      vertex 6.69696 -16.1679 1.2
    endloop
  endfacet
  facet normal 0 0 1
    outer loop
      vertex 6.69696 -16.1679 1.2
      vertex 3.20366 -6.74891 1.2
      vertex 5.4078 -16.6435 1.2
    endloop
  endfacet
  facet normal 0 0 1
    outer loop
      vertex 5.4078 -16.6435 1.2
      vertex 3.20366 -6.74891 1.2
      vertex 4.08529 -17.0165 1.2
    endloop
  endfacet
  facet normal -0 0 1
    outer loop
      vertex 2.73487 -6.60256 1.2
      vertex 3.20366 -6.74891 1.2
      vertex 3.03838 -6.46264 1.2
    endloop
  endfacet
  facet normal 0 0 1
    outer loop
      vertex 2.20841 -6.79678 1.2
      vertex 3.20366 -6.74891 1.2
      vertex 2.73487 -6.60256 1.2
    endloop
  endfacet
  facet normal 0 0 1
    outer loop
      vertex 1.66833 -6.9491 1.2
      vertex 3.20366 -6.74891 1.2
      vertex 2.20841 -6.79678 1.2
    endloop
  endfacet
  facet normal 0 0 1
    outer loop
      vertex 0.599999 -7.44656 1.2
      vertex 3.20366 -6.74891 1.2
      vertex 1.66833 -6.9491 1.2
    endloop
  endfacet
  facet normal 0 0 1
    outer loop
      vertex 3.20366 -6.74891 1.2
      vertex 0.599999 -7.44656 1.2
      vertex 4.08529 -17.0165 1.2
    endloop
  endfacet
  facet normal 0 0 1
    outer loop
      vertex 4.08529 -17.0165 1.2
      vertex 0.599999 -7.44656 1.2
      vertex 2.7376 -17.2845 1.2
    endloop
  endfacet
  facet normal 0 0 1
    outer loop
      vertex 0.599999 -7.44656 1.2
      vertex 1.66833 -6.9491 1.2
      vertex 1.11797 -7.05857 1.2
    endloop
  endfacet
  facet normal 0 0 1
    outer loop
      vertex 0.599999 -7.44656 1.2
      vertex 1.11797 -7.05857 1.2
      vertex 0.599999 -7.11988 1.2
    endloop
  endfacet
  facet normal 0 0 1
    outer loop
      vertex 2.7376 -17.2845 1.2
      vertex 0.599999 -7.44656 1.2
      vertex 1.37303 -17.4461 1.2
    endloop
  endfacet
  facet normal 0 0 1
    outer loop
      vertex 0.599999 -7.44656 1.2
      vertex 0 -17.5 1.2
      vertex 1.37303 -17.4461 1.2
    endloop
  endfacet
  facet normal -0 0 1
    outer loop
      vertex -0.599999 -7.44656 1.2
      vertex 0 -17.5 1.2
      vertex 0.599999 -7.44656 1.2
    endloop
  endfacet
  facet normal 0 0 1
    outer loop
      vertex -1.66833 -6.9491 1.2
      vertex -0.599999 -7.44656 1.2
      vertex -1.11797 -7.05857 1.2
    endloop
  endfacet
  facet normal 0 0 1
    outer loop
      vertex -0.599999 -7.44656 1.2
      vertex -1.37303 -17.4461 1.2
      vertex 0 -17.5 1.2
    endloop
  endfacet
  facet normal 0 0 1
    outer loop
      vertex -3.20366 -6.74891 1.2
      vertex -0.599999 -7.44656 1.2
      vertex -1.66833 -6.9491 1.2
    endloop
  endfacet
  facet normal 0 0 1
    outer loop
      vertex -3.20366 -6.74891 1.2
      vertex -1.66833 -6.9491 1.2
      vertex -2.20841 -6.79678 1.2
    endloop
  endfacet
  facet normal -0 0 1
    outer loop
      vertex -3.20366 -6.74891 1.2
      vertex -2.20841 -6.79678 1.2
      vertex -2.73487 -6.60256 1.2
    endloop
  endfacet
  facet normal 0 0 1
    outer loop
      vertex -0.599999 -7.44656 1.2
      vertex -3.20366 -6.74891 1.2
      vertex -4.08529 -17.0165 1.2
    endloop
  endfacet
  facet normal 0 0 1
    outer loop
      vertex -3.20366 -6.74891 1.2
      vertex -2.73487 -6.60256 1.2
      vertex -3.03838 -6.46264 1.2
    endloop
  endfacet
  facet normal 0 0 1
    outer loop
      vertex -0.599999 -7.44656 1.2
      vertex -2.7376 -17.2845 1.2
      vertex -1.37303 -17.4461 1.2
    endloop
  endfacet
  facet normal 0 0 1
    outer loop
      vertex -0.599999 -7.44656 1.2
      vertex -4.08529 -17.0165 1.2
      vertex -2.7376 -17.2845 1.2
    endloop
  endfacet
  facet normal 0 0 1
    outer loop
      vertex -9.14372 -14.9212 1.2
      vertex -3.20366 -6.74891 1.2
      vertex -4.24289 -6.14891 1.2
    endloop
  endfacet
  facet normal 0 0 1
    outer loop
      vertex -5.05338 -5.05338 1.2
      vertex -4.24289 -6.14891 1.2
      vertex -4.64132 -5.43429 1.2
    endloop
  endfacet
  facet normal 0 0 1
    outer loop
      vertex -6.14891 -4.24289 1.2
      vertex -4.24289 -6.14891 1.2
      vertex -5.05338 -5.05338 1.2
    endloop
  endfacet
  facet normal 0 0 1
    outer loop
      vertex -3.20366 -6.74891 1.2
      vertex -5.4078 -16.6435 1.2
      vertex -4.08529 -17.0165 1.2
    endloop
  endfacet
  facet normal 0 0 1
    outer loop
      vertex -6.14891 -4.24289 1.2
      vertex -5.05338 -5.05338 1.2
      vertex -5.43429 -4.64132 1.2
    endloop
  endfacet
  facet normal -0 0 1
    outer loop
      vertex -6.14891 -4.24289 1.2
      vertex -5.43429 -4.64132 1.2
      vertex -5.78169 -4.20064 1.2
    endloop
  endfacet
  facet normal 0 0 1
    outer loop
      vertex -6.14891 -4.24289 1.2
      vertex -5.78169 -4.20064 1.2
      vertex -5.86354 -4.07814 1.2
    endloop
  endfacet
  facet normal 0 0 1
    outer loop
      vertex -4.24289 -6.14891 1.2
      vertex -6.14891 -4.24289 1.2
      vertex -12.3744 -12.3744 1.2
    endloop
  endfacet
  facet normal 0 0 1
    outer loop
      vertex -3.20366 -6.74891 1.2
      vertex -6.69696 -16.1679 1.2
      vertex -5.4078 -16.6435 1.2
    endloop
  endfacet
  facet normal 0 0 1
    outer loop
      vertex -14.9212 -9.14372 1.2
      vertex -6.14891 -4.24289 1.2
      vertex -6.74891 -3.20366 1.2
    endloop
  endfacet
  facet normal 0 0 1
    outer loop
      vertex -6.9491 -1.66833 1.2
      vertex -6.74891 -3.20366 1.2
      vertex -6.79678 -2.20841 1.2
    endloop
  endfacet
  facet normal 0 0 1
    outer loop
      vertex -7.44656 -0.599999 1.2
      vertex -6.74891 -3.20366 1.2
      vertex -6.9491 -1.66833 1.2
    endloop
  endfacet
  facet normal 0 0 1
    outer loop
      vertex -7.44656 -0.599999 1.2
      vertex -6.9491 -1.66833 1.2
      vertex -7.05857 -1.11797 1.2
    endloop
  endfacet
  facet normal -0 0 1
    outer loop
      vertex -7.44656 -0.599999 1.2
      vertex -7.05857 -1.11797 1.2
      vertex -7.11988 -0.599999 1.2
    endloop
  endfacet
  facet normal 0 0 1
    outer loop
      vertex -17.0165 -4.08529 1.2
      vertex -6.74891 -3.20366 1.2
      vertex -7.44656 -0.599999 1.2
    endloop
  endfacet
  facet normal 0 0 1
    outer loop
      vertex -3.20366 -6.74891 1.2
      vertex -7.94483 -15.5926 1.2
      vertex -6.69696 -16.1679 1.2
    endloop
  endfacet
  facet normal 0 0 1
    outer loop
      vertex -6.14891 4.24289 1.2
      vertex -14.9212 9.14372 1.2
      vertex -6.74891 3.20366 1.2
    endloop
  endfacet
  facet normal -0 0 1
    outer loop
      vertex -15.5926 7.94483 1.2
      vertex -6.74891 3.20366 1.2
      vertex -14.9212 9.14372 1.2
    endloop
  endfacet
  facet normal 0 0 1
    outer loop
      vertex -3.20366 -6.74891 1.2
      vertex -9.14372 -14.9212 1.2
      vertex -7.94483 -15.5926 1.2
    endloop
  endfacet
  facet normal 0 0 1
    outer loop
      vertex -7.05857 1.11797 1.2
      vertex -7.44656 0.599999 1.2
      vertex -7.11988 0.599999 1.2
    endloop
  endfacet
  facet normal 0 0 1
    outer loop
      vertex -4.24289 -6.14891 1.2
      vertex -10.2862 -14.1578 1.2
      vertex -9.14372 -14.9212 1.2
    endloop
  endfacet
  facet normal -0 0 1
    outer loop
      vertex -16.1679 6.69696 1.2
      vertex -6.74891 3.20366 1.2
      vertex -15.5926 7.94483 1.2
    endloop
  endfacet
  facet normal 0 0 1
    outer loop
      vertex -4.24289 -6.14891 1.2
      vertex -11.3653 -13.3071 1.2
      vertex -10.2862 -14.1578 1.2
    endloop
  endfacet
  facet normal -0 0 1
    outer loop
      vertex -16.6435 5.4078 1.2
      vertex -6.74891 3.20366 1.2
      vertex -16.1679 6.69696 1.2
    endloop
  endfacet
  facet normal 0 0 1
    outer loop
      vertex -4.24289 -6.14891 1.2
      vertex -12.3744 -12.3744 1.2
      vertex -11.3653 -13.3071 1.2
    endloop
  endfacet
  facet normal -0 0 1
    outer loop
      vertex -17.0165 4.08529 1.2
      vertex -6.74891 3.20366 1.2
      vertex -16.6435 5.4078 1.2
    endloop
  endfacet
  facet normal 0 0 1
    outer loop
      vertex -6.14891 -4.24289 1.2
      vertex -13.3071 -11.3653 1.2
      vertex -12.3744 -12.3744 1.2
    endloop
  endfacet
  facet normal 0 0 1
    outer loop
      vertex -6.74891 3.20366 1.2
      vertex -6.9491 1.66833 1.2
      vertex -6.79678 2.20841 1.2
    endloop
  endfacet
  facet normal 0 0 1
    outer loop
      vertex -6.14891 -4.24289 1.2
      vertex -14.1578 -10.2862 1.2
      vertex -13.3071 -11.3653 1.2
    endloop
  endfacet
  facet normal 0 0 1
    outer loop
      vertex -6.74891 3.20366 1.2
      vertex -7.44656 0.599999 1.2
      vertex -6.9491 1.66833 1.2
    endloop
  endfacet
  facet normal 0 0 1
    outer loop
      vertex -6.14891 -4.24289 1.2
      vertex -14.9212 -9.14372 1.2
      vertex -14.1578 -10.2862 1.2
    endloop
  endfacet
  facet normal 0 0 1
    outer loop
      vertex -6.9491 1.66833 1.2
      vertex -7.44656 0.599999 1.2
      vertex -7.05857 1.11797 1.2
    endloop
  endfacet
  facet normal 0 0 1
    outer loop
      vertex -6.74891 -3.20366 1.2
      vertex -15.5926 -7.94483 1.2
      vertex -14.9212 -9.14372 1.2
    endloop
  endfacet
  facet normal 0 0 1
    outer loop
      vertex -6.74891 3.20366 1.2
      vertex -17.0165 4.08529 1.2
      vertex -7.44656 0.599999 1.2
    endloop
  endfacet
  facet normal 0 0 1
    outer loop
      vertex -6.74891 -3.20366 1.2
      vertex -16.1679 -6.69696 1.2
      vertex -15.5926 -7.94483 1.2
    endloop
  endfacet
  facet normal -0 0 1
    outer loop
      vertex -17.2845 2.7376 1.2
      vertex -7.44656 0.599999 1.2
      vertex -17.0165 4.08529 1.2
    endloop
  endfacet
  facet normal 0 0 1
    outer loop
      vertex -6.74891 -3.20366 1.2
      vertex -16.6435 -5.4078 1.2
      vertex -16.1679 -6.69696 1.2
    endloop
  endfacet
  facet normal -0 0 1
    outer loop
      vertex -17.4461 1.37303 1.2
      vertex -7.44656 0.599999 1.2
      vertex -17.2845 2.7376 1.2
    endloop
  endfacet
  facet normal 0 0 1
    outer loop
      vertex -6.74891 -3.20366 1.2
      vertex -17.0165 -4.08529 1.2
      vertex -16.6435 -5.4078 1.2
    endloop
  endfacet
  facet normal 0 0 1
    outer loop
      vertex -17.5 0 1.2
      vertex -7.44656 0.599999 1.2
      vertex -17.4461 1.37303 1.2
    endloop
  endfacet
  facet normal 0 0 1
    outer loop
      vertex -7.44656 -0.599999 1.2
      vertex -17.2845 -2.7376 1.2
      vertex -17.0165 -4.08529 1.2
    endloop
  endfacet
  facet normal 0 0 1
    outer loop
      vertex -7.44656 0.599999 1.2
      vertex -17.5 0 1.2
      vertex -7.44656 -0.599999 1.2
    endloop
  endfacet
  facet normal 0 0 1
    outer loop
      vertex -7.44656 -0.599999 1.2
      vertex -17.4461 -1.37303 1.2
      vertex -17.2845 -2.7376 1.2
    endloop
  endfacet
  facet normal 0 0 1
    outer loop
      vertex -7.44656 -0.599999 1.2
      vertex -17.5 0 1.2
      vertex -17.4461 -1.37303 1.2
    endloop
  endfacet
  facet normal 0 0 1
    outer loop
      vertex 6.74891 3.20366 1.2
      vertex 6.60256 2.73487 1.2
      vertex 6.79678 2.20841 1.2
    endloop
  endfacet
  facet normal 0 -0 1
    outer loop
      vertex 6.60256 2.73487 1.2
      vertex 6.74891 3.20366 1.2
      vertex 6.46264 3.03838 1.2
    endloop
  endfacet
  facet normal 0 0 1
    outer loop
      vertex 4.24289 6.14891 1.2
      vertex 4.20064 5.78169 1.2
      vertex 4.64132 5.43429 1.2
    endloop
  endfacet
  facet normal 0 -0 1
    outer loop
      vertex 4.20064 5.78169 1.2
      vertex 4.24289 6.14891 1.2
      vertex 4.07814 5.86354 1.2
    endloop
  endfacet
  facet normal 0 0 1
    outer loop
      vertex 1.11797 7.05857 1.2
      vertex 0.599999 7.44656 1.2
      vertex 0.599999 7.11988 1.2
    endloop
  endfacet
  facet normal 0 0 1
    outer loop
      vertex -4.24289 6.14891 1.2
      vertex -4.20064 5.78169 1.2
      vertex -4.07814 5.86354 1.2
    endloop
  endfacet
  facet normal 0 0 1
    outer loop
      vertex -4.20064 5.78169 1.2
      vertex -4.24289 6.14891 1.2
      vertex -4.64132 5.43429 1.2
    endloop
  endfacet
  facet normal 0 0 1
    outer loop
      vertex -6.74891 3.20366 1.2
      vertex -6.60256 2.73487 1.2
      vertex -6.46264 3.03838 1.2
    endloop
  endfacet
  facet normal 0 0 1
    outer loop
      vertex -6.60256 2.73487 1.2
      vertex -6.74891 3.20366 1.2
      vertex -6.79678 2.20841 1.2
    endloop
  endfacet
  facet normal -0.418674 -0.908137 0
    outer loop
      vertex -7.94483 -15.5926 0
      vertex -6.69696 -16.1679 1.2
      vertex -7.94483 -15.5926 1.2
    endloop
  endfacet
  facet normal -0.418674 -0.908137 -0
    outer loop
      vertex -6.69696 -16.1679 1.2
      vertex -7.94483 -15.5926 0
      vertex -6.69696 -16.1679 0
    endloop
  endfacet
  facet normal -0.73436 0.678761 0
    outer loop
      vertex -13.3071 11.3653 0
      vertex -12.3744 12.3744 1.2
      vertex -12.3744 12.3744 0
    endloop
  endfacet
  facet normal -0.73436 0.678761 0
    outer loop
      vertex -12.3744 12.3744 1.2
      vertex -13.3071 11.3653 0
      vertex -13.3071 11.3653 1.2
    endloop
  endfacet
  facet normal -0.346119 0.93819 0
    outer loop
      vertex -5.4078 16.6435 0
      vertex -6.69696 16.1679 1.2
      vertex -5.4078 16.6435 1.2
    endloop
  endfacet
  facet normal -0.346119 0.93819 0
    outer loop
      vertex -6.69696 16.1679 1.2
      vertex -5.4078 16.6435 0
      vertex -6.69696 16.1679 0
    endloop
  endfacet
  facet normal -0.962453 0.27145 0
    outer loop
      vertex -17.0165 4.08529 0
      vertex -16.6435 5.4078 1.2
      vertex -16.6435 5.4078 0
    endloop
  endfacet
  facet normal -0.962453 0.27145 0
    outer loop
      vertex -16.6435 5.4078 1.2
      vertex -17.0165 4.08529 0
      vertex -17.0165 4.08529 1.2
    endloop
  endfacet
  facet normal -0.488615 0.872499 0
    outer loop
      vertex -7.94483 15.5926 0
      vertex -9.14372 14.9212 1.2
      vertex -7.94483 15.5926 1.2
    endloop
  endfacet
  facet normal -0.488615 0.872499 0
    outer loop
      vertex -9.14372 14.9212 1.2
      vertex -7.94483 15.5926 0
      vertex -9.14372 14.9212 0
    endloop
  endfacet
  facet normal -0.993061 -0.117604 0
    outer loop
      vertex -17.2845 -2.7376 0
      vertex -17.4461 -1.37303 1.2
      vertex -17.4461 -1.37303 0
    endloop
  endfacet
  facet normal -0.993061 -0.117604 0
    outer loop
      vertex -17.4461 -1.37303 1.2
      vertex -17.2845 -2.7376 0
      vertex -17.2845 -2.7376 1.2
    endloop
  endfacet
  facet normal 0.346119 -0.93819 0
    outer loop
      vertex 5.4078 -16.6435 0
      vertex 6.69696 -16.1679 1.2
      vertex 5.4078 -16.6435 1.2
    endloop
  endfacet
  facet normal 0.346119 -0.93819 0
    outer loop
      vertex 6.69696 -16.1679 1.2
      vertex 5.4078 -16.6435 0
      vertex 6.69696 -16.1679 0
    endloop
  endfacet
  facet normal -0.488615 -0.872499 0
    outer loop
      vertex -9.14372 -14.9212 0
      vertex -7.94483 -15.5926 1.2
      vertex -9.14372 -14.9212 1.2
    endloop
  endfacet
  facet normal -0.488615 -0.872499 -0
    outer loop
      vertex -7.94483 -15.5926 1.2
      vertex -9.14372 -14.9212 0
      vertex -7.94483 -15.5926 0
    endloop
  endfacet
  facet normal 0.785315 -0.619097 0
    outer loop
      vertex 13.3071 -11.3653 1.2
      vertex 14.1578 -10.2862 0
      vertex 14.1578 -10.2862 1.2
    endloop
  endfacet
  facet normal 0.785315 -0.619097 0
    outer loop
      vertex 14.1578 -10.2862 0
      vertex 13.3071 -11.3653 1.2
      vertex 13.3071 -11.3653 0
    endloop
  endfacet
  facet normal 0.039226 0.99923 -0
    outer loop
      vertex 1.37303 17.4461 0
      vertex 0 17.5 1.2
      vertex 1.37303 17.4461 1.2
    endloop
  endfacet
  facet normal 0.039226 0.99923 0
    outer loop
      vertex 0 17.5 1.2
      vertex 1.37303 17.4461 0
      vertex 0 17.5 0
    endloop
  endfacet
  facet normal 0.785315 0.619097 0
    outer loop
      vertex 14.1578 10.2862 1.2
      vertex 13.3071 11.3653 0
      vertex 13.3071 11.3653 1.2
    endloop
  endfacet
  facet normal 0.785315 0.619097 0
    outer loop
      vertex 13.3071 11.3653 0
      vertex 14.1578 10.2862 1.2
      vertex 14.1578 10.2862 0
    endloop
  endfacet
  facet normal 0.418674 -0.908137 0
    outer loop
      vertex 6.69696 -16.1679 0
      vertex 7.94483 -15.5926 1.2
      vertex 6.69696 -16.1679 1.2
    endloop
  endfacet
  facet normal 0.418674 -0.908137 0
    outer loop
      vertex 7.94483 -15.5926 1.2
      vertex 6.69696 -16.1679 0
      vertex 7.94483 -15.5926 0
    endloop
  endfacet
  facet normal -0.73436 -0.678761 0
    outer loop
      vertex -12.3744 -12.3744 0
      vertex -13.3071 -11.3653 1.2
      vertex -13.3071 -11.3653 0
    endloop
  endfacet
  facet normal -0.73436 -0.678761 0
    outer loop
      vertex -13.3071 -11.3653 1.2
      vertex -12.3744 -12.3744 0
      vertex -12.3744 -12.3744 1.2
    endloop
  endfacet
  facet normal 0.73436 -0.678761 0
    outer loop
      vertex 12.3744 -12.3744 1.2
      vertex 13.3071 -11.3653 0
      vertex 13.3071 -11.3653 1.2
    endloop
  endfacet
  facet normal 0.73436 -0.678761 0
    outer loop
      vertex 13.3071 -11.3653 0
      vertex 12.3744 -12.3744 1.2
      vertex 12.3744 -12.3744 0
    endloop
  endfacet
  facet normal -0.117604 -0.993061 0
    outer loop
      vertex -2.7376 -17.2845 0
      vertex -1.37303 -17.4461 1.2
      vertex -2.7376 -17.2845 1.2
    endloop
  endfacet
  facet normal -0.117604 -0.993061 -0
    outer loop
      vertex -1.37303 -17.4461 1.2
      vertex -2.7376 -17.2845 0
      vertex -1.37303 -17.4461 0
    endloop
  endfacet
  facet normal -0.678761 0.73436 0
    outer loop
      vertex -11.3653 13.3071 0
      vertex -12.3744 12.3744 1.2
      vertex -11.3653 13.3071 1.2
    endloop
  endfacet
  facet normal -0.678761 0.73436 0
    outer loop
      vertex -12.3744 12.3744 1.2
      vertex -11.3653 13.3071 0
      vertex -12.3744 12.3744 0
    endloop
  endfacet
  facet normal -0.418674 0.908137 0
    outer loop
      vertex -6.69696 16.1679 0
      vertex -7.94483 15.5926 1.2
      vertex -6.69696 16.1679 1.2
    endloop
  endfacet
  facet normal -0.418674 0.908137 0
    outer loop
      vertex -7.94483 15.5926 1.2
      vertex -6.69696 16.1679 0
      vertex -7.94483 15.5926 0
    endloop
  endfacet
  facet normal -0.872499 0.488615 0
    outer loop
      vertex -15.5926 7.94483 0
      vertex -14.9212 9.14372 1.2
      vertex -14.9212 9.14372 0
    endloop
  endfacet
  facet normal -0.872499 0.488615 0
    outer loop
      vertex -14.9212 9.14372 1.2
      vertex -15.5926 7.94483 0
      vertex -15.5926 7.94483 1.2
    endloop
  endfacet
  facet normal 0.346119 0.93819 -0
    outer loop
      vertex 6.69696 16.1679 0
      vertex 5.4078 16.6435 1.2
      vertex 6.69696 16.1679 1.2
    endloop
  endfacet
  facet normal 0.346119 0.93819 0
    outer loop
      vertex 5.4078 16.6435 1.2
      vertex 6.69696 16.1679 0
      vertex 5.4078 16.6435 0
    endloop
  endfacet
  facet normal -0.55558 -0.831463 0
    outer loop
      vertex -10.2862 -14.1578 0
      vertex -9.14372 -14.9212 1.2
      vertex -10.2862 -14.1578 1.2
    endloop
  endfacet
  facet normal -0.55558 -0.831463 -0
    outer loop
      vertex -9.14372 -14.9212 1.2
      vertex -10.2862 -14.1578 0
      vertex -9.14372 -14.9212 0
    endloop
  endfacet
  facet normal -0.27145 -0.962453 0
    outer loop
      vertex -5.4078 -16.6435 0
      vertex -4.08529 -17.0165 1.2
      vertex -5.4078 -16.6435 1.2
    endloop
  endfacet
  facet normal -0.27145 -0.962453 -0
    outer loop
      vertex -4.08529 -17.0165 1.2
      vertex -5.4078 -16.6435 0
      vertex -4.08529 -17.0165 0
    endloop
  endfacet
  facet normal 0.678761 -0.73436 0
    outer loop
      vertex 11.3653 -13.3071 0
      vertex 12.3744 -12.3744 1.2
      vertex 11.3653 -13.3071 1.2
    endloop
  endfacet
  facet normal 0.678761 -0.73436 0
    outer loop
      vertex 12.3744 -12.3744 1.2
      vertex 11.3653 -13.3071 0
      vertex 12.3744 -12.3744 0
    endloop
  endfacet
  facet normal -0.980795 -0.19504 0
    outer loop
      vertex -17.0165 -4.08529 0
      vertex -17.2845 -2.7376 1.2
      vertex -17.2845 -2.7376 0
    endloop
  endfacet
  facet normal -0.980795 -0.19504 0
    outer loop
      vertex -17.2845 -2.7376 1.2
      vertex -17.0165 -4.08529 0
      vertex -17.0165 -4.08529 1.2
    endloop
  endfacet
  facet normal -0.785315 0.619097 0
    outer loop
      vertex -14.1578 10.2862 0
      vertex -13.3071 11.3653 1.2
      vertex -13.3071 11.3653 0
    endloop
  endfacet
  facet normal -0.785315 0.619097 0
    outer loop
      vertex -13.3071 11.3653 1.2
      vertex -14.1578 10.2862 0
      vertex -14.1578 10.2862 1.2
    endloop
  endfacet
  facet normal 0.619097 -0.785315 0
    outer loop
      vertex 10.2862 -14.1578 0
      vertex 11.3653 -13.3071 1.2
      vertex 10.2862 -14.1578 1.2
    endloop
  endfacet
  facet normal 0.619097 -0.785315 0
    outer loop
      vertex 11.3653 -13.3071 1.2
      vertex 10.2862 -14.1578 0
      vertex 11.3653 -13.3071 0
    endloop
  endfacet
  facet normal -0.980795 0.19504 0
    outer loop
      vertex -17.2845 2.7376 0
      vertex -17.0165 4.08529 1.2
      vertex -17.0165 4.08529 0
    endloop
  endfacet
  facet normal -0.980795 0.19504 0
    outer loop
      vertex -17.0165 4.08529 1.2
      vertex -17.2845 2.7376 0
      vertex -17.2845 2.7376 1.2
    endloop
  endfacet
  facet normal 0.865751 -0.500475 0
    outer loop
      vertex -1.57328 2.725 8
      vertex -1.57539 2.72135 1.1
      vertex -1.57328 2.725 1.09655
    endloop
  endfacet
  facet normal 0.866025 -0.5 -3.35218e-07
    outer loop
      vertex -3.14656 0 8
      vertex -1.57539 2.72135 1.1
      vertex -1.57328 2.725 8
    endloop
  endfacet
  facet normal 0.866026 -0.499999 0
    outer loop
      vertex -1.57539 2.72135 1.1
      vertex -3.14656 0 8
      vertex -3.14656 0 1.1
    endloop
  endfacet
  facet normal -0.866026 0.499999 0
    outer loop
      vertex 1.57539 -2.72135 1.1
      vertex 3.14656 0 8
      vertex 3.14656 0 1.1
    endloop
  endfacet
  facet normal -0.865751 0.500475 0
    outer loop
      vertex 1.57328 -2.725 8
      vertex 1.57539 -2.72135 1.1
      vertex 1.57328 -2.725 1.09655
    endloop
  endfacet
  facet normal -0.866025 0.5 -3.35218e-07
    outer loop
      vertex 1.57539 -2.72135 1.1
      vertex 1.57328 -2.725 8
      vertex 3.14656 0 8
    endloop
  endfacet
  facet normal 0 0 -1
    outer loop
      vertex 1.57328 -2.725 8
      vertex 1.57328 2.725 8
      vertex 3.14656 0 8
    endloop
  endfacet
  facet normal 0 0 -1
    outer loop
      vertex -1.57328 -2.725 8
      vertex 1.57328 2.725 8
      vertex 1.57328 -2.725 8
    endloop
  endfacet
  facet normal 0 0 -1
    outer loop
      vertex -1.57328 -2.725 8
      vertex -1.57328 2.725 8
      vertex 1.57328 2.725 8
    endloop
  endfacet
  facet normal 0 -0 -1
    outer loop
      vertex -1.57328 2.725 8
      vertex -1.57328 -2.725 8
      vertex -3.14656 0 8
    endloop
  endfacet
  facet normal 0 -1 0
    outer loop
      vertex -1.57328 2.725 8
      vertex -1.56887 2.725 1.1
      vertex 1.57328 2.725 8
    endloop
  endfacet
  facet normal -0 -1 0
    outer loop
      vertex -1.56887 2.725 1.1
      vertex -1.57328 2.725 8
      vertex -1.57328 2.725 1.09655
    endloop
  endfacet
  facet normal 0 -1 0
    outer loop
      vertex 1.56887 2.725 1.1
      vertex 1.57328 2.725 8
      vertex -1.56887 2.725 1.1
    endloop
  endfacet
  facet normal 0 -1 -0
    outer loop
      vertex 1.57328 2.725 8
      vertex 1.56887 2.725 1.1
      vertex 1.57328 2.725 1.09655
    endloop
  endfacet
  facet normal 0.866026 0.499999 0
    outer loop
      vertex -3.14656 0 8
      vertex -1.57539 -2.72135 1.1
      vertex -3.14656 0 1.1
    endloop
  endfacet
  facet normal 0.866025 0.5 -3.35218e-07
    outer loop
      vertex -1.57328 -2.725 8
      vertex -1.57539 -2.72135 1.1
      vertex -3.14656 0 8
    endloop
  endfacet
  facet normal 0.865751 0.500475 0
    outer loop
      vertex -1.57539 -2.72135 1.1
      vertex -1.57328 -2.725 8
      vertex -1.57328 -2.725 1.09655
    endloop
  endfacet
  facet normal 0 1 0
    outer loop
      vertex 1.57328 -2.725 8
      vertex 1.56887 -2.725 1.1
      vertex -1.57328 -2.725 8
    endloop
  endfacet
  facet normal -0 1 0
    outer loop
      vertex 1.56887 -2.725 1.1
      vertex 1.57328 -2.725 8
      vertex 1.57328 -2.725 1.09655
    endloop
  endfacet
  facet normal 0 1 -0
    outer loop
      vertex -1.56887 -2.725 1.1
      vertex -1.57328 -2.725 8
      vertex 1.56887 -2.725 1.1
    endloop
  endfacet
  facet normal 0 1 0
    outer loop
      vertex -1.57328 -2.725 8
      vertex -1.56887 -2.725 1.1
      vertex -1.57328 -2.725 1.09655
    endloop
  endfacet
  facet normal -0.865751 -0.500475 0
    outer loop
      vertex 1.57539 2.72135 1.1
      vertex 1.57328 2.725 8
      vertex 1.57328 2.725 1.09655
    endloop
  endfacet
  facet normal -0.866026 -0.499999 -3.35668e-07
    outer loop
      vertex 3.14656 0 1.1
      vertex 1.57328 2.725 8
      vertex 1.57539 2.72135 1.1
    endloop
  endfacet
  facet normal -0.866025 -0.5 0
    outer loop
      vertex 1.57328 2.725 8
      vertex 3.14656 0 1.1
      vertex 3.14656 0 8
    endloop
  endfacet
  facet normal 0.0333002 -0.847529 -0.529704
    outer loop
      vertex -0.0205729 3.83325 0
      vertex 0 3.14656 1.1
      vertex -0.246876 3.13686 1.1
    endloop
  endfacet
  facet normal 0.033369 -0.847526 -0.529704
    outer loop
      vertex 0 3.14656 1.1
      vertex -0.0205729 3.83325 0
      vertex 0 3.83406 0
    endloop
  endfacet
  facet normal -0.847526 -0.033369 -0.529704
    outer loop
      vertex 3.14656 0 1.1
      vertex 3.83325 0.0205729 0
      vertex 3.83406 0 0
    endloop
  endfacet
  facet normal -0.847529 -0.0333002 -0.529704
    outer loop
      vertex 3.83325 0.0205729 0
      vertex 3.14656 0 1.1
      vertex 3.13686 0.246876 1.1
    endloop
  endfacet
  facet normal -0.847528 -0.033297 -0.529705
    outer loop
      vertex 3.82224 0.300817 0
      vertex 3.83325 0.0205729 0
      vertex 3.13686 0.246876 1.1
    endloop
  endfacet
  facet normal 0.816344 -0.23021 -0.529703
    outer loop
      vertex -3.652 1.16497 0
      vertex -3.05962 0.73455 1.1
      vertex -3.72812 0.895042 0
    endloop
  endfacet
  facet normal 0.23025 0.816329 -0.52971
    outer loop
      vertex -1.16497 -3.652 0
      vertex -0.97234 -2.99255 1.1
      vertex -0.73455 -3.05962 1.1
    endloop
  endfacet
  facet normal 0.230237 0.816332 -0.52971
    outer loop
      vertex -0.97234 -2.99255 1.1
      vertex -1.16497 -3.652 0
      vertex -1.18479 -3.64641 0
    endloop
  endfacet
  facet normal 0.525103 0.666093 -0.529705
    outer loop
      vertex -2.2536 -3.10182 0
      vertex -2.04353 -2.39266 1.1
      vertex -1.8495 -2.54562 1.1
    endloop
  endfacet
  facet normal 0.525177 0.666047 -0.529689
    outer loop
      vertex -2.04353 -2.39266 1.1
      vertex -2.2536 -3.10182 0
      vertex -2.26977 -3.08907 0
    endloop
  endfacet
  facet normal -0.705244 0.471215 -0.529705
    outer loop
      vertex 3.11326 -2.23648 0
      vertex 2.54562 -1.8495 1.1
      vertex 2.68288 -1.64407 1.1
    endloop
  endfacet
  facet normal -0.705223 0.471247 -0.529705
    outer loop
      vertex 2.54562 -1.8495 1.1
      vertex 3.11326 -2.23648 0
      vertex 3.10182 -2.2536 0
    endloop
  endfacet
  facet normal -0.740033 0.414441 -0.529707
    outer loop
      vertex 3.41617 -1.74063 0
      vertex 2.68288 -1.64407 1.1
      vertex 2.8036 -1.42851 1.1
    endloop
  endfacet
  facet normal -0.740007 0.414503 -0.529695
    outer loop
      vertex 2.68288 -1.64407 1.1
      vertex 3.41617 -1.74063 0
      vertex 3.40611 -1.75859 0
    endloop
  endfacet
  facet normal -0.525103 -0.666094 -0.529703
    outer loop
      vertex 2.26977 3.08907 0
      vertex 2.49002 2.91544 0
      vertex 2.04353 2.39266 1.1
    endloop
  endfacet
  facet normal 0.165458 -0.831889 -0.529702
    outer loop
      vertex -0.599778 3.78685 0
      vertex -0.492229 3.10782 1.1
      vertex -0.874849 3.73214 0
    endloop
  endfacet
  facet normal -0.525177 0.666047 -0.529689
    outer loop
      vertex 2.2536 -3.10182 0
      vertex 2.04353 -2.39266 1.1
      vertex 2.26977 -3.08907 0
    endloop
  endfacet
  facet normal -0.525103 0.666093 -0.529705
    outer loop
      vertex 2.04353 -2.39266 1.1
      vertex 2.2536 -3.10182 0
      vertex 1.8495 -2.54562 1.1
    endloop
  endfacet
  facet normal -0.099695 0.842303 -0.529705
    outer loop
      vertex 0.321263 -3.81982 0
      vertex 0.246876 -3.13686 1.1
      vertex 0.492229 -3.10782 1.1
    endloop
  endfacet
  facet normal -0.0996954 0.842303 -0.529705
    outer loop
      vertex 0.246876 -3.13686 1.1
      vertex 0.321263 -3.81982 0
      vertex 0.300817 -3.82224 0
    endloop
  endfacet
  facet normal 0.847526 0.033369 -0.529704
    outer loop
      vertex -3.14656 0 1.1
      vertex -3.83325 -0.0205729 0
      vertex -3.83406 0 0
    endloop
  endfacet
  facet normal 0.847529 0.0333002 -0.529704
    outer loop
      vertex -3.83325 -0.0205729 0
      vertex -3.14656 0 1.1
      vertex -3.13686 -0.246876 1.1
    endloop
  endfacet
  facet normal 0.16547 0.831885 -0.529704
    outer loop
      vertex -0.874849 -3.73214 0
      vertex -0.73455 -3.05962 1.1
      vertex -0.492229 -3.10782 1.1
    endloop
  endfacet
  facet normal 0.165605 0.831858 -0.529705
    outer loop
      vertex -0.73455 -3.05962 1.1
      vertex -0.874849 -3.73214 0
      vertex -0.895042 -3.72812 0
    endloop
  endfacet
  facet normal -0.29357 0.795757 -0.529706
    outer loop
      vertex 1.20414 -2.90704 1.1
      vertex 1.46723 -3.54221 0
      vertex 1.20411 -3.63928 0
    endloop
  endfacet
  facet normal -0.795757 0.29357 -0.529706
    outer loop
      vertex 3.63928 -1.20411 0
      vertex 3.54221 -1.46723 0
      vertex 2.90704 -1.20414 1.1
    endloop
  endfacet
  facet normal -0.165605 0.831858 -0.529705
    outer loop
      vertex 0.874849 -3.73214 0
      vertex 0.73455 -3.05962 1.1
      vertex 0.895042 -3.72812 0
    endloop
  endfacet
  facet normal -0.16547 0.831885 -0.529704
    outer loop
      vertex 0.73455 -3.05962 1.1
      vertex 0.874849 -3.73214 0
      vertex 0.492229 -3.10782 1.1
    endloop
  endfacet
  facet normal 0.355111 0.770265 -0.529705
    outer loop
      vertex -1.46723 -3.54221 0
      vertex -1.42851 -2.8036 1.1
      vertex -1.20414 -2.90704 1.1
    endloop
  endfacet
  facet normal 0.35507 0.770279 -0.529713
    outer loop
      vertex -1.42851 -2.8036 1.1
      vertex -1.46723 -3.54221 0
      vertex -1.48593 -3.53359 0
    endloop
  endfacet
  facet normal 0.355103 0.770268 -0.529707
    outer loop
      vertex -1.42851 -2.8036 1.1
      vertex -1.48593 -3.53359 0
      vertex -1.74063 -3.41617 0
    endloop
  endfacet
  facet normal -0.770268 0.355103 -0.529707
    outer loop
      vertex 3.53359 -1.48593 0
      vertex 3.41617 -1.74063 0
      vertex 2.8036 -1.42851 1.1
    endloop
  endfacet
  facet normal -0.0996954 -0.842303 -0.529705
    outer loop
      vertex 0.321263 3.81982 0
      vertex 0.246876 3.13686 1.1
      vertex 0.300817 3.82224 0
    endloop
  endfacet
  facet normal -0.099695 -0.842303 -0.529705
    outer loop
      vertex 0.246876 3.13686 1.1
      vertex 0.321263 3.81982 0
      vertex 0.492229 3.10782 1.1
    endloop
  endfacet
  facet normal 0.795757 -0.29357 -0.529706
    outer loop
      vertex -3.54221 1.46723 0
      vertex -2.90704 1.20414 1.1
      vertex -3.63928 1.20411 0
    endloop
  endfacet
  facet normal 0.57576 0.622828 -0.529703
    outer loop
      vertex -2.49002 -2.91544 0
      vertex -2.22495 -2.22495 1.1
      vertex -2.04353 -2.39266 1.1
    endloop
  endfacet
  facet normal 0.57558 0.622961 -0.529743
    outer loop
      vertex -2.22495 -2.22495 1.1
      vertex -2.49002 -2.91544 0
      vertex -2.50514 -2.90147 0
    endloop
  endfacet
  facet normal 0.770268 -0.355103 -0.529707
    outer loop
      vertex -3.41617 1.74063 0
      vertex -2.8036 1.42851 1.1
      vertex -3.53359 1.48593 0
    endloop
  endfacet
  facet normal -0.816344 0.23021 -0.529703
    outer loop
      vertex 3.72812 -0.895042 0
      vertex 3.652 -1.16497 0
      vertex 3.05962 -0.73455 1.1
    endloop
  endfacet
  facet normal 0.795733 -0.293663 -0.52969
    outer loop
      vertex -2.90704 1.20414 1.1
      vertex -3.64641 1.18479 0
      vertex -3.63928 1.20411 0
    endloop
  endfacet
  facet normal 0.79576 -0.293552 -0.52971
    outer loop
      vertex -3.64641 1.18479 0
      vertex -2.90704 1.20414 1.1
      vertex -2.99255 0.97234 1.1
    endloop
  endfacet
  facet normal -0.816329 0.23025 -0.52971
    outer loop
      vertex 3.652 -1.16497 0
      vertex 2.99255 -0.97234 1.1
      vertex 3.05962 -0.73455 1.1
    endloop
  endfacet
  facet normal -0.816332 0.230237 -0.52971
    outer loop
      vertex 2.99255 -0.97234 1.1
      vertex 3.652 -1.16497 0
      vertex 3.64641 -1.18479 0
    endloop
  endfacet
  facet normal -0.35507 0.770279 -0.529713
    outer loop
      vertex 1.46723 -3.54221 0
      vertex 1.42851 -2.8036 1.1
      vertex 1.48593 -3.53359 0
    endloop
  endfacet
  facet normal -0.355111 0.770265 -0.529705
    outer loop
      vertex 1.42851 -2.8036 1.1
      vertex 1.46723 -3.54221 0
      vertex 1.20414 -2.90704 1.1
    endloop
  endfacet
  facet normal 0.29357 0.795757 -0.529706
    outer loop
      vertex -1.20414 -2.90704 1.1
      vertex -1.20411 -3.63928 0
      vertex -1.46723 -3.54221 0
    endloop
  endfacet
  facet normal -0.414412 -0.740036 -0.529726
    outer loop
      vertex 1.42851 2.8036 1.1
      vertex 1.57328 2.725 1.09655
      vertex 1.56887 2.725 1.1
    endloop
  endfacet
  facet normal -0.414417 -0.740046 -0.529707
    outer loop
      vertex 1.57328 2.725 1.09655
      vertex 1.42851 2.8036 1.1
      vertex 1.74063 3.41617 0
    endloop
  endfacet
  facet normal -0.414568 -0.740123 -0.529482
    outer loop
      vertex 1.57328 2.725 1.09655
      vertex 1.64407 2.68288 1.1
      vertex 1.57539 2.72135 1.1
    endloop
  endfacet
  facet normal -0.414491 -0.740012 -0.529697
    outer loop
      vertex 1.74063 3.41617 0
      vertex 1.64407 2.68288 1.1
      vertex 1.57328 2.725 1.09655
    endloop
  endfacet
  facet normal -0.414503 -0.740007 -0.529695
    outer loop
      vertex 1.64407 2.68288 1.1
      vertex 1.74063 3.41617 0
      vertex 1.75859 3.40611 0
    endloop
  endfacet
  facet normal 0.816344 0.23021 -0.529703
    outer loop
      vertex -3.05962 -0.73455 1.1
      vertex -3.652 -1.16497 0
      vertex -3.72812 -0.895042 0
    endloop
  endfacet
  facet normal -0.770265 0.355111 -0.529705
    outer loop
      vertex 3.54221 -1.46723 0
      vertex 2.8036 -1.42851 1.1
      vertex 2.90704 -1.20414 1.1
    endloop
  endfacet
  facet normal -0.770279 0.35507 -0.529713
    outer loop
      vertex 2.8036 -1.42851 1.1
      vertex 3.54221 -1.46723 0
      vertex 3.53359 -1.48593 0
    endloop
  endfacet
  facet normal 0.666094 0.525103 -0.529703
    outer loop
      vertex -2.39266 -2.04353 1.1
      vertex -2.91544 -2.49002 0
      vertex -3.08907 -2.26977 0
    endloop
  endfacet
  facet normal -0.705223 -0.471247 -0.529705
    outer loop
      vertex 3.11326 2.23648 0
      vertex 2.54562 1.8495 1.1
      vertex 3.10182 2.2536 0
    endloop
  endfacet
  facet normal -0.705244 -0.471215 -0.529705
    outer loop
      vertex 2.54562 1.8495 1.1
      vertex 3.11326 2.23648 0
      vertex 2.68288 1.64407 1.1
    endloop
  endfacet
  facet normal 0.847528 0.033297 -0.529705
    outer loop
      vertex -3.13686 -0.246876 1.1
      vertex -3.82224 -0.300817 0
      vertex -3.83325 -0.0205729 0
    endloop
  endfacet
  facet normal 0.525103 -0.666094 -0.529703
    outer loop
      vertex -2.26977 3.08907 0
      vertex -2.04353 2.39266 1.1
      vertex -2.49002 2.91544 0
    endloop
  endfacet
  facet normal -0.525103 0.666094 -0.529703
    outer loop
      vertex 2.49002 -2.91544 0
      vertex 2.26977 -3.08907 0
      vertex 2.04353 -2.39266 1.1
    endloop
  endfacet
  facet normal -0.57558 0.622961 -0.529743
    outer loop
      vertex 2.49002 -2.91544 0
      vertex 2.22495 -2.22495 1.1
      vertex 2.50514 -2.90147 0
    endloop
  endfacet
  facet normal -0.57576 0.622828 -0.529703
    outer loop
      vertex 2.22495 -2.22495 1.1
      vertex 2.49002 -2.91544 0
      vertex 2.04353 -2.39266 1.1
    endloop
  endfacet
  facet normal -0.033297 -0.847528 -0.529705
    outer loop
      vertex 0.300817 3.82224 0
      vertex 0.246876 3.13686 1.1
      vertex 0.0205729 3.83325 0
    endloop
  endfacet
  facet normal 0.847529 -0.0333002 -0.529704
    outer loop
      vertex -3.14656 0 1.1
      vertex -3.83325 0.0205729 0
      vertex -3.13686 0.246876 1.1
    endloop
  endfacet
  facet normal 0.847526 -0.033369 -0.529704
    outer loop
      vertex -3.83325 0.0205729 0
      vertex -3.14656 0 1.1
      vertex -3.83406 0 0
    endloop
  endfacet
  facet normal 0.831889 0.165458 -0.529702
    outer loop
      vertex -3.10782 -0.492229 1.1
      vertex -3.73214 -0.874849 0
      vertex -3.78685 -0.599778 0
    endloop
  endfacet
  facet normal 0.740007 -0.414503 -0.529695
    outer loop
      vertex -2.68288 1.64407 1.1
      vertex -3.41617 1.74063 0
      vertex -3.40611 1.75859 0
    endloop
  endfacet
  facet normal 0.740033 -0.414441 -0.529707
    outer loop
      vertex -3.41617 1.74063 0
      vertex -2.68288 1.64407 1.1
      vertex -2.8036 1.42851 1.1
    endloop
  endfacet
  facet normal -0.165458 -0.831889 -0.529702
    outer loop
      vertex 0.599778 3.78685 0
      vertex 0.874849 3.73214 0
      vertex 0.492229 3.10782 1.1
    endloop
  endfacet
  facet normal -0.770268 -0.355103 -0.529707
    outer loop
      vertex 3.41617 1.74063 0
      vertex 3.53359 1.48593 0
      vertex 2.8036 1.42851 1.1
    endloop
  endfacet
  facet normal -0.770279 -0.35507 -0.529713
    outer loop
      vertex 3.54221 1.46723 0
      vertex 2.8036 1.42851 1.1
      vertex 3.53359 1.48593 0
    endloop
  endfacet
  facet normal -0.770265 -0.355111 -0.529705
    outer loop
      vertex 2.8036 1.42851 1.1
      vertex 3.54221 1.46723 0
      vertex 2.90704 1.20414 1.1
    endloop
  endfacet
  facet normal -0.816344 -0.23021 -0.529703
    outer loop
      vertex 3.652 1.16497 0
      vertex 3.72812 0.895042 0
      vertex 3.05962 0.73455 1.1
    endloop
  endfacet
  facet normal 0.831885 0.16547 -0.529704
    outer loop
      vertex -3.05962 -0.73455 1.1
      vertex -3.73214 -0.874849 0
      vertex -3.10782 -0.492229 1.1
    endloop
  endfacet
  facet normal 0.831858 0.165605 -0.529705
    outer loop
      vertex -3.73214 -0.874849 0
      vertex -3.05962 -0.73455 1.1
      vertex -3.72812 -0.895042 0
    endloop
  endfacet
  facet normal 0.622835 0.575748 -0.529708
    outer loop
      vertex -2.22495 -2.22495 1.1
      vertex -2.71109 -2.71109 0
      vertex -2.90147 -2.50514 0
    endloop
  endfacet
  facet normal 0.842303 -0.099695 -0.529705
    outer loop
      vertex -3.13686 0.246876 1.1
      vertex -3.81982 0.321263 0
      vertex -3.10782 0.492229 1.1
    endloop
  endfacet
  facet normal 0.842303 -0.0996954 -0.529705
    outer loop
      vertex -3.81982 0.321263 0
      vertex -3.13686 0.246876 1.1
      vertex -3.82224 0.300817 0
    endloop
  endfacet
  facet normal -0.795733 0.293663 -0.52969
    outer loop
      vertex 2.90704 -1.20414 1.1
      vertex 3.64641 -1.18479 0
      vertex 3.63928 -1.20411 0
    endloop
  endfacet
  facet normal -0.79576 0.293552 -0.52971
    outer loop
      vertex 3.64641 -1.18479 0
      vertex 2.90704 -1.20414 1.1
      vertex 2.99255 -0.97234 1.1
    endloop
  endfacet
  facet normal 0.770268 0.355103 -0.529707
    outer loop
      vertex -2.8036 -1.42851 1.1
      vertex -3.41617 -1.74063 0
      vertex -3.53359 -1.48593 0
    endloop
  endfacet
  facet normal -0.230237 0.816332 -0.52971
    outer loop
      vertex 1.16497 -3.652 0
      vertex 0.97234 -2.99255 1.1
      vertex 1.18479 -3.64641 0
    endloop
  endfacet
  facet normal -0.23025 0.816329 -0.52971
    outer loop
      vertex 0.97234 -2.99255 1.1
      vertex 1.16497 -3.652 0
      vertex 0.73455 -3.05962 1.1
    endloop
  endfacet
  facet normal -0.033297 0.847528 -0.529705
    outer loop
      vertex 0.246876 -3.13686 1.1
      vertex 0.300817 -3.82224 0
      vertex 0.0205729 -3.83325 0
    endloop
  endfacet
  facet normal -0.0997099 0.842303 -0.529702
    outer loop
      vertex 0.492229 -3.10782 1.1
      vertex 0.599778 -3.78685 0
      vertex 0.321263 -3.81982 0
    endloop
  endfacet
  facet normal -0.471247 0.705223 -0.529705
    outer loop
      vertex 2.23648 -3.11326 0
      vertex 1.8495 -2.54562 1.1
      vertex 2.2536 -3.10182 0
    endloop
  endfacet
  facet normal -0.471215 0.705244 -0.529705
    outer loop
      vertex 1.8495 -2.54562 1.1
      vertex 2.23648 -3.11326 0
      vertex 1.64407 -2.68288 1.1
    endloop
  endfacet
  facet normal -0.16547 -0.831885 -0.529704
    outer loop
      vertex 0.874849 3.73214 0
      vertex 0.73455 3.05962 1.1
      vertex 0.492229 3.10782 1.1
    endloop
  endfacet
  facet normal -0.165605 -0.831858 -0.529705
    outer loop
      vertex 0.73455 3.05962 1.1
      vertex 0.874849 3.73214 0
      vertex 0.895042 3.72812 0
    endloop
  endfacet
  facet normal -0.23021 -0.816344 -0.529703
    outer loop
      vertex 0.895042 3.72812 0
      vertex 1.16497 3.652 0
      vertex 0.73455 3.05962 1.1
    endloop
  endfacet
  facet normal -0.705241 0.471219 -0.529706
    outer loop
      vertex 3.26907 -2.00329 0
      vertex 3.11326 -2.23648 0
      vertex 2.68288 -1.64407 1.1
    endloop
  endfacet
  facet normal 0.831858 -0.165605 -0.529705
    outer loop
      vertex -3.05962 0.73455 1.1
      vertex -3.73214 0.874849 0
      vertex -3.72812 0.895042 0
    endloop
  endfacet
  facet normal 0.831885 -0.16547 -0.529704
    outer loop
      vertex -3.73214 0.874849 0
      vertex -3.05962 0.73455 1.1
      vertex -3.10782 0.492229 1.1
    endloop
  endfacet
  facet normal -0.23025 -0.816329 -0.52971
    outer loop
      vertex 1.16497 3.652 0
      vertex 0.97234 2.99255 1.1
      vertex 0.73455 3.05962 1.1
    endloop
  endfacet
  facet normal -0.230237 -0.816332 -0.52971
    outer loop
      vertex 0.97234 2.99255 1.1
      vertex 1.16497 3.652 0
      vertex 1.18479 3.64641 0
    endloop
  endfacet
  facet normal -0.165458 0.831889 -0.529702
    outer loop
      vertex 0.874849 -3.73214 0
      vertex 0.599778 -3.78685 0
      vertex 0.492229 -3.10782 1.1
    endloop
  endfacet
  facet normal 0.666093 0.525103 -0.529705
    outer loop
      vertex -2.39266 -2.04353 1.1
      vertex -3.10182 -2.2536 0
      vertex -2.54562 -1.8495 1.1
    endloop
  endfacet
  facet normal 0.666047 0.525177 -0.529689
    outer loop
      vertex -3.10182 -2.2536 0
      vertex -2.39266 -2.04353 1.1
      vertex -3.08907 -2.26977 0
    endloop
  endfacet
  facet normal 0.033297 0.847528 -0.529705
    outer loop
      vertex -0.246876 -3.13686 1.1
      vertex -0.0205729 -3.83325 0
      vertex -0.300817 -3.82224 0
    endloop
  endfacet
  facet normal 0.705244 0.471215 -0.529705
    outer loop
      vertex -2.54562 -1.8495 1.1
      vertex -3.11326 -2.23648 0
      vertex -2.68288 -1.64407 1.1
    endloop
  endfacet
  facet normal 0.705223 0.471247 -0.529705
    outer loop
      vertex -3.11326 -2.23648 0
      vertex -2.54562 -1.8495 1.1
      vertex -3.10182 -2.2536 0
    endloop
  endfacet
  facet normal 0.770279 -0.35507 -0.529713
    outer loop
      vertex -2.8036 1.42851 1.1
      vertex -3.54221 1.46723 0
      vertex -3.53359 1.48593 0
    endloop
  endfacet
  facet normal 0.770265 -0.355111 -0.529705
    outer loop
      vertex -3.54221 1.46723 0
      vertex -2.8036 1.42851 1.1
      vertex -2.90704 1.20414 1.1
    endloop
  endfacet
  facet normal 0.471215 0.705244 -0.529705
    outer loop
      vertex -2.23648 -3.11326 0
      vertex -1.8495 -2.54562 1.1
      vertex -1.64407 -2.68288 1.1
    endloop
  endfacet
  facet normal 0.471247 0.705223 -0.529705
    outer loop
      vertex -1.8495 -2.54562 1.1
      vertex -2.23648 -3.11326 0
      vertex -2.2536 -3.10182 0
    endloop
  endfacet
  facet normal -0.622961 -0.57558 -0.529743
    outer loop
      vertex 2.91544 2.49002 0
      vertex 2.22495 2.22495 1.1
      vertex 2.90147 2.50514 0
    endloop
  endfacet
  facet normal -0.622828 -0.57576 -0.529703
    outer loop
      vertex 2.22495 2.22495 1.1
      vertex 2.91544 2.49002 0
      vertex 2.39266 2.04353 1.1
    endloop
  endfacet
  facet normal -0.705241 -0.471219 -0.529706
    outer loop
      vertex 3.11326 2.23648 0
      vertex 3.26907 2.00329 0
      vertex 2.68288 1.64407 1.1
    endloop
  endfacet
  facet normal -0.842303 -0.0997099 -0.529702
    outer loop
      vertex 3.78685 0.599778 0
      vertex 3.81982 0.321263 0
      vertex 3.10782 0.492229 1.1
    endloop
  endfacet
  facet normal -0.816332 -0.230237 -0.52971
    outer loop
      vertex 3.652 1.16497 0
      vertex 2.99255 0.97234 1.1
      vertex 3.64641 1.18479 0
    endloop
  endfacet
  facet normal -0.816329 -0.23025 -0.52971
    outer loop
      vertex 2.99255 0.97234 1.1
      vertex 3.652 1.16497 0
      vertex 3.05962 0.73455 1.1
    endloop
  endfacet
  facet normal -0.795757 -0.29357 -0.529706
    outer loop
      vertex 3.54221 1.46723 0
      vertex 3.63928 1.20411 0
      vertex 2.90704 1.20414 1.1
    endloop
  endfacet
  facet normal 0.414443 0.740033 -0.529706
    outer loop
      vertex -1.64407 -2.68288 1.1
      vertex -1.75859 -3.40611 0
      vertex -2.00329 -3.26907 0
    endloop
  endfacet
  facet normal -0.831889 -0.165458 -0.529702
    outer loop
      vertex 3.73214 0.874849 0
      vertex 3.78685 0.599778 0
      vertex 3.10782 0.492229 1.1
    endloop
  endfacet
  facet normal -0.831858 -0.165605 -0.529705
    outer loop
      vertex 3.73214 0.874849 0
      vertex 3.05962 0.73455 1.1
      vertex 3.72812 0.895042 0
    endloop
  endfacet
  facet normal -0.831885 -0.16547 -0.529704
    outer loop
      vertex 3.05962 0.73455 1.1
      vertex 3.73214 0.874849 0
      vertex 3.10782 0.492229 1.1
    endloop
  endfacet
  facet normal -0.0333002 0.847529 -0.529704
    outer loop
      vertex 0.0205729 -3.83325 0
      vertex 0 -3.14656 1.1
      vertex 0.246876 -3.13686 1.1
    endloop
  endfacet
  facet normal -0.033369 0.847526 -0.529704
    outer loop
      vertex 0 -3.14656 1.1
      vertex 0.0205729 -3.83325 0
      vertex 0 -3.83406 0
    endloop
  endfacet
  facet normal 0.770265 0.355111 -0.529705
    outer loop
      vertex -2.8036 -1.42851 1.1
      vertex -3.54221 -1.46723 0
      vertex -2.90704 -1.20414 1.1
    endloop
  endfacet
  facet normal 0.770279 0.35507 -0.529713
    outer loop
      vertex -3.54221 -1.46723 0
      vertex -2.8036 -1.42851 1.1
      vertex -3.53359 -1.48593 0
    endloop
  endfacet
  facet normal 0.622961 -0.57558 -0.529743
    outer loop
      vertex -2.22495 2.22495 1.1
      vertex -2.91544 2.49002 0
      vertex -2.90147 2.50514 0
    endloop
  endfacet
  facet normal 0.622828 -0.57576 -0.529703
    outer loop
      vertex -2.91544 2.49002 0
      vertex -2.22495 2.22495 1.1
      vertex -2.39266 2.04353 1.1
    endloop
  endfacet
  facet normal -0.414443 0.740033 -0.529706
    outer loop
      vertex 2.00329 -3.26907 0
      vertex 1.75859 -3.40611 0
      vertex 1.64407 -2.68288 1.1
    endloop
  endfacet
  facet normal 0.740033 0.414443 -0.529706
    outer loop
      vertex -2.68288 -1.64407 1.1
      vertex -3.26907 -2.00329 0
      vertex -3.40611 -1.75859 0
    endloop
  endfacet
  facet normal 0.0997099 -0.842303 -0.529702
    outer loop
      vertex -0.321263 3.81982 0
      vertex -0.492229 3.10782 1.1
      vertex -0.599778 3.78685 0
    endloop
  endfacet
  facet normal -0.622835 -0.575748 -0.529708
    outer loop
      vertex 2.71109 2.71109 0
      vertex 2.90147 2.50514 0
      vertex 2.22495 2.22495 1.1
    endloop
  endfacet
  facet normal 0.847528 -0.033297 -0.529705
    outer loop
      vertex -3.82224 0.300817 0
      vertex -3.13686 0.246876 1.1
      vertex -3.83325 0.0205729 0
    endloop
  endfacet
  facet normal -0.740007 -0.414503 -0.529695
    outer loop
      vertex 3.41617 1.74063 0
      vertex 2.68288 1.64407 1.1
      vertex 3.40611 1.75859 0
    endloop
  endfacet
  facet normal -0.740033 -0.414441 -0.529707
    outer loop
      vertex 2.68288 1.64407 1.1
      vertex 3.41617 1.74063 0
      vertex 2.8036 1.42851 1.1
    endloop
  endfacet
  facet normal 0.816332 -0.230237 -0.52971
    outer loop
      vertex -2.99255 0.97234 1.1
      vertex -3.652 1.16497 0
      vertex -3.64641 1.18479 0
    endloop
  endfacet
  facet normal 0.816329 -0.23025 -0.52971
    outer loop
      vertex -3.652 1.16497 0
      vertex -2.99255 0.97234 1.1
      vertex -3.05962 0.73455 1.1
    endloop
  endfacet
  facet normal 0.293552 0.79576 -0.52971
    outer loop
      vertex -1.18479 -3.64641 0
      vertex -1.20414 -2.90704 1.1
      vertex -0.97234 -2.99255 1.1
    endloop
  endfacet
  facet normal 0.293663 0.795733 -0.52969
    outer loop
      vertex -1.20414 -2.90704 1.1
      vertex -1.18479 -3.64641 0
      vertex -1.20411 -3.63928 0
    endloop
  endfacet
  facet normal 0.842303 0.0996954 -0.529705
    outer loop
      vertex -3.13686 -0.246876 1.1
      vertex -3.81982 -0.321263 0
      vertex -3.82224 -0.300817 0
    endloop
  endfacet
  facet normal 0.842303 0.099695 -0.529705
    outer loop
      vertex -3.81982 -0.321263 0
      vertex -3.13686 -0.246876 1.1
      vertex -3.10782 -0.492229 1.1
    endloop
  endfacet
  facet normal 0.842303 0.0997099 -0.529702
    outer loop
      vertex -3.10782 -0.492229 1.1
      vertex -3.78685 -0.599778 0
      vertex -3.81982 -0.321263 0
    endloop
  endfacet
  facet normal -0.29357 -0.795757 -0.529706
    outer loop
      vertex 1.46723 3.54221 0
      vertex 1.20414 2.90704 1.1
      vertex 1.20411 3.63928 0
    endloop
  endfacet
  facet normal 0.57558 -0.622961 -0.529743
    outer loop
      vertex -2.49002 2.91544 0
      vertex -2.22495 2.22495 1.1
      vertex -2.50514 2.90147 0
    endloop
  endfacet
  facet normal 0.57576 -0.622828 -0.529703
    outer loop
      vertex -2.22495 2.22495 1.1
      vertex -2.49002 2.91544 0
      vertex -2.04353 2.39266 1.1
    endloop
  endfacet
  facet normal 0.0996954 0.842303 -0.529705
    outer loop
      vertex -0.321263 -3.81982 0
      vertex -0.246876 -3.13686 1.1
      vertex -0.300817 -3.82224 0
    endloop
  endfacet
  facet normal 0.099695 0.842303 -0.529705
    outer loop
      vertex -0.246876 -3.13686 1.1
      vertex -0.321263 -3.81982 0
      vertex -0.492229 -3.10782 1.1
    endloop
  endfacet
  facet normal 0.414412 0.740036 -0.529726
    outer loop
      vertex -1.42851 -2.8036 1.1
      vertex -1.57328 -2.725 1.09655
      vertex -1.56887 -2.725 1.1
    endloop
  endfacet
  facet normal 0.414417 0.740046 -0.529707
    outer loop
      vertex -1.57328 -2.725 1.09655
      vertex -1.42851 -2.8036 1.1
      vertex -1.74063 -3.41617 0
    endloop
  endfacet
  facet normal 0.414568 0.740123 -0.529482
    outer loop
      vertex -1.57328 -2.725 1.09655
      vertex -1.64407 -2.68288 1.1
      vertex -1.57539 -2.72135 1.1
    endloop
  endfacet
  facet normal 0.414491 0.740012 -0.529697
    outer loop
      vertex -1.74063 -3.41617 0
      vertex -1.64407 -2.68288 1.1
      vertex -1.57328 -2.725 1.09655
    endloop
  endfacet
  facet normal 0.414503 0.740007 -0.529695
    outer loop
      vertex -1.64407 -2.68288 1.1
      vertex -1.74063 -3.41617 0
      vertex -1.75859 -3.40611 0
    endloop
  endfacet
  facet normal -0.23021 0.816344 -0.529703
    outer loop
      vertex 1.16497 -3.652 0
      vertex 0.895042 -3.72812 0
      vertex 0.73455 -3.05962 1.1
    endloop
  endfacet
  facet normal -0.622835 0.575748 -0.529708
    outer loop
      vertex 2.90147 -2.50514 0
      vertex 2.71109 -2.71109 0
      vertex 2.22495 -2.22495 1.1
    endloop
  endfacet
  facet normal 0.705241 -0.471219 -0.529706
    outer loop
      vertex -3.11326 2.23648 0
      vertex -2.68288 1.64407 1.1
      vertex -3.26907 2.00329 0
    endloop
  endfacet
  facet normal -0.740033 0.414443 -0.529706
    outer loop
      vertex 3.40611 -1.75859 0
      vertex 3.26907 -2.00329 0
      vertex 2.68288 -1.64407 1.1
    endloop
  endfacet
  facet normal -0.795733 -0.293663 -0.52969
    outer loop
      vertex 3.64641 1.18479 0
      vertex 2.90704 1.20414 1.1
      vertex 3.63928 1.20411 0
    endloop
  endfacet
  facet normal -0.79576 -0.293552 -0.52971
    outer loop
      vertex 2.90704 1.20414 1.1
      vertex 3.64641 1.18479 0
      vertex 2.99255 0.97234 1.1
    endloop
  endfacet
  facet normal -0.414568 0.740123 -0.529482
    outer loop
      vertex 1.64407 -2.68288 1.1
      vertex 1.57328 -2.725 1.09655
      vertex 1.57539 -2.72135 1.1
    endloop
  endfacet
  facet normal -0.414503 0.740007 -0.529695
    outer loop
      vertex 1.74063 -3.41617 0
      vertex 1.64407 -2.68288 1.1
      vertex 1.75859 -3.40611 0
    endloop
  endfacet
  facet normal -0.414412 0.740036 -0.529726
    outer loop
      vertex 1.57328 -2.725 1.09655
      vertex 1.42851 -2.8036 1.1
      vertex 1.56887 -2.725 1.1
    endloop
  endfacet
  facet normal -0.414491 0.740012 -0.529697
    outer loop
      vertex 1.64407 -2.68288 1.1
      vertex 1.74063 -3.41617 0
      vertex 1.57328 -2.725 1.09655
    endloop
  endfacet
  facet normal -0.414417 0.740046 -0.529707
    outer loop
      vertex 1.57328 -2.725 1.09655
      vertex 1.74063 -3.41617 0
      vertex 1.42851 -2.8036 1.1
    endloop
  endfacet
  facet normal -0.575748 0.622835 -0.529708
    outer loop
      vertex 2.71109 -2.71109 0
      vertex 2.50514 -2.90147 0
      vertex 2.22495 -2.22495 1.1
    endloop
  endfacet
  facet normal 0.740033 -0.414443 -0.529706
    outer loop
      vertex -3.26907 2.00329 0
      vertex -2.68288 1.64407 1.1
      vertex -3.40611 1.75859 0
    endloop
  endfacet
  facet normal 0.705241 0.471219 -0.529706
    outer loop
      vertex -2.68288 -1.64407 1.1
      vertex -3.11326 -2.23648 0
      vertex -3.26907 -2.00329 0
    endloop
  endfacet
  facet normal -0.471215 -0.705244 -0.529705
    outer loop
      vertex 2.23648 3.11326 0
      vertex 1.8495 2.54562 1.1
      vertex 1.64407 2.68288 1.1
    endloop
  endfacet
  facet normal -0.471247 -0.705223 -0.529705
    outer loop
      vertex 1.8495 2.54562 1.1
      vertex 2.23648 3.11326 0
      vertex 2.2536 3.10182 0
    endloop
  endfacet
  facet normal 0.622828 0.57576 -0.529703
    outer loop
      vertex -2.22495 -2.22495 1.1
      vertex -2.91544 -2.49002 0
      vertex -2.39266 -2.04353 1.1
    endloop
  endfacet
  facet normal 0.622961 0.57558 -0.529743
    outer loop
      vertex -2.91544 -2.49002 0
      vertex -2.22495 -2.22495 1.1
      vertex -2.90147 -2.50514 0
    endloop
  endfacet
  facet normal -0.0997099 -0.842303 -0.529702
    outer loop
      vertex 0.599778 3.78685 0
      vertex 0.492229 3.10782 1.1
      vertex 0.321263 3.81982 0
    endloop
  endfacet
  facet normal -0.847528 0.033297 -0.529705
    outer loop
      vertex 3.83325 -0.0205729 0
      vertex 3.82224 -0.300817 0
      vertex 3.13686 -0.246876 1.1
    endloop
  endfacet
  facet normal -0.847526 0.033369 -0.529704
    outer loop
      vertex 3.83325 -0.0205729 0
      vertex 3.14656 0 1.1
      vertex 3.83406 0 0
    endloop
  endfacet
  facet normal -0.847529 0.0333002 -0.529704
    outer loop
      vertex 3.14656 0 1.1
      vertex 3.83325 -0.0205729 0
      vertex 3.13686 -0.246876 1.1
    endloop
  endfacet
  facet normal 0.471247 -0.705223 -0.529705
    outer loop
      vertex -2.23648 3.11326 0
      vertex -1.8495 2.54562 1.1
      vertex -2.2536 3.10182 0
    endloop
  endfacet
  facet normal 0.471215 -0.705244 -0.529705
    outer loop
      vertex -1.8495 2.54562 1.1
      vertex -2.23648 3.11326 0
      vertex -1.64407 2.68288 1.1
    endloop
  endfacet
  facet normal 0.414443 -0.740033 -0.529706
    outer loop
      vertex -1.75859 3.40611 0
      vertex -1.64407 2.68288 1.1
      vertex -2.00329 3.26907 0
    endloop
  endfacet
  facet normal 0.666094 -0.525103 -0.529703
    outer loop
      vertex -2.91544 2.49002 0
      vertex -2.39266 2.04353 1.1
      vertex -3.08907 2.26977 0
    endloop
  endfacet
  facet normal -0.355111 -0.770265 -0.529705
    outer loop
      vertex 1.46723 3.54221 0
      vertex 1.42851 2.8036 1.1
      vertex 1.20414 2.90704 1.1
    endloop
  endfacet
  facet normal -0.35507 -0.770279 -0.529713
    outer loop
      vertex 1.42851 2.8036 1.1
      vertex 1.46723 3.54221 0
      vertex 1.48593 3.53359 0
    endloop
  endfacet
  facet normal 0.622835 -0.575748 -0.529708
    outer loop
      vertex -2.71109 2.71109 0
      vertex -2.22495 2.22495 1.1
      vertex -2.90147 2.50514 0
    endloop
  endfacet
  facet normal -0.666094 -0.525103 -0.529703
    outer loop
      vertex 2.91544 2.49002 0
      vertex 3.08907 2.26977 0
      vertex 2.39266 2.04353 1.1
    endloop
  endfacet
  facet normal -0.471219 0.705241 -0.529706
    outer loop
      vertex 2.23648 -3.11326 0
      vertex 2.00329 -3.26907 0
      vertex 1.64407 -2.68288 1.1
    endloop
  endfacet
  facet normal -0.740033 -0.414443 -0.529706
    outer loop
      vertex 3.26907 2.00329 0
      vertex 3.40611 1.75859 0
      vertex 2.68288 1.64407 1.1
    endloop
  endfacet
  facet normal -0.666047 -0.525177 -0.529689
    outer loop
      vertex 3.10182 2.2536 0
      vertex 2.39266 2.04353 1.1
      vertex 3.08907 2.26977 0
    endloop
  endfacet
  facet normal -0.666093 -0.525103 -0.529705
    outer loop
      vertex 2.39266 2.04353 1.1
      vertex 3.10182 2.2536 0
      vertex 2.54562 1.8495 1.1
    endloop
  endfacet
  facet normal -0.575748 -0.622835 -0.529708
    outer loop
      vertex 2.50514 2.90147 0
      vertex 2.71109 2.71109 0
      vertex 2.22495 2.22495 1.1
    endloop
  endfacet
  facet normal -0.842303 -0.0996954 -0.529705
    outer loop
      vertex 3.13686 0.246876 1.1
      vertex 3.81982 0.321263 0
      vertex 3.82224 0.300817 0
    endloop
  endfacet
  facet normal -0.842303 -0.099695 -0.529705
    outer loop
      vertex 3.81982 0.321263 0
      vertex 3.13686 0.246876 1.1
      vertex 3.10782 0.492229 1.1
    endloop
  endfacet
  facet normal -0.293552 -0.79576 -0.52971
    outer loop
      vertex 1.18479 3.64641 0
      vertex 1.20414 2.90704 1.1
      vertex 0.97234 2.99255 1.1
    endloop
  endfacet
  facet normal -0.293663 -0.795733 -0.52969
    outer loop
      vertex 1.20414 2.90704 1.1
      vertex 1.18479 3.64641 0
      vertex 1.20411 3.63928 0
    endloop
  endfacet
  facet normal -0.414443 -0.740033 -0.529706
    outer loop
      vertex 1.75859 3.40611 0
      vertex 2.00329 3.26907 0
      vertex 1.64407 2.68288 1.1
    endloop
  endfacet
  facet normal -0.471219 -0.705241 -0.529706
    outer loop
      vertex 2.00329 3.26907 0
      vertex 2.23648 3.11326 0
      vertex 1.64407 2.68288 1.1
    endloop
  endfacet
  facet normal -0.355103 0.770268 -0.529707
    outer loop
      vertex 1.74063 -3.41617 0
      vertex 1.48593 -3.53359 0
      vertex 1.42851 -2.8036 1.1
    endloop
  endfacet
  facet normal 0.842303 -0.0997099 -0.529702
    outer loop
      vertex -3.78685 0.599778 0
      vertex -3.10782 0.492229 1.1
      vertex -3.81982 0.321263 0
    endloop
  endfacet
  facet normal -0.355103 -0.770268 -0.529707
    outer loop
      vertex 1.48593 3.53359 0
      vertex 1.74063 3.41617 0
      vertex 1.42851 2.8036 1.1
    endloop
  endfacet
  facet normal 0.033297 -0.847528 -0.529705
    outer loop
      vertex -0.0205729 3.83325 0
      vertex -0.246876 3.13686 1.1
      vertex -0.300817 3.82224 0
    endloop
  endfacet
  facet normal 0.525103 0.666094 -0.529703
    outer loop
      vertex -2.04353 -2.39266 1.1
      vertex -2.26977 -3.08907 0
      vertex -2.49002 -2.91544 0
    endloop
  endfacet
  facet normal 0.575748 0.622835 -0.529708
    outer loop
      vertex -2.22495 -2.22495 1.1
      vertex -2.50514 -2.90147 0
      vertex -2.71109 -2.71109 0
    endloop
  endfacet
  facet normal -0.293663 0.795733 -0.52969
    outer loop
      vertex 1.18479 -3.64641 0
      vertex 1.20414 -2.90704 1.1
      vertex 1.20411 -3.63928 0
    endloop
  endfacet
  facet normal -0.293552 0.79576 -0.52971
    outer loop
      vertex 1.20414 -2.90704 1.1
      vertex 1.18479 -3.64641 0
      vertex 0.97234 -2.99255 1.1
    endloop
  endfacet
  facet normal 0.79576 0.293552 -0.52971
    outer loop
      vertex -2.90704 -1.20414 1.1
      vertex -3.64641 -1.18479 0
      vertex -2.99255 -0.97234 1.1
    endloop
  endfacet
  facet normal 0.795733 0.293663 -0.52969
    outer loop
      vertex -3.64641 -1.18479 0
      vertex -2.90704 -1.20414 1.1
      vertex -3.63928 -1.20411 0
    endloop
  endfacet
  facet normal -0.831889 0.165458 -0.529702
    outer loop
      vertex 3.78685 -0.599778 0
      vertex 3.73214 -0.874849 0
      vertex 3.10782 -0.492229 1.1
    endloop
  endfacet
  facet normal 0.740033 0.414441 -0.529707
    outer loop
      vertex -2.68288 -1.64407 1.1
      vertex -3.41617 -1.74063 0
      vertex -2.8036 -1.42851 1.1
    endloop
  endfacet
  facet normal 0.740007 0.414503 -0.529695
    outer loop
      vertex -3.41617 -1.74063 0
      vertex -2.68288 -1.64407 1.1
      vertex -3.40611 -1.75859 0
    endloop
  endfacet
  facet normal 0.795757 0.29357 -0.529706
    outer loop
      vertex -2.90704 -1.20414 1.1
      vertex -3.54221 -1.46723 0
      vertex -3.63928 -1.20411 0
    endloop
  endfacet
  facet normal 0.0997099 0.842303 -0.529702
    outer loop
      vertex -0.492229 -3.10782 1.1
      vertex -0.321263 -3.81982 0
      vertex -0.599778 -3.78685 0
    endloop
  endfacet
  facet normal -0.842303 0.0997099 -0.529702
    outer loop
      vertex 3.81982 -0.321263 0
      vertex 3.78685 -0.599778 0
      vertex 3.10782 -0.492229 1.1
    endloop
  endfacet
  facet normal -0.831885 0.16547 -0.529704
    outer loop
      vertex 3.73214 -0.874849 0
      vertex 3.05962 -0.73455 1.1
      vertex 3.10782 -0.492229 1.1
    endloop
  endfacet
  facet normal -0.831858 0.165605 -0.529705
    outer loop
      vertex 3.05962 -0.73455 1.1
      vertex 3.73214 -0.874849 0
      vertex 3.72812 -0.895042 0
    endloop
  endfacet
  facet normal 0.23021 0.816344 -0.529703
    outer loop
      vertex -0.73455 -3.05962 1.1
      vertex -0.895042 -3.72812 0
      vertex -1.16497 -3.652 0
    endloop
  endfacet
  facet normal 0.471219 -0.705241 -0.529706
    outer loop
      vertex -2.00329 3.26907 0
      vertex -1.64407 2.68288 1.1
      vertex -2.23648 3.11326 0
    endloop
  endfacet
  facet normal -0.57576 -0.622828 -0.529703
    outer loop
      vertex 2.49002 2.91544 0
      vertex 2.22495 2.22495 1.1
      vertex 2.04353 2.39266 1.1
    endloop
  endfacet
  facet normal -0.57558 -0.622961 -0.529743
    outer loop
      vertex 2.22495 2.22495 1.1
      vertex 2.49002 2.91544 0
      vertex 2.50514 2.90147 0
    endloop
  endfacet
  facet normal 0.099695 -0.842303 -0.529705
    outer loop
      vertex -0.321263 3.81982 0
      vertex -0.246876 3.13686 1.1
      vertex -0.492229 3.10782 1.1
    endloop
  endfacet
  facet normal 0.0996954 -0.842303 -0.529705
    outer loop
      vertex -0.246876 3.13686 1.1
      vertex -0.321263 3.81982 0
      vertex -0.300817 3.82224 0
    endloop
  endfacet
  facet normal 0.29357 -0.795757 -0.529706
    outer loop
      vertex -1.20411 3.63928 0
      vertex -1.20414 2.90704 1.1
      vertex -1.46723 3.54221 0
    endloop
  endfacet
  facet normal 0.23021 -0.816344 -0.529703
    outer loop
      vertex -0.895042 3.72812 0
      vertex -0.73455 3.05962 1.1
      vertex -1.16497 3.652 0
    endloop
  endfacet
  facet normal -0.842303 0.0996954 -0.529705
    outer loop
      vertex 3.81982 -0.321263 0
      vertex 3.13686 -0.246876 1.1
      vertex 3.82224 -0.300817 0
    endloop
  endfacet
  facet normal -0.842303 0.099695 -0.529705
    outer loop
      vertex 3.13686 -0.246876 1.1
      vertex 3.81982 -0.321263 0
      vertex 3.10782 -0.492229 1.1
    endloop
  endfacet
  facet normal -0.622828 0.57576 -0.529703
    outer loop
      vertex 2.91544 -2.49002 0
      vertex 2.22495 -2.22495 1.1
      vertex 2.39266 -2.04353 1.1
    endloop
  endfacet
  facet normal -0.622961 0.57558 -0.529743
    outer loop
      vertex 2.22495 -2.22495 1.1
      vertex 2.91544 -2.49002 0
      vertex 2.90147 -2.50514 0
    endloop
  endfacet
  facet normal -0.666094 0.525103 -0.529703
    outer loop
      vertex 3.08907 -2.26977 0
      vertex 2.91544 -2.49002 0
      vertex 2.39266 -2.04353 1.1
    endloop
  endfacet
  facet normal -0.666093 0.525103 -0.529705
    outer loop
      vertex 3.10182 -2.2536 0
      vertex 2.39266 -2.04353 1.1
      vertex 2.54562 -1.8495 1.1
    endloop
  endfacet
  facet normal -0.666047 0.525177 -0.529689
    outer loop
      vertex 2.39266 -2.04353 1.1
      vertex 3.10182 -2.2536 0
      vertex 3.08907 -2.26977 0
    endloop
  endfacet
  facet normal 0.525177 -0.666047 -0.529689
    outer loop
      vertex -2.2536 3.10182 0
      vertex -2.04353 2.39266 1.1
      vertex -2.26977 3.08907 0
    endloop
  endfacet
  facet normal 0.525103 -0.666093 -0.529705
    outer loop
      vertex -2.04353 2.39266 1.1
      vertex -2.2536 3.10182 0
      vertex -1.8495 2.54562 1.1
    endloop
  endfacet
  facet normal -0.033369 -0.847526 -0.529704
    outer loop
      vertex 0.0205729 3.83325 0
      vertex 0 3.14656 1.1
      vertex 0 3.83406 0
    endloop
  endfacet
  facet normal -0.0333002 -0.847529 -0.529704
    outer loop
      vertex 0 3.14656 1.1
      vertex 0.0205729 3.83325 0
      vertex 0.246876 3.13686 1.1
    endloop
  endfacet
  facet normal 0.666047 -0.525177 -0.529689
    outer loop
      vertex -2.39266 2.04353 1.1
      vertex -3.10182 2.2536 0
      vertex -3.08907 2.26977 0
    endloop
  endfacet
  facet normal 0.666093 -0.525103 -0.529705
    outer loop
      vertex -3.10182 2.2536 0
      vertex -2.39266 2.04353 1.1
      vertex -2.54562 1.8495 1.1
    endloop
  endfacet
  facet normal -0.525103 -0.666093 -0.529705
    outer loop
      vertex 2.2536 3.10182 0
      vertex 2.04353 2.39266 1.1
      vertex 1.8495 2.54562 1.1
    endloop
  endfacet
  facet normal -0.525177 -0.666047 -0.529689
    outer loop
      vertex 2.04353 2.39266 1.1
      vertex 2.2536 3.10182 0
      vertex 2.26977 3.08907 0
    endloop
  endfacet
  facet normal 0.575748 -0.622835 -0.529708
    outer loop
      vertex -2.50514 2.90147 0
      vertex -2.22495 2.22495 1.1
      vertex -2.71109 2.71109 0
    endloop
  endfacet
  facet normal 0.165605 -0.831858 -0.529705
    outer loop
      vertex -0.874849 3.73214 0
      vertex -0.73455 3.05962 1.1
      vertex -0.895042 3.72812 0
    endloop
  endfacet
  facet normal 0.16547 -0.831885 -0.529704
    outer loop
      vertex -0.73455 3.05962 1.1
      vertex -0.874849 3.73214 0
      vertex -0.492229 3.10782 1.1
    endloop
  endfacet
  facet normal 0.033369 0.847526 -0.529704
    outer loop
      vertex -0.0205729 -3.83325 0
      vertex 0 -3.14656 1.1
      vertex 0 -3.83406 0
    endloop
  endfacet
  facet normal 0.0333002 0.847529 -0.529704
    outer loop
      vertex 0 -3.14656 1.1
      vertex -0.0205729 -3.83325 0
      vertex -0.246876 -3.13686 1.1
    endloop
  endfacet
  facet normal 0.165458 0.831889 -0.529702
    outer loop
      vertex -0.492229 -3.10782 1.1
      vertex -0.599778 -3.78685 0
      vertex -0.874849 -3.73214 0
    endloop
  endfacet
  facet normal 0.230237 -0.816332 -0.52971
    outer loop
      vertex -1.16497 3.652 0
      vertex -0.97234 2.99255 1.1
      vertex -1.18479 3.64641 0
    endloop
  endfacet
  facet normal 0.23025 -0.816329 -0.52971
    outer loop
      vertex -0.97234 2.99255 1.1
      vertex -1.16497 3.652 0
      vertex -0.73455 3.05962 1.1
    endloop
  endfacet
  facet normal 0.831889 -0.165458 -0.529702
    outer loop
      vertex -3.73214 0.874849 0
      vertex -3.10782 0.492229 1.1
      vertex -3.78685 0.599778 0
    endloop
  endfacet
  facet normal 0.293663 -0.795733 -0.52969
    outer loop
      vertex -1.18479 3.64641 0
      vertex -1.20414 2.90704 1.1
      vertex -1.20411 3.63928 0
    endloop
  endfacet
  facet normal 0.293552 -0.79576 -0.52971
    outer loop
      vertex -1.20414 2.90704 1.1
      vertex -1.18479 3.64641 0
      vertex -0.97234 2.99255 1.1
    endloop
  endfacet
  facet normal 0.414568 -0.740123 -0.529482
    outer loop
      vertex -1.64407 2.68288 1.1
      vertex -1.57328 2.725 1.09655
      vertex -1.57539 2.72135 1.1
    endloop
  endfacet
  facet normal 0.414503 -0.740007 -0.529695
    outer loop
      vertex -1.74063 3.41617 0
      vertex -1.64407 2.68288 1.1
      vertex -1.75859 3.40611 0
    endloop
  endfacet
  facet normal 0.414412 -0.740036 -0.529726
    outer loop
      vertex -1.57328 2.725 1.09655
      vertex -1.42851 2.8036 1.1
      vertex -1.56887 2.725 1.1
    endloop
  endfacet
  facet normal 0.414491 -0.740012 -0.529697
    outer loop
      vertex -1.64407 2.68288 1.1
      vertex -1.74063 3.41617 0
      vertex -1.57328 2.725 1.09655
    endloop
  endfacet
  facet normal 0.414417 -0.740046 -0.529707
    outer loop
      vertex -1.57328 2.725 1.09655
      vertex -1.74063 3.41617 0
      vertex -1.42851 2.8036 1.1
    endloop
  endfacet
  facet normal 0.816329 0.23025 -0.52971
    outer loop
      vertex -2.99255 -0.97234 1.1
      vertex -3.652 -1.16497 0
      vertex -3.05962 -0.73455 1.1
    endloop
  endfacet
  facet normal 0.816332 0.230237 -0.52971
    outer loop
      vertex -3.652 -1.16497 0
      vertex -2.99255 -0.97234 1.1
      vertex -3.64641 -1.18479 0
    endloop
  endfacet
  facet normal 0.471219 0.705241 -0.529706
    outer loop
      vertex -1.64407 -2.68288 1.1
      vertex -2.00329 -3.26907 0
      vertex -2.23648 -3.11326 0
    endloop
  endfacet
  facet normal 0.355103 -0.770268 -0.529707
    outer loop
      vertex -1.48593 3.53359 0
      vertex -1.42851 2.8036 1.1
      vertex -1.74063 3.41617 0
    endloop
  endfacet
  facet normal 0.35507 -0.770279 -0.529713
    outer loop
      vertex -1.46723 3.54221 0
      vertex -1.42851 2.8036 1.1
      vertex -1.48593 3.53359 0
    endloop
  endfacet
  facet normal 0.355111 -0.770265 -0.529705
    outer loop
      vertex -1.42851 2.8036 1.1
      vertex -1.46723 3.54221 0
      vertex -1.20414 2.90704 1.1
    endloop
  endfacet
  facet normal 0 0 -1
    outer loop
      vertex 1.56887 2.725 1.1
      vertex 1.20414 2.90704 1.1
      vertex 1.42851 2.8036 1.1
    endloop
  endfacet
  facet normal 0 0 -1
    outer loop
      vertex 1.56887 2.725 1.1
      vertex 0.97234 2.99255 1.1
      vertex 1.20414 2.90704 1.1
    endloop
  endfacet
  facet normal 0 0 -1
    outer loop
      vertex 1.56887 2.725 1.1
      vertex 0.73455 3.05962 1.1
      vertex 0.97234 2.99255 1.1
    endloop
  endfacet
  facet normal 0 0 -1
    outer loop
      vertex 1.56887 2.725 1.1
      vertex 0.492229 3.10782 1.1
      vertex 0.73455 3.05962 1.1
    endloop
  endfacet
  facet normal 0 0 -1
    outer loop
      vertex 1.56887 2.725 1.1
      vertex 0.246876 3.13686 1.1
      vertex 0.492229 3.10782 1.1
    endloop
  endfacet
  facet normal 0 0 -1
    outer loop
      vertex 1.56887 2.725 1.1
      vertex 0 3.14656 1.1
      vertex 0.246876 3.13686 1.1
    endloop
  endfacet
  facet normal 0 0 -1
    outer loop
      vertex 1.56887 2.725 1.1
      vertex -0.246876 3.13686 1.1
      vertex 0 3.14656 1.1
    endloop
  endfacet
  facet normal 0 0 -1
    outer loop
      vertex 1.56887 2.725 1.1
      vertex -0.492229 3.10782 1.1
      vertex -0.246876 3.13686 1.1
    endloop
  endfacet
  facet normal 0 0 -1
    outer loop
      vertex 1.56887 2.725 1.1
      vertex -0.73455 3.05962 1.1
      vertex -0.492229 3.10782 1.1
    endloop
  endfacet
  facet normal 0 0 -1
    outer loop
      vertex 1.56887 2.725 1.1
      vertex -0.97234 2.99255 1.1
      vertex -0.73455 3.05962 1.1
    endloop
  endfacet
  facet normal 0 0 -1
    outer loop
      vertex 1.56887 2.725 1.1
      vertex -1.20414 2.90704 1.1
      vertex -0.97234 2.99255 1.1
    endloop
  endfacet
  facet normal 0 0 -1
    outer loop
      vertex -1.56887 2.725 1.1
      vertex -1.20414 2.90704 1.1
      vertex 1.56887 2.725 1.1
    endloop
  endfacet
  facet normal 0 0 -1
    outer loop
      vertex -1.20414 2.90704 1.1
      vertex -1.56887 2.725 1.1
      vertex -1.42851 2.8036 1.1
    endloop
  endfacet
  facet normal 0 0 -1
    outer loop
      vertex 1.20414 -2.90704 1.1
      vertex 1.56887 -2.725 1.1
      vertex 1.42851 -2.8036 1.1
    endloop
  endfacet
  facet normal 0 0 -1
    outer loop
      vertex 0.97234 -2.99255 1.1
      vertex 1.56887 -2.725 1.1
      vertex 1.20414 -2.90704 1.1
    endloop
  endfacet
  facet normal 0 0 -1
    outer loop
      vertex 0.73455 -3.05962 1.1
      vertex 1.56887 -2.725 1.1
      vertex 0.97234 -2.99255 1.1
    endloop
  endfacet
  facet normal 0 0 -1
    outer loop
      vertex 0.492229 -3.10782 1.1
      vertex 1.56887 -2.725 1.1
      vertex 0.73455 -3.05962 1.1
    endloop
  endfacet
  facet normal 0 0 -1
    outer loop
      vertex 0.246876 -3.13686 1.1
      vertex 1.56887 -2.725 1.1
      vertex 0.492229 -3.10782 1.1
    endloop
  endfacet
  facet normal 0 0 -1
    outer loop
      vertex 0 -3.14656 1.1
      vertex 1.56887 -2.725 1.1
      vertex 0.246876 -3.13686 1.1
    endloop
  endfacet
  facet normal 0 0 -1
    outer loop
      vertex -0.246876 -3.13686 1.1
      vertex 1.56887 -2.725 1.1
      vertex 0 -3.14656 1.1
    endloop
  endfacet
  facet normal 0 0 -1
    outer loop
      vertex -0.492229 -3.10782 1.1
      vertex 1.56887 -2.725 1.1
      vertex -0.246876 -3.13686 1.1
    endloop
  endfacet
  facet normal 0 0 -1
    outer loop
      vertex -0.73455 -3.05962 1.1
      vertex 1.56887 -2.725 1.1
      vertex -0.492229 -3.10782 1.1
    endloop
  endfacet
  facet normal 0 0 -1
    outer loop
      vertex -0.97234 -2.99255 1.1
      vertex 1.56887 -2.725 1.1
      vertex -0.73455 -3.05962 1.1
    endloop
  endfacet
  facet normal 0 0 -1
    outer loop
      vertex -1.20414 -2.90704 1.1
      vertex 1.56887 -2.725 1.1
      vertex -0.97234 -2.99255 1.1
    endloop
  endfacet
  facet normal 0 0 -1
    outer loop
      vertex -1.56887 -2.725 1.1
      vertex -1.20414 -2.90704 1.1
      vertex -1.42851 -2.8036 1.1
    endloop
  endfacet
  facet normal 0 0 -1
    outer loop
      vertex -1.20414 -2.90704 1.1
      vertex -1.56887 -2.725 1.1
      vertex 1.56887 -2.725 1.1
    endloop
  endfacet
  facet normal 0 0 -1
    outer loop
      vertex 3.10782 -0.492229 1.1
      vertex 3.14656 0 1.1
      vertex 3.13686 -0.246876 1.1
    endloop
  endfacet
  facet normal 0 0 -1
    outer loop
      vertex 3.05962 -0.73455 1.1
      vertex 3.14656 0 1.1
      vertex 3.10782 -0.492229 1.1
    endloop
  endfacet
  facet normal 0 0 -1
    outer loop
      vertex 2.99255 -0.97234 1.1
      vertex 3.14656 0 1.1
      vertex 3.05962 -0.73455 1.1
    endloop
  endfacet
  facet normal 0 0 -1
    outer loop
      vertex 2.90704 -1.20414 1.1
      vertex 3.14656 0 1.1
      vertex 2.99255 -0.97234 1.1
    endloop
  endfacet
  facet normal 0 0 -1
    outer loop
      vertex 2.8036 -1.42851 1.1
      vertex 3.14656 0 1.1
      vertex 2.90704 -1.20414 1.1
    endloop
  endfacet
  facet normal 0 0 -1
    outer loop
      vertex 2.68288 -1.64407 1.1
      vertex 3.14656 0 1.1
      vertex 2.8036 -1.42851 1.1
    endloop
  endfacet
  facet normal 0 0 -1
    outer loop
      vertex 2.54562 -1.8495 1.1
      vertex 3.14656 0 1.1
      vertex 2.68288 -1.64407 1.1
    endloop
  endfacet
  facet normal 0 0 -1
    outer loop
      vertex 2.39266 -2.04353 1.1
      vertex 3.14656 0 1.1
      vertex 2.54562 -1.8495 1.1
    endloop
  endfacet
  facet normal 0 0 -1
    outer loop
      vertex 2.22495 -2.22495 1.1
      vertex 3.14656 0 1.1
      vertex 2.39266 -2.04353 1.1
    endloop
  endfacet
  facet normal 0 0 -1
    outer loop
      vertex 2.04353 -2.39266 1.1
      vertex 3.14656 0 1.1
      vertex 2.22495 -2.22495 1.1
    endloop
  endfacet
  facet normal 0 0 -1
    outer loop
      vertex 1.8495 -2.54562 1.1
      vertex 3.14656 0 1.1
      vertex 2.04353 -2.39266 1.1
    endloop
  endfacet
  facet normal 0 0 -1
    outer loop
      vertex 1.57539 -2.72135 1.1
      vertex 1.8495 -2.54562 1.1
      vertex 1.64407 -2.68288 1.1
    endloop
  endfacet
  facet normal -0 0 -1
    outer loop
      vertex 1.8495 -2.54562 1.1
      vertex 1.57539 -2.72135 1.1
      vertex 3.14656 0 1.1
    endloop
  endfacet
  facet normal 0 0 -1
    outer loop
      vertex 3.14656 0 1.1
      vertex 3.10782 0.492229 1.1
      vertex 3.13686 0.246876 1.1
    endloop
  endfacet
  facet normal 0 0 -1
    outer loop
      vertex 3.14656 0 1.1
      vertex 3.05962 0.73455 1.1
      vertex 3.10782 0.492229 1.1
    endloop
  endfacet
  facet normal 0 0 -1
    outer loop
      vertex 3.14656 0 1.1
      vertex 2.99255 0.97234 1.1
      vertex 3.05962 0.73455 1.1
    endloop
  endfacet
  facet normal 0 0 -1
    outer loop
      vertex 3.14656 0 1.1
      vertex 2.90704 1.20414 1.1
      vertex 2.99255 0.97234 1.1
    endloop
  endfacet
  facet normal 0 0 -1
    outer loop
      vertex 3.14656 0 1.1
      vertex 2.8036 1.42851 1.1
      vertex 2.90704 1.20414 1.1
    endloop
  endfacet
  facet normal 0 0 -1
    outer loop
      vertex 3.14656 0 1.1
      vertex 2.68288 1.64407 1.1
      vertex 2.8036 1.42851 1.1
    endloop
  endfacet
  facet normal 0 0 -1
    outer loop
      vertex 3.14656 0 1.1
      vertex 2.54562 1.8495 1.1
      vertex 2.68288 1.64407 1.1
    endloop
  endfacet
  facet normal 0 0 -1
    outer loop
      vertex 3.14656 0 1.1
      vertex 2.39266 2.04353 1.1
      vertex 2.54562 1.8495 1.1
    endloop
  endfacet
  facet normal 0 0 -1
    outer loop
      vertex 3.14656 0 1.1
      vertex 2.22495 2.22495 1.1
      vertex 2.39266 2.04353 1.1
    endloop
  endfacet
  facet normal 0 0 -1
    outer loop
      vertex 3.14656 0 1.1
      vertex 2.04353 2.39266 1.1
      vertex 2.22495 2.22495 1.1
    endloop
  endfacet
  facet normal 0 0 -1
    outer loop
      vertex 3.14656 0 1.1
      vertex 1.8495 2.54562 1.1
      vertex 2.04353 2.39266 1.1
    endloop
  endfacet
  facet normal 0 0 -1
    outer loop
      vertex 1.57539 2.72135 1.1
      vertex 1.8495 2.54562 1.1
      vertex 3.14656 0 1.1
    endloop
  endfacet
  facet normal 0 0 -1
    outer loop
      vertex 1.8495 2.54562 1.1
      vertex 1.57539 2.72135 1.1
      vertex 1.64407 2.68288 1.1
    endloop
  endfacet
  facet normal 0 0 -1
    outer loop
      vertex -1.8495 -2.54562 1.1
      vertex -1.57539 -2.72135 1.1
      vertex -1.64407 -2.68288 1.1
    endloop
  endfacet
  facet normal 0 0 -1
    outer loop
      vertex -2.04353 -2.39266 1.1
      vertex -1.57539 -2.72135 1.1
      vertex -1.8495 -2.54562 1.1
    endloop
  endfacet
  facet normal 0 0 -1
    outer loop
      vertex -2.22495 -2.22495 1.1
      vertex -1.57539 -2.72135 1.1
      vertex -2.04353 -2.39266 1.1
    endloop
  endfacet
  facet normal 0 0 -1
    outer loop
      vertex -2.39266 -2.04353 1.1
      vertex -1.57539 -2.72135 1.1
      vertex -2.22495 -2.22495 1.1
    endloop
  endfacet
  facet normal 0 0 -1
    outer loop
      vertex -2.54562 -1.8495 1.1
      vertex -1.57539 -2.72135 1.1
      vertex -2.39266 -2.04353 1.1
    endloop
  endfacet
  facet normal 0 0 -1
    outer loop
      vertex -2.68288 -1.64407 1.1
      vertex -1.57539 -2.72135 1.1
      vertex -2.54562 -1.8495 1.1
    endloop
  endfacet
  facet normal 0 0 -1
    outer loop
      vertex -2.8036 -1.42851 1.1
      vertex -1.57539 -2.72135 1.1
      vertex -2.68288 -1.64407 1.1
    endloop
  endfacet
  facet normal 0 0 -1
    outer loop
      vertex -2.90704 -1.20414 1.1
      vertex -1.57539 -2.72135 1.1
      vertex -2.8036 -1.42851 1.1
    endloop
  endfacet
  facet normal 0 0 -1
    outer loop
      vertex -2.99255 -0.97234 1.1
      vertex -1.57539 -2.72135 1.1
      vertex -2.90704 -1.20414 1.1
    endloop
  endfacet
  facet normal 0 0 -1
    outer loop
      vertex -3.05962 -0.73455 1.1
      vertex -1.57539 -2.72135 1.1
      vertex -2.99255 -0.97234 1.1
    endloop
  endfacet
  facet normal 0 0 -1
    outer loop
      vertex -3.10782 -0.492229 1.1
      vertex -1.57539 -2.72135 1.1
      vertex -3.05962 -0.73455 1.1
    endloop
  endfacet
  facet normal 0 0 -1
    outer loop
      vertex -3.13686 -0.246876 1.1
      vertex -1.57539 -2.72135 1.1
      vertex -3.10782 -0.492229 1.1
    endloop
  endfacet
  facet normal 0 0 -1
    outer loop
      vertex -1.57539 -2.72135 1.1
      vertex -3.13686 -0.246876 1.1
      vertex -3.14656 0 1.1
    endloop
  endfacet
  facet normal 0 0 -1
    outer loop
      vertex -1.57539 2.72135 1.1
      vertex -1.8495 2.54562 1.1
      vertex -1.64407 2.68288 1.1
    endloop
  endfacet
  facet normal 0 0 -1
    outer loop
      vertex -1.57539 2.72135 1.1
      vertex -2.04353 2.39266 1.1
      vertex -1.8495 2.54562 1.1
    endloop
  endfacet
  facet normal 0 0 -1
    outer loop
      vertex -1.57539 2.72135 1.1
      vertex -2.22495 2.22495 1.1
      vertex -2.04353 2.39266 1.1
    endloop
  endfacet
  facet normal 0 0 -1
    outer loop
      vertex -1.57539 2.72135 1.1
      vertex -2.39266 2.04353 1.1
      vertex -2.22495 2.22495 1.1
    endloop
  endfacet
  facet normal 0 0 -1
    outer loop
      vertex -1.57539 2.72135 1.1
      vertex -2.54562 1.8495 1.1
      vertex -2.39266 2.04353 1.1
    endloop
  endfacet
  facet normal 0 0 -1
    outer loop
      vertex -1.57539 2.72135 1.1
      vertex -2.68288 1.64407 1.1
      vertex -2.54562 1.8495 1.1
    endloop
  endfacet
  facet normal 0 0 -1
    outer loop
      vertex -1.57539 2.72135 1.1
      vertex -2.8036 1.42851 1.1
      vertex -2.68288 1.64407 1.1
    endloop
  endfacet
  facet normal 0 0 -1
    outer loop
      vertex -1.57539 2.72135 1.1
      vertex -2.90704 1.20414 1.1
      vertex -2.8036 1.42851 1.1
    endloop
  endfacet
  facet normal 0 0 -1
    outer loop
      vertex -1.57539 2.72135 1.1
      vertex -2.99255 0.97234 1.1
      vertex -2.90704 1.20414 1.1
    endloop
  endfacet
  facet normal 0 0 -1
    outer loop
      vertex -1.57539 2.72135 1.1
      vertex -3.05962 0.73455 1.1
      vertex -2.99255 0.97234 1.1
    endloop
  endfacet
  facet normal 0 0 -1
    outer loop
      vertex -1.57539 2.72135 1.1
      vertex -3.10782 0.492229 1.1
      vertex -3.05962 0.73455 1.1
    endloop
  endfacet
  facet normal 0 0 -1
    outer loop
      vertex -1.57539 2.72135 1.1
      vertex -3.13686 0.246876 1.1
      vertex -3.10782 0.492229 1.1
    endloop
  endfacet
  facet normal 0 -0 -1
    outer loop
      vertex -3.13686 0.246876 1.1
      vertex -1.57539 2.72135 1.1
      vertex -3.14656 0 1.1
    endloop
  endfacet
  facet normal 0.705223 -0.471247 -0.529705
    outer loop
      vertex -2.54562 1.8495 1.1
      vertex -3.11326 2.23648 0
      vertex -3.10182 2.2536 0
    endloop
  endfacet
  facet normal 0.705244 -0.471215 -0.529705
    outer loop
      vertex -3.11326 2.23648 0
      vertex -2.54562 1.8495 1.1
      vertex -2.68288 1.64407 1.1
    endloop
  endfacet
  facet normal 0.865751 -0.500475 0
    outer loop
      vertex -1.57539 2.72135 19.9
      vertex -1.57328 2.725 11
      vertex -1.57328 2.725 19.9035
    endloop
  endfacet
  facet normal 0.866026 -0.499999 2.60237e-07
    outer loop
      vertex -3.14656 0 19.9
      vertex -1.57328 2.725 11
      vertex -1.57539 2.72135 19.9
    endloop
  endfacet
  facet normal 0.866025 -0.5 0
    outer loop
      vertex -1.57328 2.725 11
      vertex -3.14656 0 19.9
      vertex -3.14656 0 11
    endloop
  endfacet
  facet normal 0 0 1
    outer loop
      vertex 1.57328 2.725 11
      vertex 1.57328 -2.725 11
      vertex 3.14656 0 11
    endloop
  endfacet
  facet normal -0 0 1
    outer loop
      vertex -1.57328 2.725 11
      vertex 1.57328 -2.725 11
      vertex 1.57328 2.725 11
    endloop
  endfacet
  facet normal 0 0 1
    outer loop
      vertex -1.57328 2.725 11
      vertex -1.57328 -2.725 11
      vertex 1.57328 -2.725 11
    endloop
  endfacet
  facet normal 0 -0 1
    outer loop
      vertex -1.57328 -2.725 11
      vertex -1.57328 2.725 11
      vertex -3.14656 0 11
    endloop
  endfacet
  facet normal -0.866026 0.499999 0
    outer loop
      vertex 3.14656 0 11
      vertex 1.57539 -2.72135 19.9
      vertex 3.14656 0 19.9
    endloop
  endfacet
  facet normal -0.866025 0.5 2.59888e-07
    outer loop
      vertex 1.57328 -2.725 11
      vertex 1.57539 -2.72135 19.9
      vertex 3.14656 0 11
    endloop
  endfacet
  facet normal -0.865751 0.500475 0
    outer loop
      vertex 1.57539 -2.72135 19.9
      vertex 1.57328 -2.725 11
      vertex 1.57328 -2.725 19.9035
    endloop
  endfacet
  facet normal 0 -1 -0
    outer loop
      vertex -1.56887 2.725 19.9
      vertex -1.57328 2.725 11
      vertex 1.56887 2.725 19.9
    endloop
  endfacet
  facet normal 0 -1 0
    outer loop
      vertex -1.57328 2.725 11
      vertex -1.56887 2.725 19.9
      vertex -1.57328 2.725 19.9035
    endloop
  endfacet
  facet normal 0 -1 0
    outer loop
      vertex 1.57328 2.725 11
      vertex 1.56887 2.725 19.9
      vertex -1.57328 2.725 11
    endloop
  endfacet
  facet normal 0 -1 0
    outer loop
      vertex 1.56887 2.725 19.9
      vertex 1.57328 2.725 11
      vertex 1.57328 2.725 19.9035
    endloop
  endfacet
  facet normal 0.866026 0.499999 0
    outer loop
      vertex -1.57539 -2.72135 19.9
      vertex -3.14656 0 11
      vertex -3.14656 0 19.9
    endloop
  endfacet
  facet normal 0.865751 0.500475 -0
    outer loop
      vertex -1.57328 -2.725 11
      vertex -1.57539 -2.72135 19.9
      vertex -1.57328 -2.725 19.9035
    endloop
  endfacet
  facet normal 0.866025 0.5 2.59888e-07
    outer loop
      vertex -1.57539 -2.72135 19.9
      vertex -1.57328 -2.725 11
      vertex -3.14656 0 11
    endloop
  endfacet
  facet normal 0 1 0
    outer loop
      vertex 1.56887 -2.725 19.9
      vertex 1.57328 -2.725 11
      vertex -1.56887 -2.725 19.9
    endloop
  endfacet
  facet normal 0 1 -0
    outer loop
      vertex 1.57328 -2.725 11
      vertex 1.56887 -2.725 19.9
      vertex 1.57328 -2.725 19.9035
    endloop
  endfacet
  facet normal 0 1 0
    outer loop
      vertex -1.57328 -2.725 11
      vertex -1.56887 -2.725 19.9
      vertex 1.57328 -2.725 11
    endloop
  endfacet
  facet normal 0 1 0
    outer loop
      vertex -1.56887 -2.725 19.9
      vertex -1.57328 -2.725 11
      vertex -1.57328 -2.725 19.9035
    endloop
  endfacet
  facet normal -0.865751 -0.500475 0
    outer loop
      vertex 1.57328 2.725 11
      vertex 1.57539 2.72135 19.9
      vertex 1.57328 2.725 19.9035
    endloop
  endfacet
  facet normal -0.866025 -0.5 2.59888e-07
    outer loop
      vertex 3.14656 0 11
      vertex 1.57539 2.72135 19.9
      vertex 1.57328 2.725 11
    endloop
  endfacet
  facet normal -0.866026 -0.499999 0
    outer loop
      vertex 1.57539 2.72135 19.9
      vertex 3.14656 0 11
      vertex 3.14656 0 19.9
    endloop
  endfacet
  facet normal -0.847529 -0.0333002 0.529704
    outer loop
      vertex 3.14656 0 19.9
      vertex 3.83325 0.0205729 21
      vertex 3.13686 0.246876 19.9
    endloop
  endfacet
  facet normal -0.847526 -0.033369 0.529704
    outer loop
      vertex 3.83325 0.0205729 21
      vertex 3.14656 0 19.9
      vertex 3.83406 0 21
    endloop
  endfacet
  facet normal -0.831858 -0.165605 0.529705
    outer loop
      vertex 3.05962 0.73455 19.9
      vertex 3.73214 0.874849 21
      vertex 3.72812 0.895042 21
    endloop
  endfacet
  facet normal -0.831885 -0.16547 0.529704
    outer loop
      vertex 3.73214 0.874849 21
      vertex 3.05962 0.73455 19.9
      vertex 3.10782 0.492229 19.9
    endloop
  endfacet
  facet normal 0.16547 0.831885 0.529704
    outer loop
      vertex -0.73455 -3.05962 19.9
      vertex -0.874849 -3.73214 21
      vertex -0.492229 -3.10782 19.9
    endloop
  endfacet
  facet normal 0.165605 0.831858 0.529705
    outer loop
      vertex -0.874849 -3.73214 21
      vertex -0.73455 -3.05962 19.9
      vertex -0.895042 -3.72812 21
    endloop
  endfacet
  facet normal -0.705241 -0.471219 0.529706
    outer loop
      vertex 3.26907 2.00329 21
      vertex 3.11326 2.23648 21
      vertex 2.68288 1.64407 19.9
    endloop
  endfacet
  facet normal -0.847528 -0.033297 0.529705
    outer loop
      vertex 3.83325 0.0205729 21
      vertex 3.82224 0.300817 21
      vertex 3.13686 0.246876 19.9
    endloop
  endfacet
  facet normal -0.816344 0.23021 0.529703
    outer loop
      vertex 3.652 -1.16497 21
      vertex 3.72812 -0.895042 21
      vertex 3.05962 -0.73455 19.9
    endloop
  endfacet
  facet normal 0.23021 0.816344 0.529703
    outer loop
      vertex -0.895042 -3.72812 21
      vertex -0.73455 -3.05962 19.9
      vertex -1.16497 -3.652 21
    endloop
  endfacet
  facet normal 0.165458 0.831889 0.529702
    outer loop
      vertex -0.599778 -3.78685 21
      vertex -0.492229 -3.10782 19.9
      vertex -0.874849 -3.73214 21
    endloop
  endfacet
  facet normal -0.033369 -0.847526 0.529704
    outer loop
      vertex 0 3.14656 19.9
      vertex 0.0205729 3.83325 21
      vertex 0 3.83406 21
    endloop
  endfacet
  facet normal -0.0333002 -0.847529 0.529704
    outer loop
      vertex 0.0205729 3.83325 21
      vertex 0 3.14656 19.9
      vertex 0.246876 3.13686 19.9
    endloop
  endfacet
  facet normal -0.795757 -0.29357 0.529706
    outer loop
      vertex 3.63928 1.20411 21
      vertex 3.54221 1.46723 21
      vertex 2.90704 1.20414 19.9
    endloop
  endfacet
  facet normal 0.666094 0.525103 0.529703
    outer loop
      vertex -2.91544 -2.49002 21
      vertex -2.39266 -2.04353 19.9
      vertex -3.08907 -2.26977 21
    endloop
  endfacet
  facet normal -0.831889 0.165458 0.529702
    outer loop
      vertex 3.73214 -0.874849 21
      vertex 3.78685 -0.599778 21
      vertex 3.10782 -0.492229 19.9
    endloop
  endfacet
  facet normal 0.471219 0.705241 0.529706
    outer loop
      vertex -2.00329 -3.26907 21
      vertex -1.64407 -2.68288 19.9
      vertex -2.23648 -3.11326 21
    endloop
  endfacet
  facet normal -0.705244 0.471215 0.529705
    outer loop
      vertex 2.54562 -1.8495 19.9
      vertex 3.11326 -2.23648 21
      vertex 2.68288 -1.64407 19.9
    endloop
  endfacet
  facet normal -0.705223 0.471247 0.529705
    outer loop
      vertex 3.11326 -2.23648 21
      vertex 2.54562 -1.8495 19.9
      vertex 3.10182 -2.2536 21
    endloop
  endfacet
  facet normal 0.816329 0.23025 0.52971
    outer loop
      vertex -3.652 -1.16497 21
      vertex -2.99255 -0.97234 19.9
      vertex -3.05962 -0.73455 19.9
    endloop
  endfacet
  facet normal 0.816332 0.230237 0.52971
    outer loop
      vertex -2.99255 -0.97234 19.9
      vertex -3.652 -1.16497 21
      vertex -3.64641 -1.18479 21
    endloop
  endfacet
  facet normal 0.525177 -0.666047 0.529689
    outer loop
      vertex -2.04353 2.39266 19.9
      vertex -2.2536 3.10182 21
      vertex -2.26977 3.08907 21
    endloop
  endfacet
  facet normal 0.525103 -0.666093 0.529705
    outer loop
      vertex -2.2536 3.10182 21
      vertex -2.04353 2.39266 19.9
      vertex -1.8495 2.54562 19.9
    endloop
  endfacet
  facet normal 0.842303 -0.0997099 0.529702
    outer loop
      vertex -3.10782 0.492229 19.9
      vertex -3.78685 0.599778 21
      vertex -3.81982 0.321263 21
    endloop
  endfacet
  facet normal -0.29357 0.795757 0.529706
    outer loop
      vertex 1.46723 -3.54221 21
      vertex 1.20414 -2.90704 19.9
      vertex 1.20411 -3.63928 21
    endloop
  endfacet
  facet normal -0.525103 0.666094 0.529703
    outer loop
      vertex 2.26977 -3.08907 21
      vertex 2.49002 -2.91544 21
      vertex 2.04353 -2.39266 19.9
    endloop
  endfacet
  facet normal -0.847528 0.033297 0.529705
    outer loop
      vertex 3.82224 -0.300817 21
      vertex 3.83325 -0.0205729 21
      vertex 3.13686 -0.246876 19.9
    endloop
  endfacet
  facet normal -0.816344 -0.23021 0.529703
    outer loop
      vertex 3.72812 0.895042 21
      vertex 3.652 1.16497 21
      vertex 3.05962 0.73455 19.9
    endloop
  endfacet
  facet normal -0.842303 0.0997099 0.529702
    outer loop
      vertex 3.78685 -0.599778 21
      vertex 3.81982 -0.321263 21
      vertex 3.10782 -0.492229 19.9
    endloop
  endfacet
  facet normal -0.355103 0.770268 0.529707
    outer loop
      vertex 1.48593 -3.53359 21
      vertex 1.74063 -3.41617 21
      vertex 1.42851 -2.8036 19.9
    endloop
  endfacet
  facet normal -0.831889 -0.165458 0.529702
    outer loop
      vertex 3.78685 0.599778 21
      vertex 3.73214 0.874849 21
      vertex 3.10782 0.492229 19.9
    endloop
  endfacet
  facet normal 0.740033 0.414443 0.529706
    outer loop
      vertex -3.26907 -2.00329 21
      vertex -2.68288 -1.64407 19.9
      vertex -3.40611 -1.75859 21
    endloop
  endfacet
  facet normal -0.795757 0.29357 0.529706
    outer loop
      vertex 3.54221 -1.46723 21
      vertex 3.63928 -1.20411 21
      vertex 2.90704 -1.20414 19.9
    endloop
  endfacet
  facet normal -0.57558 0.622961 0.529743
    outer loop
      vertex 2.22495 -2.22495 19.9
      vertex 2.49002 -2.91544 21
      vertex 2.50514 -2.90147 21
    endloop
  endfacet
  facet normal -0.57576 0.622828 0.529703
    outer loop
      vertex 2.49002 -2.91544 21
      vertex 2.22495 -2.22495 19.9
      vertex 2.04353 -2.39266 19.9
    endloop
  endfacet
  facet normal -0.35507 0.770279 0.529713
    outer loop
      vertex 1.42851 -2.8036 19.9
      vertex 1.46723 -3.54221 21
      vertex 1.48593 -3.53359 21
    endloop
  endfacet
  facet normal -0.355111 0.770265 0.529705
    outer loop
      vertex 1.46723 -3.54221 21
      vertex 1.42851 -2.8036 19.9
      vertex 1.20414 -2.90704 19.9
    endloop
  endfacet
  facet normal 0.831858 -0.165605 0.529705
    outer loop
      vertex -3.73214 0.874849 21
      vertex -3.05962 0.73455 19.9
      vertex -3.72812 0.895042 21
    endloop
  endfacet
  facet normal 0.831885 -0.16547 0.529704
    outer loop
      vertex -3.05962 0.73455 19.9
      vertex -3.73214 0.874849 21
      vertex -3.10782 0.492229 19.9
    endloop
  endfacet
  facet normal -0.293663 0.795733 0.52969
    outer loop
      vertex 1.20414 -2.90704 19.9
      vertex 1.18479 -3.64641 21
      vertex 1.20411 -3.63928 21
    endloop
  endfacet
  facet normal -0.293552 0.79576 0.52971
    outer loop
      vertex 1.18479 -3.64641 21
      vertex 1.20414 -2.90704 19.9
      vertex 0.97234 -2.99255 19.9
    endloop
  endfacet
  facet normal -0.622835 0.575748 0.529708
    outer loop
      vertex 2.71109 -2.71109 21
      vertex 2.90147 -2.50514 21
      vertex 2.22495 -2.22495 19.9
    endloop
  endfacet
  facet normal -0.414443 -0.740033 0.529706
    outer loop
      vertex 2.00329 3.26907 21
      vertex 1.75859 3.40611 21
      vertex 1.64407 2.68288 19.9
    endloop
  endfacet
  facet normal 0.622835 0.575748 0.529708
    outer loop
      vertex -2.71109 -2.71109 21
      vertex -2.22495 -2.22495 19.9
      vertex -2.90147 -2.50514 21
    endloop
  endfacet
  facet normal -0.740033 0.414441 0.529707
    outer loop
      vertex 2.68288 -1.64407 19.9
      vertex 3.41617 -1.74063 21
      vertex 2.8036 -1.42851 19.9
    endloop
  endfacet
  facet normal -0.740007 0.414503 0.529695
    outer loop
      vertex 3.41617 -1.74063 21
      vertex 2.68288 -1.64407 19.9
      vertex 3.40611 -1.75859 21
    endloop
  endfacet
  facet normal -0.230237 0.816332 0.52971
    outer loop
      vertex 0.97234 -2.99255 19.9
      vertex 1.16497 -3.652 21
      vertex 1.18479 -3.64641 21
    endloop
  endfacet
  facet normal -0.23025 0.816329 0.52971
    outer loop
      vertex 1.16497 -3.652 21
      vertex 0.97234 -2.99255 19.9
      vertex 0.73455 -3.05962 19.9
    endloop
  endfacet
  facet normal 0.705223 -0.471247 0.529705
    outer loop
      vertex -3.11326 2.23648 21
      vertex -2.54562 1.8495 19.9
      vertex -3.10182 2.2536 21
    endloop
  endfacet
  facet normal 0.705244 -0.471215 0.529705
    outer loop
      vertex -2.54562 1.8495 19.9
      vertex -3.11326 2.23648 21
      vertex -2.68288 1.64407 19.9
    endloop
  endfacet
  facet normal -0.740033 0.414443 0.529706
    outer loop
      vertex 3.26907 -2.00329 21
      vertex 3.40611 -1.75859 21
      vertex 2.68288 -1.64407 19.9
    endloop
  endfacet
  facet normal -0.666094 0.525103 0.529703
    outer loop
      vertex 2.91544 -2.49002 21
      vertex 3.08907 -2.26977 21
      vertex 2.39266 -2.04353 19.9
    endloop
  endfacet
  facet normal 0.165458 -0.831889 0.529702
    outer loop
      vertex -0.492229 3.10782 19.9
      vertex -0.599778 3.78685 21
      vertex -0.874849 3.73214 21
    endloop
  endfacet
  facet normal -0.414443 0.740033 0.529706
    outer loop
      vertex 1.75859 -3.40611 21
      vertex 2.00329 -3.26907 21
      vertex 1.64407 -2.68288 19.9
    endloop
  endfacet
  facet normal 0.816344 0.23021 0.529703
    outer loop
      vertex -3.652 -1.16497 21
      vertex -3.05962 -0.73455 19.9
      vertex -3.72812 -0.895042 21
    endloop
  endfacet
  facet normal 0.705241 0.471219 0.529706
    outer loop
      vertex -3.11326 -2.23648 21
      vertex -2.68288 -1.64407 19.9
      vertex -3.26907 -2.00329 21
    endloop
  endfacet
  facet normal 0.525103 0.666094 0.529703
    outer loop
      vertex -2.26977 -3.08907 21
      vertex -2.04353 -2.39266 19.9
      vertex -2.49002 -2.91544 21
    endloop
  endfacet
  facet normal -0.525177 0.666047 0.529689
    outer loop
      vertex 2.04353 -2.39266 19.9
      vertex 2.2536 -3.10182 21
      vertex 2.26977 -3.08907 21
    endloop
  endfacet
  facet normal -0.525103 0.666093 0.529705
    outer loop
      vertex 2.2536 -3.10182 21
      vertex 2.04353 -2.39266 19.9
      vertex 1.8495 -2.54562 19.9
    endloop
  endfacet
  facet normal 0.847526 0.033369 0.529704
    outer loop
      vertex -3.83325 -0.0205729 21
      vertex -3.14656 0 19.9
      vertex -3.83406 0 21
    endloop
  endfacet
  facet normal 0.847529 0.0333002 0.529704
    outer loop
      vertex -3.14656 0 19.9
      vertex -3.83325 -0.0205729 21
      vertex -3.13686 -0.246876 19.9
    endloop
  endfacet
  facet normal 0.770268 0.355103 0.529707
    outer loop
      vertex -3.41617 -1.74063 21
      vertex -2.8036 -1.42851 19.9
      vertex -3.53359 -1.48593 21
    endloop
  endfacet
  facet normal -0.831885 0.16547 0.529704
    outer loop
      vertex 3.05962 -0.73455 19.9
      vertex 3.73214 -0.874849 21
      vertex 3.10782 -0.492229 19.9
    endloop
  endfacet
  facet normal -0.831858 0.165605 0.529705
    outer loop
      vertex 3.73214 -0.874849 21
      vertex 3.05962 -0.73455 19.9
      vertex 3.72812 -0.895042 21
    endloop
  endfacet
  facet normal -0.0996954 -0.842303 0.529705
    outer loop
      vertex 0.246876 3.13686 19.9
      vertex 0.321263 3.81982 21
      vertex 0.300817 3.82224 21
    endloop
  endfacet
  facet normal -0.099695 -0.842303 0.529705
    outer loop
      vertex 0.321263 3.81982 21
      vertex 0.246876 3.13686 19.9
      vertex 0.492229 3.10782 19.9
    endloop
  endfacet
  facet normal -0.471219 -0.705241 0.529706
    outer loop
      vertex 2.23648 3.11326 21
      vertex 2.00329 3.26907 21
      vertex 1.64407 2.68288 19.9
    endloop
  endfacet
  facet normal 0.705244 0.471215 0.529705
    outer loop
      vertex -3.11326 -2.23648 21
      vertex -2.54562 -1.8495 19.9
      vertex -2.68288 -1.64407 19.9
    endloop
  endfacet
  facet normal 0.705223 0.471247 0.529705
    outer loop
      vertex -2.54562 -1.8495 19.9
      vertex -3.11326 -2.23648 21
      vertex -3.10182 -2.2536 21
    endloop
  endfacet
  facet normal -0.622828 0.57576 0.529703
    outer loop
      vertex 2.22495 -2.22495 19.9
      vertex 2.91544 -2.49002 21
      vertex 2.39266 -2.04353 19.9
    endloop
  endfacet
  facet normal -0.622961 0.57558 0.529743
    outer loop
      vertex 2.91544 -2.49002 21
      vertex 2.22495 -2.22495 19.9
      vertex 2.90147 -2.50514 21
    endloop
  endfacet
  facet normal -0.575748 0.622835 0.529708
    outer loop
      vertex 2.50514 -2.90147 21
      vertex 2.71109 -2.71109 21
      vertex 2.22495 -2.22495 19.9
    endloop
  endfacet
  facet normal -0.525103 -0.666093 0.529705
    outer loop
      vertex 2.04353 2.39266 19.9
      vertex 2.2536 3.10182 21
      vertex 1.8495 2.54562 19.9
    endloop
  endfacet
  facet normal -0.525177 -0.666047 0.529689
    outer loop
      vertex 2.2536 3.10182 21
      vertex 2.04353 2.39266 19.9
      vertex 2.26977 3.08907 21
    endloop
  endfacet
  facet normal -0.414503 0.740007 0.529695
    outer loop
      vertex 1.64407 -2.68288 19.9
      vertex 1.74063 -3.41617 21
      vertex 1.75859 -3.40611 21
    endloop
  endfacet
  facet normal -0.41419 0.740139 0.529755
    outer loop
      vertex 1.74063 -3.41617 21
      vertex 1.64407 -2.68288 19.9
      vertex 1.57328 -2.725 19.9035
    endloop
  endfacet
  facet normal -0.416227 0.743084 0.524005
    outer loop
      vertex 1.57328 -2.725 19.9035
      vertex 1.64407 -2.68288 19.9
      vertex 1.57539 -2.72135 19.9
    endloop
  endfacet
  facet normal -0.416071 0.742999 0.524249
    outer loop
      vertex 1.42851 -2.8036 19.9
      vertex 1.57328 -2.725 19.9035
      vertex 1.56887 -2.725 19.9
    endloop
  endfacet
  facet normal -0.414558 0.739969 0.529704
    outer loop
      vertex 1.57328 -2.725 19.9035
      vertex 1.42851 -2.8036 19.9
      vertex 1.74063 -3.41617 21
    endloop
  endfacet
  facet normal 0.525103 -0.666094 0.529703
    outer loop
      vertex -2.04353 2.39266 19.9
      vertex -2.26977 3.08907 21
      vertex -2.49002 2.91544 21
    endloop
  endfacet
  facet normal 0.29357 -0.795757 0.529706
    outer loop
      vertex -1.20414 2.90704 19.9
      vertex -1.20411 3.63928 21
      vertex -1.46723 3.54221 21
    endloop
  endfacet
  facet normal -0.622961 -0.57558 0.529743
    outer loop
      vertex 2.22495 2.22495 19.9
      vertex 2.91544 2.49002 21
      vertex 2.90147 2.50514 21
    endloop
  endfacet
  facet normal -0.622828 -0.57576 0.529703
    outer loop
      vertex 2.91544 2.49002 21
      vertex 2.22495 2.22495 19.9
      vertex 2.39266 2.04353 19.9
    endloop
  endfacet
  facet normal 0.471215 0.705244 0.529705
    outer loop
      vertex -1.8495 -2.54562 19.9
      vertex -2.23648 -3.11326 21
      vertex -1.64407 -2.68288 19.9
    endloop
  endfacet
  facet normal 0.471247 0.705223 0.529705
    outer loop
      vertex -2.23648 -3.11326 21
      vertex -1.8495 -2.54562 19.9
      vertex -2.2536 -3.10182 21
    endloop
  endfacet
  facet normal 0.770279 -0.35507 0.529713
    outer loop
      vertex -3.54221 1.46723 21
      vertex -2.8036 1.42851 19.9
      vertex -3.53359 1.48593 21
    endloop
  endfacet
  facet normal 0.770265 -0.355111 0.529705
    outer loop
      vertex -2.8036 1.42851 19.9
      vertex -3.54221 1.46723 21
      vertex -2.90704 1.20414 19.9
    endloop
  endfacet
  facet normal -0.23025 -0.816329 0.52971
    outer loop
      vertex 0.97234 2.99255 19.9
      vertex 1.16497 3.652 21
      vertex 0.73455 3.05962 19.9
    endloop
  endfacet
  facet normal -0.230237 -0.816332 0.52971
    outer loop
      vertex 1.16497 3.652 21
      vertex 0.97234 2.99255 19.9
      vertex 1.18479 3.64641 21
    endloop
  endfacet
  facet normal -0.705241 0.471219 0.529706
    outer loop
      vertex 3.11326 -2.23648 21
      vertex 3.26907 -2.00329 21
      vertex 2.68288 -1.64407 19.9
    endloop
  endfacet
  facet normal -0.79576 0.293552 0.52971
    outer loop
      vertex 2.90704 -1.20414 19.9
      vertex 3.64641 -1.18479 21
      vertex 2.99255 -0.97234 19.9
    endloop
  endfacet
  facet normal -0.795733 0.293663 0.52969
    outer loop
      vertex 3.64641 -1.18479 21
      vertex 2.90704 -1.20414 19.9
      vertex 3.63928 -1.20411 21
    endloop
  endfacet
  facet normal -0.816329 0.23025 0.52971
    outer loop
      vertex 2.99255 -0.97234 19.9
      vertex 3.652 -1.16497 21
      vertex 3.05962 -0.73455 19.9
    endloop
  endfacet
  facet normal -0.816332 0.230237 0.52971
    outer loop
      vertex 3.652 -1.16497 21
      vertex 2.99255 -0.97234 19.9
      vertex 3.64641 -1.18479 21
    endloop
  endfacet
  facet normal -0.740033 -0.414443 0.529706
    outer loop
      vertex 3.40611 1.75859 21
      vertex 3.26907 2.00329 21
      vertex 2.68288 1.64407 19.9
    endloop
  endfacet
  facet normal -0.770268 0.355103 0.529707
    outer loop
      vertex 3.41617 -1.74063 21
      vertex 3.53359 -1.48593 21
      vertex 2.8036 -1.42851 19.9
    endloop
  endfacet
  facet normal 0.230237 -0.816332 0.52971
    outer loop
      vertex -0.97234 2.99255 19.9
      vertex -1.16497 3.652 21
      vertex -1.18479 3.64641 21
    endloop
  endfacet
  facet normal 0.23025 -0.816329 0.52971
    outer loop
      vertex -1.16497 3.652 21
      vertex -0.97234 2.99255 19.9
      vertex -0.73455 3.05962 19.9
    endloop
  endfacet
  facet normal -0.033297 0.847528 0.529705
    outer loop
      vertex 0.300817 -3.82224 21
      vertex 0.246876 -3.13686 19.9
      vertex 0.0205729 -3.83325 21
    endloop
  endfacet
  facet normal -0.471247 0.705223 0.529705
    outer loop
      vertex 1.8495 -2.54562 19.9
      vertex 2.23648 -3.11326 21
      vertex 2.2536 -3.10182 21
    endloop
  endfacet
  facet normal -0.471215 0.705244 0.529705
    outer loop
      vertex 2.23648 -3.11326 21
      vertex 1.8495 -2.54562 19.9
      vertex 1.64407 -2.68288 19.9
    endloop
  endfacet
  facet normal -0.23021 0.816344 0.529703
    outer loop
      vertex 0.895042 -3.72812 21
      vertex 1.16497 -3.652 21
      vertex 0.73455 -3.05962 19.9
    endloop
  endfacet
  facet normal -0.770268 -0.355103 0.529707
    outer loop
      vertex 3.53359 1.48593 21
      vertex 3.41617 1.74063 21
      vertex 2.8036 1.42851 19.9
    endloop
  endfacet
  facet normal 0.29357 0.795757 0.529706
    outer loop
      vertex -1.20411 -3.63928 21
      vertex -1.20414 -2.90704 19.9
      vertex -1.46723 -3.54221 21
    endloop
  endfacet
  facet normal -0.847526 0.033369 0.529704
    outer loop
      vertex 3.14656 0 19.9
      vertex 3.83325 -0.0205729 21
      vertex 3.83406 0 21
    endloop
  endfacet
  facet normal -0.847529 0.0333002 0.529704
    outer loop
      vertex 3.83325 -0.0205729 21
      vertex 3.14656 0 19.9
      vertex 3.13686 -0.246876 19.9
    endloop
  endfacet
  facet normal -0.842303 0.0996954 0.529705
    outer loop
      vertex 3.13686 -0.246876 19.9
      vertex 3.81982 -0.321263 21
      vertex 3.82224 -0.300817 21
    endloop
  endfacet
  facet normal -0.842303 0.099695 0.529705
    outer loop
      vertex 3.81982 -0.321263 21
      vertex 3.13686 -0.246876 19.9
      vertex 3.10782 -0.492229 19.9
    endloop
  endfacet
  facet normal 0.355103 -0.770268 0.529707
    outer loop
      vertex -1.42851 2.8036 19.9
      vertex -1.48593 3.53359 21
      vertex -1.74063 3.41617 21
    endloop
  endfacet
  facet normal 0.57576 0.622828 0.529703
    outer loop
      vertex -2.22495 -2.22495 19.9
      vertex -2.49002 -2.91544 21
      vertex -2.04353 -2.39266 19.9
    endloop
  endfacet
  facet normal 0.57558 0.622961 0.529743
    outer loop
      vertex -2.49002 -2.91544 21
      vertex -2.22495 -2.22495 19.9
      vertex -2.50514 -2.90147 21
    endloop
  endfacet
  facet normal -0.033297 -0.847528 0.529705
    outer loop
      vertex 0.246876 3.13686 19.9
      vertex 0.300817 3.82224 21
      vertex 0.0205729 3.83325 21
    endloop
  endfacet
  facet normal -0.770265 0.355111 0.529705
    outer loop
      vertex 2.8036 -1.42851 19.9
      vertex 3.54221 -1.46723 21
      vertex 2.90704 -1.20414 19.9
    endloop
  endfacet
  facet normal -0.770279 0.35507 0.529713
    outer loop
      vertex 3.54221 -1.46723 21
      vertex 2.8036 -1.42851 19.9
      vertex 3.53359 -1.48593 21
    endloop
  endfacet
  facet normal -0.666093 0.525103 0.529705
    outer loop
      vertex 2.39266 -2.04353 19.9
      vertex 3.10182 -2.2536 21
      vertex 2.54562 -1.8495 19.9
    endloop
  endfacet
  facet normal -0.666047 0.525177 0.529689
    outer loop
      vertex 3.10182 -2.2536 21
      vertex 2.39266 -2.04353 19.9
      vertex 3.08907 -2.26977 21
    endloop
  endfacet
  facet normal -0.842303 -0.0997099 0.529702
    outer loop
      vertex 3.81982 0.321263 21
      vertex 3.78685 0.599778 21
      vertex 3.10782 0.492229 19.9
    endloop
  endfacet
  facet normal 0.23025 0.816329 0.52971
    outer loop
      vertex -0.97234 -2.99255 19.9
      vertex -1.16497 -3.652 21
      vertex -0.73455 -3.05962 19.9
    endloop
  endfacet
  facet normal 0.230237 0.816332 0.52971
    outer loop
      vertex -1.16497 -3.652 21
      vertex -0.97234 -2.99255 19.9
      vertex -1.18479 -3.64641 21
    endloop
  endfacet
  facet normal -0.770279 -0.35507 0.529713
    outer loop
      vertex 2.8036 1.42851 19.9
      vertex 3.54221 1.46723 21
      vertex 3.53359 1.48593 21
    endloop
  endfacet
  facet normal -0.770265 -0.355111 0.529705
    outer loop
      vertex 3.54221 1.46723 21
      vertex 2.8036 1.42851 19.9
      vertex 2.90704 1.20414 19.9
    endloop
  endfacet
  facet normal -0.816332 -0.230237 0.52971
    outer loop
      vertex 2.99255 0.97234 19.9
      vertex 3.652 1.16497 21
      vertex 3.64641 1.18479 21
    endloop
  endfacet
  facet normal -0.816329 -0.23025 0.52971
    outer loop
      vertex 3.652 1.16497 21
      vertex 2.99255 0.97234 19.9
      vertex 3.05962 0.73455 19.9
    endloop
  endfacet
  facet normal -0.842303 -0.099695 0.529705
    outer loop
      vertex 3.13686 0.246876 19.9
      vertex 3.81982 0.321263 21
      vertex 3.10782 0.492229 19.9
    endloop
  endfacet
  facet normal -0.842303 -0.0996954 0.529705
    outer loop
      vertex 3.81982 0.321263 21
      vertex 3.13686 0.246876 19.9
      vertex 3.82224 0.300817 21
    endloop
  endfacet
  facet normal 0.666047 -0.525177 0.529689
    outer loop
      vertex -3.10182 2.2536 21
      vertex -2.39266 2.04353 19.9
      vertex -3.08907 2.26977 21
    endloop
  endfacet
  facet normal 0.666093 -0.525103 0.529705
    outer loop
      vertex -2.39266 2.04353 19.9
      vertex -3.10182 2.2536 21
      vertex -2.54562 1.8495 19.9
    endloop
  endfacet
  facet normal 0.740033 0.414441 0.529707
    outer loop
      vertex -3.41617 -1.74063 21
      vertex -2.68288 -1.64407 19.9
      vertex -2.8036 -1.42851 19.9
    endloop
  endfacet
  facet normal 0.740007 0.414503 0.529695
    outer loop
      vertex -2.68288 -1.64407 19.9
      vertex -3.41617 -1.74063 21
      vertex -3.40611 -1.75859 21
    endloop
  endfacet
  facet normal -0.740007 -0.414503 0.529695
    outer loop
      vertex 2.68288 1.64407 19.9
      vertex 3.41617 1.74063 21
      vertex 3.40611 1.75859 21
    endloop
  endfacet
  facet normal -0.740033 -0.414441 0.529707
    outer loop
      vertex 3.41617 1.74063 21
      vertex 2.68288 1.64407 19.9
      vertex 2.8036 1.42851 19.9
    endloop
  endfacet
  facet normal 0.575748 0.622835 0.529708
    outer loop
      vertex -2.50514 -2.90147 21
      vertex -2.22495 -2.22495 19.9
      vertex -2.71109 -2.71109 21
    endloop
  endfacet
  facet normal 0.831889 -0.165458 0.529702
    outer loop
      vertex -3.10782 0.492229 19.9
      vertex -3.73214 0.874849 21
      vertex -3.78685 0.599778 21
    endloop
  endfacet
  facet normal 0.740033 -0.414443 0.529706
    outer loop
      vertex -2.68288 1.64407 19.9
      vertex -3.26907 2.00329 21
      vertex -3.40611 1.75859 21
    endloop
  endfacet
  facet normal -0.0997099 0.842303 0.529702
    outer loop
      vertex 0.599778 -3.78685 21
      vertex 0.492229 -3.10782 19.9
      vertex 0.321263 -3.81982 21
    endloop
  endfacet
  facet normal -0.165605 0.831858 0.529705
    outer loop
      vertex 0.73455 -3.05962 19.9
      vertex 0.874849 -3.73214 21
      vertex 0.895042 -3.72812 21
    endloop
  endfacet
  facet normal -0.16547 0.831885 0.529704
    outer loop
      vertex 0.874849 -3.73214 21
      vertex 0.73455 -3.05962 19.9
      vertex 0.492229 -3.10782 19.9
    endloop
  endfacet
  facet normal 0.57558 -0.622961 0.529743
    outer loop
      vertex -2.22495 2.22495 19.9
      vertex -2.49002 2.91544 21
      vertex -2.50514 2.90147 21
    endloop
  endfacet
  facet normal 0.57576 -0.622828 0.529703
    outer loop
      vertex -2.49002 2.91544 21
      vertex -2.22495 2.22495 19.9
      vertex -2.04353 2.39266 19.9
    endloop
  endfacet
  facet normal -0.23021 -0.816344 0.529703
    outer loop
      vertex 1.16497 3.652 21
      vertex 0.895042 3.72812 21
      vertex 0.73455 3.05962 19.9
    endloop
  endfacet
  facet normal 0.847528 0.033297 0.529705
    outer loop
      vertex -3.82224 -0.300817 21
      vertex -3.13686 -0.246876 19.9
      vertex -3.83325 -0.0205729 21
    endloop
  endfacet
  facet normal 0.847526 -0.033369 0.529704
    outer loop
      vertex -3.14656 0 19.9
      vertex -3.83325 0.0205729 21
      vertex -3.83406 0 21
    endloop
  endfacet
  facet normal 0.847529 -0.0333002 0.529704
    outer loop
      vertex -3.83325 0.0205729 21
      vertex -3.14656 0 19.9
      vertex -3.13686 0.246876 19.9
    endloop
  endfacet
  facet normal -0.165458 -0.831889 0.529702
    outer loop
      vertex 0.874849 3.73214 21
      vertex 0.599778 3.78685 21
      vertex 0.492229 3.10782 19.9
    endloop
  endfacet
  facet normal -0.666047 -0.525177 0.529689
    outer loop
      vertex 2.39266 2.04353 19.9
      vertex 3.10182 2.2536 21
      vertex 3.08907 2.26977 21
    endloop
  endfacet
  facet normal -0.666093 -0.525103 0.529705
    outer loop
      vertex 3.10182 2.2536 21
      vertex 2.39266 2.04353 19.9
      vertex 2.54562 1.8495 19.9
    endloop
  endfacet
  facet normal -0.575748 -0.622835 0.529708
    outer loop
      vertex 2.71109 2.71109 21
      vertex 2.50514 2.90147 21
      vertex 2.22495 2.22495 19.9
    endloop
  endfacet
  facet normal 0.414443 0.740033 0.529706
    outer loop
      vertex -1.75859 -3.40611 21
      vertex -1.64407 -2.68288 19.9
      vertex -2.00329 -3.26907 21
    endloop
  endfacet
  facet normal -0.666094 -0.525103 0.529703
    outer loop
      vertex 3.08907 2.26977 21
      vertex 2.91544 2.49002 21
      vertex 2.39266 2.04353 19.9
    endloop
  endfacet
  facet normal 0.355111 0.770265 0.529705
    outer loop
      vertex -1.42851 -2.8036 19.9
      vertex -1.46723 -3.54221 21
      vertex -1.20414 -2.90704 19.9
    endloop
  endfacet
  facet normal 0.35507 0.770279 0.529713
    outer loop
      vertex -1.46723 -3.54221 21
      vertex -1.42851 -2.8036 19.9
      vertex -1.48593 -3.53359 21
    endloop
  endfacet
  facet normal 0.666094 -0.525103 0.529703
    outer loop
      vertex -2.39266 2.04353 19.9
      vertex -2.91544 2.49002 21
      vertex -3.08907 2.26977 21
    endloop
  endfacet
  facet normal -0.57576 -0.622828 0.529703
    outer loop
      vertex 2.22495 2.22495 19.9
      vertex 2.49002 2.91544 21
      vertex 2.04353 2.39266 19.9
    endloop
  endfacet
  facet normal -0.57558 -0.622961 0.529743
    outer loop
      vertex 2.49002 2.91544 21
      vertex 2.22495 2.22495 19.9
      vertex 2.50514 2.90147 21
    endloop
  endfacet
  facet normal -0.165458 0.831889 0.529702
    outer loop
      vertex 0.599778 -3.78685 21
      vertex 0.874849 -3.73214 21
      vertex 0.492229 -3.10782 19.9
    endloop
  endfacet
  facet normal -0.525103 -0.666094 0.529703
    outer loop
      vertex 2.49002 2.91544 21
      vertex 2.26977 3.08907 21
      vertex 2.04353 2.39266 19.9
    endloop
  endfacet
  facet normal -0.355103 -0.770268 0.529707
    outer loop
      vertex 1.74063 3.41617 21
      vertex 1.48593 3.53359 21
      vertex 1.42851 2.8036 19.9
    endloop
  endfacet
  facet normal 0.033297 0.847528 0.529705
    outer loop
      vertex -0.0205729 -3.83325 21
      vertex -0.246876 -3.13686 19.9
      vertex -0.300817 -3.82224 21
    endloop
  endfacet
  facet normal 0.414443 -0.740033 0.529706
    outer loop
      vertex -1.64407 2.68288 19.9
      vertex -1.75859 3.40611 21
      vertex -2.00329 3.26907 21
    endloop
  endfacet
  facet normal 0.355103 0.770268 0.529707
    outer loop
      vertex -1.48593 -3.53359 21
      vertex -1.42851 -2.8036 19.9
      vertex -1.74063 -3.41617 21
    endloop
  endfacet
  facet normal 0.770265 0.355111 0.529705
    outer loop
      vertex -3.54221 -1.46723 21
      vertex -2.8036 -1.42851 19.9
      vertex -2.90704 -1.20414 19.9
    endloop
  endfacet
  facet normal 0.770279 0.35507 0.529713
    outer loop
      vertex -2.8036 -1.42851 19.9
      vertex -3.54221 -1.46723 21
      vertex -3.53359 -1.48593 21
    endloop
  endfacet
  facet normal 0.622828 0.57576 0.529703
    outer loop
      vertex -2.91544 -2.49002 21
      vertex -2.22495 -2.22495 19.9
      vertex -2.39266 -2.04353 19.9
    endloop
  endfacet
  facet normal 0.622961 0.57558 0.529743
    outer loop
      vertex -2.22495 -2.22495 19.9
      vertex -2.91544 -2.49002 21
      vertex -2.90147 -2.50514 21
    endloop
  endfacet
  facet normal -0.471215 -0.705244 0.529705
    outer loop
      vertex 1.8495 2.54562 19.9
      vertex 2.23648 3.11326 21
      vertex 1.64407 2.68288 19.9
    endloop
  endfacet
  facet normal -0.471247 -0.705223 0.529705
    outer loop
      vertex 2.23648 3.11326 21
      vertex 1.8495 2.54562 19.9
      vertex 2.2536 3.10182 21
    endloop
  endfacet
  facet normal 0.795757 -0.29357 0.529706
    outer loop
      vertex -2.90704 1.20414 19.9
      vertex -3.54221 1.46723 21
      vertex -3.63928 1.20411 21
    endloop
  endfacet
  facet normal 0.033297 -0.847528 0.529705
    outer loop
      vertex -0.246876 3.13686 19.9
      vertex -0.0205729 3.83325 21
      vertex -0.300817 3.82224 21
    endloop
  endfacet
  facet normal -0.0997099 -0.842303 0.529702
    outer loop
      vertex 0.492229 3.10782 19.9
      vertex 0.599778 3.78685 21
      vertex 0.321263 3.81982 21
    endloop
  endfacet
  facet normal 0.033369 0.847526 0.529704
    outer loop
      vertex 0 -3.14656 19.9
      vertex -0.0205729 -3.83325 21
      vertex 0 -3.83406 21
    endloop
  endfacet
  facet normal 0.0333002 0.847529 0.529704
    outer loop
      vertex -0.0205729 -3.83325 21
      vertex 0 -3.14656 19.9
      vertex -0.246876 -3.13686 19.9
    endloop
  endfacet
  facet normal -0.0333002 0.847529 0.529704
    outer loop
      vertex 0 -3.14656 19.9
      vertex 0.0205729 -3.83325 21
      vertex 0.246876 -3.13686 19.9
    endloop
  endfacet
  facet normal -0.033369 0.847526 0.529704
    outer loop
      vertex 0.0205729 -3.83325 21
      vertex 0 -3.14656 19.9
      vertex 0 -3.83406 21
    endloop
  endfacet
  facet normal -0.471219 0.705241 0.529706
    outer loop
      vertex 2.00329 -3.26907 21
      vertex 2.23648 -3.11326 21
      vertex 1.64407 -2.68288 19.9
    endloop
  endfacet
  facet normal 0.0996954 0.842303 0.529705
    outer loop
      vertex -0.246876 -3.13686 19.9
      vertex -0.321263 -3.81982 21
      vertex -0.300817 -3.82224 21
    endloop
  endfacet
  facet normal 0.099695 0.842303 0.529705
    outer loop
      vertex -0.321263 -3.81982 21
      vertex -0.246876 -3.13686 19.9
      vertex -0.492229 -3.10782 19.9
    endloop
  endfacet
  facet normal 0.293552 0.79576 0.52971
    outer loop
      vertex -1.20414 -2.90704 19.9
      vertex -1.18479 -3.64641 21
      vertex -0.97234 -2.99255 19.9
    endloop
  endfacet
  facet normal 0.293663 0.795733 0.52969
    outer loop
      vertex -1.18479 -3.64641 21
      vertex -1.20414 -2.90704 19.9
      vertex -1.20411 -3.63928 21
    endloop
  endfacet
  facet normal 0.525103 0.666093 0.529705
    outer loop
      vertex -2.04353 -2.39266 19.9
      vertex -2.2536 -3.10182 21
      vertex -1.8495 -2.54562 19.9
    endloop
  endfacet
  facet normal 0.525177 0.666047 0.529689
    outer loop
      vertex -2.2536 -3.10182 21
      vertex -2.04353 -2.39266 19.9
      vertex -2.26977 -3.08907 21
    endloop
  endfacet
  facet normal 0.0997099 0.842303 0.529702
    outer loop
      vertex -0.321263 -3.81982 21
      vertex -0.492229 -3.10782 19.9
      vertex -0.599778 -3.78685 21
    endloop
  endfacet
  facet normal 0.666093 0.525103 0.529705
    outer loop
      vertex -3.10182 -2.2536 21
      vertex -2.39266 -2.04353 19.9
      vertex -2.54562 -1.8495 19.9
    endloop
  endfacet
  facet normal 0.666047 0.525177 0.529689
    outer loop
      vertex -2.39266 -2.04353 19.9
      vertex -3.10182 -2.2536 21
      vertex -3.08907 -2.26977 21
    endloop
  endfacet
  facet normal 0.575748 -0.622835 0.529708
    outer loop
      vertex -2.22495 2.22495 19.9
      vertex -2.50514 2.90147 21
      vertex -2.71109 2.71109 21
    endloop
  endfacet
  facet normal 0.831885 0.16547 0.529704
    outer loop
      vertex -3.73214 -0.874849 21
      vertex -3.05962 -0.73455 19.9
      vertex -3.10782 -0.492229 19.9
    endloop
  endfacet
  facet normal 0.831858 0.165605 0.529705
    outer loop
      vertex -3.05962 -0.73455 19.9
      vertex -3.73214 -0.874849 21
      vertex -3.72812 -0.895042 21
    endloop
  endfacet
  facet normal 0.795757 0.29357 0.529706
    outer loop
      vertex -3.54221 -1.46723 21
      vertex -2.90704 -1.20414 19.9
      vertex -3.63928 -1.20411 21
    endloop
  endfacet
  facet normal 0.795733 0.293663 0.52969
    outer loop
      vertex -2.90704 -1.20414 19.9
      vertex -3.64641 -1.18479 21
      vertex -3.63928 -1.20411 21
    endloop
  endfacet
  facet normal 0.79576 0.293552 0.52971
    outer loop
      vertex -3.64641 -1.18479 21
      vertex -2.90704 -1.20414 19.9
      vertex -2.99255 -0.97234 19.9
    endloop
  endfacet
  facet normal 0.705241 -0.471219 0.529706
    outer loop
      vertex -2.68288 1.64407 19.9
      vertex -3.11326 2.23648 21
      vertex -3.26907 2.00329 21
    endloop
  endfacet
  facet normal 0.0997099 -0.842303 0.529702
    outer loop
      vertex -0.492229 3.10782 19.9
      vertex -0.321263 3.81982 21
      vertex -0.599778 3.78685 21
    endloop
  endfacet
  facet normal 0.847528 -0.033297 0.529705
    outer loop
      vertex -3.13686 0.246876 19.9
      vertex -3.82224 0.300817 21
      vertex -3.83325 0.0205729 21
    endloop
  endfacet
  facet normal -0.795733 -0.293663 0.52969
    outer loop
      vertex 2.90704 1.20414 19.9
      vertex 3.64641 1.18479 21
      vertex 3.63928 1.20411 21
    endloop
  endfacet
  facet normal -0.79576 -0.293552 0.52971
    outer loop
      vertex 3.64641 1.18479 21
      vertex 2.90704 1.20414 19.9
      vertex 2.99255 0.97234 19.9
    endloop
  endfacet
  facet normal -0.705223 -0.471247 0.529705
    outer loop
      vertex 2.54562 1.8495 19.9
      vertex 3.11326 2.23648 21
      vertex 3.10182 2.2536 21
    endloop
  endfacet
  facet normal -0.705244 -0.471215 0.529705
    outer loop
      vertex 3.11326 2.23648 21
      vertex 2.54562 1.8495 19.9
      vertex 2.68288 1.64407 19.9
    endloop
  endfacet
  facet normal 0.842303 0.0997099 0.529702
    outer loop
      vertex -3.78685 -0.599778 21
      vertex -3.10782 -0.492229 19.9
      vertex -3.81982 -0.321263 21
    endloop
  endfacet
  facet normal 0.816344 -0.23021 0.529703
    outer loop
      vertex -3.05962 0.73455 19.9
      vertex -3.652 1.16497 21
      vertex -3.72812 0.895042 21
    endloop
  endfacet
  facet normal -0.099695 0.842303 0.529705
    outer loop
      vertex 0.246876 -3.13686 19.9
      vertex 0.321263 -3.81982 21
      vertex 0.492229 -3.10782 19.9
    endloop
  endfacet
  facet normal -0.0996954 0.842303 0.529705
    outer loop
      vertex 0.321263 -3.81982 21
      vertex 0.246876 -3.13686 19.9
      vertex 0.300817 -3.82224 21
    endloop
  endfacet
  facet normal 0.35507 -0.770279 0.529713
    outer loop
      vertex -1.42851 2.8036 19.9
      vertex -1.46723 3.54221 21
      vertex -1.48593 3.53359 21
    endloop
  endfacet
  facet normal 0.355111 -0.770265 0.529705
    outer loop
      vertex -1.46723 3.54221 21
      vertex -1.42851 2.8036 19.9
      vertex -1.20414 2.90704 19.9
    endloop
  endfacet
  facet normal 0.622835 -0.575748 0.529708
    outer loop
      vertex -2.22495 2.22495 19.9
      vertex -2.71109 2.71109 21
      vertex -2.90147 2.50514 21
    endloop
  endfacet
  facet normal 0.831889 0.165458 0.529702
    outer loop
      vertex -3.73214 -0.874849 21
      vertex -3.10782 -0.492229 19.9
      vertex -3.78685 -0.599778 21
    endloop
  endfacet
  facet normal 0.842303 0.0996954 0.529705
    outer loop
      vertex -3.81982 -0.321263 21
      vertex -3.13686 -0.246876 19.9
      vertex -3.82224 -0.300817 21
    endloop
  endfacet
  facet normal 0.842303 0.099695 0.529705
    outer loop
      vertex -3.13686 -0.246876 19.9
      vertex -3.81982 -0.321263 21
      vertex -3.10782 -0.492229 19.9
    endloop
  endfacet
  facet normal 0.41419 0.740139 0.529755
    outer loop
      vertex -1.64407 -2.68288 19.9
      vertex -1.74063 -3.41617 21
      vertex -1.57328 -2.725 19.9035
    endloop
  endfacet
  facet normal 0.414558 0.739969 0.529704
    outer loop
      vertex -1.42851 -2.8036 19.9
      vertex -1.57328 -2.725 19.9035
      vertex -1.74063 -3.41617 21
    endloop
  endfacet
  facet normal 0.416071 0.742999 0.524249
    outer loop
      vertex -1.57328 -2.725 19.9035
      vertex -1.42851 -2.8036 19.9
      vertex -1.56887 -2.725 19.9
    endloop
  endfacet
  facet normal 0.416227 0.743084 0.524005
    outer loop
      vertex -1.64407 -2.68288 19.9
      vertex -1.57328 -2.725 19.9035
      vertex -1.57539 -2.72135 19.9
    endloop
  endfacet
  facet normal 0.414503 0.740007 0.529695
    outer loop
      vertex -1.74063 -3.41617 21
      vertex -1.64407 -2.68288 19.9
      vertex -1.75859 -3.40611 21
    endloop
  endfacet
  facet normal -0.29357 -0.795757 0.529706
    outer loop
      vertex 1.20414 2.90704 19.9
      vertex 1.46723 3.54221 21
      vertex 1.20411 3.63928 21
    endloop
  endfacet
  facet normal -0.355111 -0.770265 0.529705
    outer loop
      vertex 1.42851 2.8036 19.9
      vertex 1.46723 3.54221 21
      vertex 1.20414 2.90704 19.9
    endloop
  endfacet
  facet normal -0.35507 -0.770279 0.529713
    outer loop
      vertex 1.46723 3.54221 21
      vertex 1.42851 2.8036 19.9
      vertex 1.48593 3.53359 21
    endloop
  endfacet
  facet normal -0.293552 -0.79576 0.52971
    outer loop
      vertex 1.20414 2.90704 19.9
      vertex 1.18479 3.64641 21
      vertex 0.97234 2.99255 19.9
    endloop
  endfacet
  facet normal -0.293663 -0.795733 0.52969
    outer loop
      vertex 1.18479 3.64641 21
      vertex 1.20414 2.90704 19.9
      vertex 1.20411 3.63928 21
    endloop
  endfacet
  facet normal 0.099695 -0.842303 0.529705
    outer loop
      vertex -0.246876 3.13686 19.9
      vertex -0.321263 3.81982 21
      vertex -0.492229 3.10782 19.9
    endloop
  endfacet
  facet normal 0.0996954 -0.842303 0.529705
    outer loop
      vertex -0.321263 3.81982 21
      vertex -0.246876 3.13686 19.9
      vertex -0.300817 3.82224 21
    endloop
  endfacet
  facet normal 0.471247 -0.705223 0.529705
    outer loop
      vertex -1.8495 2.54562 19.9
      vertex -2.23648 3.11326 21
      vertex -2.2536 3.10182 21
    endloop
  endfacet
  facet normal 0.471215 -0.705244 0.529705
    outer loop
      vertex -2.23648 3.11326 21
      vertex -1.8495 2.54562 19.9
      vertex -1.64407 2.68288 19.9
    endloop
  endfacet
  facet normal -0.16547 -0.831885 0.529704
    outer loop
      vertex 0.73455 3.05962 19.9
      vertex 0.874849 3.73214 21
      vertex 0.492229 3.10782 19.9
    endloop
  endfacet
  facet normal -0.165605 -0.831858 0.529705
    outer loop
      vertex 0.874849 3.73214 21
      vertex 0.73455 3.05962 19.9
      vertex 0.895042 3.72812 21
    endloop
  endfacet
  facet normal 0.165605 -0.831858 0.529705
    outer loop
      vertex -0.73455 3.05962 19.9
      vertex -0.874849 3.73214 21
      vertex -0.895042 3.72812 21
    endloop
  endfacet
  facet normal 0.16547 -0.831885 0.529704
    outer loop
      vertex -0.874849 3.73214 21
      vertex -0.73455 3.05962 19.9
      vertex -0.492229 3.10782 19.9
    endloop
  endfacet
  facet normal 0.622961 -0.57558 0.529743
    outer loop
      vertex -2.91544 2.49002 21
      vertex -2.22495 2.22495 19.9
      vertex -2.90147 2.50514 21
    endloop
  endfacet
  facet normal 0.622828 -0.57576 0.529703
    outer loop
      vertex -2.22495 2.22495 19.9
      vertex -2.91544 2.49002 21
      vertex -2.39266 2.04353 19.9
    endloop
  endfacet
  facet normal -0.41419 -0.740139 0.529755
    outer loop
      vertex 1.64407 2.68288 19.9
      vertex 1.74063 3.41617 21
      vertex 1.57328 2.725 19.9035
    endloop
  endfacet
  facet normal -0.414558 -0.739969 0.529704
    outer loop
      vertex 1.42851 2.8036 19.9
      vertex 1.57328 2.725 19.9035
      vertex 1.74063 3.41617 21
    endloop
  endfacet
  facet normal -0.416071 -0.742999 0.524249
    outer loop
      vertex 1.57328 2.725 19.9035
      vertex 1.42851 2.8036 19.9
      vertex 1.56887 2.725 19.9
    endloop
  endfacet
  facet normal -0.416227 -0.743084 0.524005
    outer loop
      vertex 1.64407 2.68288 19.9
      vertex 1.57328 2.725 19.9035
      vertex 1.57539 2.72135 19.9
    endloop
  endfacet
  facet normal -0.414503 -0.740007 0.529695
    outer loop
      vertex 1.74063 3.41617 21
      vertex 1.64407 2.68288 19.9
      vertex 1.75859 3.40611 21
    endloop
  endfacet
  facet normal 0.740007 -0.414503 0.529695
    outer loop
      vertex -3.41617 1.74063 21
      vertex -2.68288 1.64407 19.9
      vertex -3.40611 1.75859 21
    endloop
  endfacet
  facet normal 0.740033 -0.414441 0.529707
    outer loop
      vertex -2.68288 1.64407 19.9
      vertex -3.41617 1.74063 21
      vertex -2.8036 1.42851 19.9
    endloop
  endfacet
  facet normal 0.842303 -0.0996954 0.529705
    outer loop
      vertex -3.13686 0.246876 19.9
      vertex -3.81982 0.321263 21
      vertex -3.82224 0.300817 21
    endloop
  endfacet
  facet normal 0.842303 -0.099695 0.529705
    outer loop
      vertex -3.81982 0.321263 21
      vertex -3.13686 0.246876 19.9
      vertex -3.10782 0.492229 19.9
    endloop
  endfacet
  facet normal -0.622835 -0.575748 0.529708
    outer loop
      vertex 2.90147 2.50514 21
      vertex 2.71109 2.71109 21
      vertex 2.22495 2.22495 19.9
    endloop
  endfacet
  facet normal 0.795733 -0.293663 0.52969
    outer loop
      vertex -3.64641 1.18479 21
      vertex -2.90704 1.20414 19.9
      vertex -3.63928 1.20411 21
    endloop
  endfacet
  facet normal 0.79576 -0.293552 0.52971
    outer loop
      vertex -2.90704 1.20414 19.9
      vertex -3.64641 1.18479 21
      vertex -2.99255 0.97234 19.9
    endloop
  endfacet
  facet normal 0.816332 -0.230237 0.52971
    outer loop
      vertex -3.652 1.16497 21
      vertex -2.99255 0.97234 19.9
      vertex -3.64641 1.18479 21
    endloop
  endfacet
  facet normal 0.816329 -0.23025 0.52971
    outer loop
      vertex -2.99255 0.97234 19.9
      vertex -3.652 1.16497 21
      vertex -3.05962 0.73455 19.9
    endloop
  endfacet
  facet normal 0.414503 -0.740007 0.529695
    outer loop
      vertex -1.64407 2.68288 19.9
      vertex -1.74063 3.41617 21
      vertex -1.75859 3.40611 21
    endloop
  endfacet
  facet normal 0.41419 -0.740139 0.529755
    outer loop
      vertex -1.74063 3.41617 21
      vertex -1.64407 2.68288 19.9
      vertex -1.57328 2.725 19.9035
    endloop
  endfacet
  facet normal 0.416227 -0.743084 0.524005
    outer loop
      vertex -1.57328 2.725 19.9035
      vertex -1.64407 2.68288 19.9
      vertex -1.57539 2.72135 19.9
    endloop
  endfacet
  facet normal 0.416071 -0.742999 0.524249
    outer loop
      vertex -1.42851 2.8036 19.9
      vertex -1.57328 2.725 19.9035
      vertex -1.56887 2.725 19.9
    endloop
  endfacet
  facet normal 0.414558 -0.739969 0.529704
    outer loop
      vertex -1.57328 2.725 19.9035
      vertex -1.42851 2.8036 19.9
      vertex -1.74063 3.41617 21
    endloop
  endfacet
  facet normal 0.23021 -0.816344 0.529703
    outer loop
      vertex -0.73455 3.05962 19.9
      vertex -0.895042 3.72812 21
      vertex -1.16497 3.652 21
    endloop
  endfacet
  facet normal 0.471219 -0.705241 0.529706
    outer loop
      vertex -1.64407 2.68288 19.9
      vertex -2.00329 3.26907 21
      vertex -2.23648 3.11326 21
    endloop
  endfacet
  facet normal 0.0333002 -0.847529 0.529704
    outer loop
      vertex 0 3.14656 19.9
      vertex -0.0205729 3.83325 21
      vertex -0.246876 3.13686 19.9
    endloop
  endfacet
  facet normal 0.033369 -0.847526 0.529704
    outer loop
      vertex -0.0205729 3.83325 21
      vertex 0 3.14656 19.9
      vertex 0 3.83406 21
    endloop
  endfacet
  facet normal 0.770268 -0.355103 0.529707
    outer loop
      vertex -2.8036 1.42851 19.9
      vertex -3.41617 1.74063 21
      vertex -3.53359 1.48593 21
    endloop
  endfacet
  facet normal 0.293663 -0.795733 0.52969
    outer loop
      vertex -1.20414 2.90704 19.9
      vertex -1.18479 3.64641 21
      vertex -1.20411 3.63928 21
    endloop
  endfacet
  facet normal 0.293552 -0.79576 0.52971
    outer loop
      vertex -1.18479 3.64641 21
      vertex -1.20414 2.90704 19.9
      vertex -0.97234 2.99255 19.9
    endloop
  endfacet
  facet normal 0 0 1
    outer loop
      vertex 3.10782 0.492229 19.9
      vertex 3.14656 0 19.9
      vertex 3.13686 0.246876 19.9
    endloop
  endfacet
  facet normal 0 0 1
    outer loop
      vertex 3.05962 0.73455 19.9
      vertex 3.14656 0 19.9
      vertex 3.10782 0.492229 19.9
    endloop
  endfacet
  facet normal 0 0 1
    outer loop
      vertex 2.99255 0.97234 19.9
      vertex 3.14656 0 19.9
      vertex 3.05962 0.73455 19.9
    endloop
  endfacet
  facet normal 0 0 1
    outer loop
      vertex 2.90704 1.20414 19.9
      vertex 3.14656 0 19.9
      vertex 2.99255 0.97234 19.9
    endloop
  endfacet
  facet normal 0 0 1
    outer loop
      vertex 2.8036 1.42851 19.9
      vertex 3.14656 0 19.9
      vertex 2.90704 1.20414 19.9
    endloop
  endfacet
  facet normal 0 0 1
    outer loop
      vertex 2.68288 1.64407 19.9
      vertex 3.14656 0 19.9
      vertex 2.8036 1.42851 19.9
    endloop
  endfacet
  facet normal 0 0 1
    outer loop
      vertex 2.54562 1.8495 19.9
      vertex 3.14656 0 19.9
      vertex 2.68288 1.64407 19.9
    endloop
  endfacet
  facet normal 0 0 1
    outer loop
      vertex 2.39266 2.04353 19.9
      vertex 3.14656 0 19.9
      vertex 2.54562 1.8495 19.9
    endloop
  endfacet
  facet normal 0 0 1
    outer loop
      vertex 2.22495 2.22495 19.9
      vertex 3.14656 0 19.9
      vertex 2.39266 2.04353 19.9
    endloop
  endfacet
  facet normal 0 0 1
    outer loop
      vertex 2.04353 2.39266 19.9
      vertex 3.14656 0 19.9
      vertex 2.22495 2.22495 19.9
    endloop
  endfacet
  facet normal 0 0 1
    outer loop
      vertex 1.8495 2.54562 19.9
      vertex 3.14656 0 19.9
      vertex 2.04353 2.39266 19.9
    endloop
  endfacet
  facet normal 0 0 1
    outer loop
      vertex 1.57539 2.72135 19.9
      vertex 1.8495 2.54562 19.9
      vertex 1.64407 2.68288 19.9
    endloop
  endfacet
  facet normal 0 0 1
    outer loop
      vertex 1.8495 2.54562 19.9
      vertex 1.57539 2.72135 19.9
      vertex 3.14656 0 19.9
    endloop
  endfacet
  facet normal 0 0 1
    outer loop
      vertex 1.56887 -2.725 19.9
      vertex 1.20414 -2.90704 19.9
      vertex 1.42851 -2.8036 19.9
    endloop
  endfacet
  facet normal 0 0 1
    outer loop
      vertex 1.56887 -2.725 19.9
      vertex 0.97234 -2.99255 19.9
      vertex 1.20414 -2.90704 19.9
    endloop
  endfacet
  facet normal 0 0 1
    outer loop
      vertex 1.56887 -2.725 19.9
      vertex 0.73455 -3.05962 19.9
      vertex 0.97234 -2.99255 19.9
    endloop
  endfacet
  facet normal 0 0 1
    outer loop
      vertex 1.56887 -2.725 19.9
      vertex 0.492229 -3.10782 19.9
      vertex 0.73455 -3.05962 19.9
    endloop
  endfacet
  facet normal 0 0 1
    outer loop
      vertex 1.56887 -2.725 19.9
      vertex 0.246876 -3.13686 19.9
      vertex 0.492229 -3.10782 19.9
    endloop
  endfacet
  facet normal 0 0 1
    outer loop
      vertex 1.56887 -2.725 19.9
      vertex 0 -3.14656 19.9
      vertex 0.246876 -3.13686 19.9
    endloop
  endfacet
  facet normal 0 0 1
    outer loop
      vertex 1.56887 -2.725 19.9
      vertex -0.246876 -3.13686 19.9
      vertex 0 -3.14656 19.9
    endloop
  endfacet
  facet normal 0 0 1
    outer loop
      vertex 1.56887 -2.725 19.9
      vertex -0.492229 -3.10782 19.9
      vertex -0.246876 -3.13686 19.9
    endloop
  endfacet
  facet normal 0 0 1
    outer loop
      vertex 1.56887 -2.725 19.9
      vertex -0.73455 -3.05962 19.9
      vertex -0.492229 -3.10782 19.9
    endloop
  endfacet
  facet normal 0 0 1
    outer loop
      vertex 1.56887 -2.725 19.9
      vertex -0.97234 -2.99255 19.9
      vertex -0.73455 -3.05962 19.9
    endloop
  endfacet
  facet normal 0 0 1
    outer loop
      vertex 1.56887 -2.725 19.9
      vertex -1.20414 -2.90704 19.9
      vertex -0.97234 -2.99255 19.9
    endloop
  endfacet
  facet normal -0 0 1
    outer loop
      vertex -1.56887 -2.725 19.9
      vertex -1.20414 -2.90704 19.9
      vertex 1.56887 -2.725 19.9
    endloop
  endfacet
  facet normal 0 0 1
    outer loop
      vertex -1.20414 -2.90704 19.9
      vertex -1.56887 -2.725 19.9
      vertex -1.42851 -2.8036 19.9
    endloop
  endfacet
  facet normal 0 0 1
    outer loop
      vertex -1.57539 -2.72135 19.9
      vertex -1.8495 -2.54562 19.9
      vertex -1.64407 -2.68288 19.9
    endloop
  endfacet
  facet normal 0 0 1
    outer loop
      vertex -1.57539 -2.72135 19.9
      vertex -2.04353 -2.39266 19.9
      vertex -1.8495 -2.54562 19.9
    endloop
  endfacet
  facet normal 0 0 1
    outer loop
      vertex -1.57539 -2.72135 19.9
      vertex -2.22495 -2.22495 19.9
      vertex -2.04353 -2.39266 19.9
    endloop
  endfacet
  facet normal 0 0 1
    outer loop
      vertex -1.57539 -2.72135 19.9
      vertex -2.39266 -2.04353 19.9
      vertex -2.22495 -2.22495 19.9
    endloop
  endfacet
  facet normal 0 0 1
    outer loop
      vertex -1.57539 -2.72135 19.9
      vertex -2.54562 -1.8495 19.9
      vertex -2.39266 -2.04353 19.9
    endloop
  endfacet
  facet normal 0 0 1
    outer loop
      vertex -1.57539 -2.72135 19.9
      vertex -2.68288 -1.64407 19.9
      vertex -2.54562 -1.8495 19.9
    endloop
  endfacet
  facet normal 0 0 1
    outer loop
      vertex -1.57539 -2.72135 19.9
      vertex -2.8036 -1.42851 19.9
      vertex -2.68288 -1.64407 19.9
    endloop
  endfacet
  facet normal 0 0 1
    outer loop
      vertex -1.57539 -2.72135 19.9
      vertex -2.90704 -1.20414 19.9
      vertex -2.8036 -1.42851 19.9
    endloop
  endfacet
  facet normal 0 0 1
    outer loop
      vertex -1.57539 -2.72135 19.9
      vertex -2.99255 -0.97234 19.9
      vertex -2.90704 -1.20414 19.9
    endloop
  endfacet
  facet normal 0 0 1
    outer loop
      vertex -1.57539 -2.72135 19.9
      vertex -3.05962 -0.73455 19.9
      vertex -2.99255 -0.97234 19.9
    endloop
  endfacet
  facet normal 0 0 1
    outer loop
      vertex -1.57539 -2.72135 19.9
      vertex -3.10782 -0.492229 19.9
      vertex -3.05962 -0.73455 19.9
    endloop
  endfacet
  facet normal 0 0 1
    outer loop
      vertex -1.57539 -2.72135 19.9
      vertex -3.13686 -0.246876 19.9
      vertex -3.10782 -0.492229 19.9
    endloop
  endfacet
  facet normal -0 -0 1
    outer loop
      vertex -3.13686 -0.246876 19.9
      vertex -1.57539 -2.72135 19.9
      vertex -3.14656 0 19.9
    endloop
  endfacet
  facet normal 0 0 1
    outer loop
      vertex 1.20414 2.90704 19.9
      vertex 1.56887 2.725 19.9
      vertex 1.42851 2.8036 19.9
    endloop
  endfacet
  facet normal 0 0 1
    outer loop
      vertex 0.97234 2.99255 19.9
      vertex 1.56887 2.725 19.9
      vertex 1.20414 2.90704 19.9
    endloop
  endfacet
  facet normal 0 0 1
    outer loop
      vertex 0.73455 3.05962 19.9
      vertex 1.56887 2.725 19.9
      vertex 0.97234 2.99255 19.9
    endloop
  endfacet
  facet normal 0 0 1
    outer loop
      vertex 0.492229 3.10782 19.9
      vertex 1.56887 2.725 19.9
      vertex 0.73455 3.05962 19.9
    endloop
  endfacet
  facet normal 0 0 1
    outer loop
      vertex 0.246876 3.13686 19.9
      vertex 1.56887 2.725 19.9
      vertex 0.492229 3.10782 19.9
    endloop
  endfacet
  facet normal 0 0 1
    outer loop
      vertex 0 3.14656 19.9
      vertex 1.56887 2.725 19.9
      vertex 0.246876 3.13686 19.9
    endloop
  endfacet
  facet normal -0 0 1
    outer loop
      vertex -0.246876 3.13686 19.9
      vertex 1.56887 2.725 19.9
      vertex 0 3.14656 19.9
    endloop
  endfacet
  facet normal -0 0 1
    outer loop
      vertex -0.492229 3.10782 19.9
      vertex 1.56887 2.725 19.9
      vertex -0.246876 3.13686 19.9
    endloop
  endfacet
  facet normal -0 0 1
    outer loop
      vertex -0.73455 3.05962 19.9
      vertex 1.56887 2.725 19.9
      vertex -0.492229 3.10782 19.9
    endloop
  endfacet
  facet normal -0 0 1
    outer loop
      vertex -0.97234 2.99255 19.9
      vertex 1.56887 2.725 19.9
      vertex -0.73455 3.05962 19.9
    endloop
  endfacet
  facet normal -0 0 1
    outer loop
      vertex -1.20414 2.90704 19.9
      vertex 1.56887 2.725 19.9
      vertex -0.97234 2.99255 19.9
    endloop
  endfacet
  facet normal 0 0 1
    outer loop
      vertex -1.56887 2.725 19.9
      vertex -1.20414 2.90704 19.9
      vertex -1.42851 2.8036 19.9
    endloop
  endfacet
  facet normal 0 0 1
    outer loop
      vertex -1.20414 2.90704 19.9
      vertex -1.56887 2.725 19.9
      vertex 1.56887 2.725 19.9
    endloop
  endfacet
  facet normal 0 0 1
    outer loop
      vertex 3.14656 0 19.9
      vertex 3.10782 -0.492229 19.9
      vertex 3.13686 -0.246876 19.9
    endloop
  endfacet
  facet normal 0 0 1
    outer loop
      vertex 3.14656 0 19.9
      vertex 3.05962 -0.73455 19.9
      vertex 3.10782 -0.492229 19.9
    endloop
  endfacet
  facet normal 0 0 1
    outer loop
      vertex 3.14656 0 19.9
      vertex 2.99255 -0.97234 19.9
      vertex 3.05962 -0.73455 19.9
    endloop
  endfacet
  facet normal 0 0 1
    outer loop
      vertex 3.14656 0 19.9
      vertex 2.90704 -1.20414 19.9
      vertex 2.99255 -0.97234 19.9
    endloop
  endfacet
  facet normal 0 0 1
    outer loop
      vertex 3.14656 0 19.9
      vertex 2.8036 -1.42851 19.9
      vertex 2.90704 -1.20414 19.9
    endloop
  endfacet
  facet normal 0 0 1
    outer loop
      vertex 3.14656 0 19.9
      vertex 2.68288 -1.64407 19.9
      vertex 2.8036 -1.42851 19.9
    endloop
  endfacet
  facet normal 0 0 1
    outer loop
      vertex 3.14656 0 19.9
      vertex 2.54562 -1.8495 19.9
      vertex 2.68288 -1.64407 19.9
    endloop
  endfacet
  facet normal 0 0 1
    outer loop
      vertex 3.14656 0 19.9
      vertex 2.39266 -2.04353 19.9
      vertex 2.54562 -1.8495 19.9
    endloop
  endfacet
  facet normal 0 0 1
    outer loop
      vertex 3.14656 0 19.9
      vertex 2.22495 -2.22495 19.9
      vertex 2.39266 -2.04353 19.9
    endloop
  endfacet
  facet normal 0 0 1
    outer loop
      vertex 3.14656 0 19.9
      vertex 2.04353 -2.39266 19.9
      vertex 2.22495 -2.22495 19.9
    endloop
  endfacet
  facet normal 0 0 1
    outer loop
      vertex 3.14656 0 19.9
      vertex 1.8495 -2.54562 19.9
      vertex 2.04353 -2.39266 19.9
    endloop
  endfacet
  facet normal 0 0 1
    outer loop
      vertex 1.57539 -2.72135 19.9
      vertex 1.8495 -2.54562 19.9
      vertex 3.14656 0 19.9
    endloop
  endfacet
  facet normal 0 0 1
    outer loop
      vertex 1.8495 -2.54562 19.9
      vertex 1.57539 -2.72135 19.9
      vertex 1.64407 -2.68288 19.9
    endloop
  endfacet
  facet normal 0 0 1
    outer loop
      vertex -1.8495 2.54562 19.9
      vertex -1.57539 2.72135 19.9
      vertex -1.64407 2.68288 19.9
    endloop
  endfacet
  facet normal 0 0 1
    outer loop
      vertex -2.04353 2.39266 19.9
      vertex -1.57539 2.72135 19.9
      vertex -1.8495 2.54562 19.9
    endloop
  endfacet
  facet normal 0 0 1
    outer loop
      vertex -2.22495 2.22495 19.9
      vertex -1.57539 2.72135 19.9
      vertex -2.04353 2.39266 19.9
    endloop
  endfacet
  facet normal 0 0 1
    outer loop
      vertex -2.39266 2.04353 19.9
      vertex -1.57539 2.72135 19.9
      vertex -2.22495 2.22495 19.9
    endloop
  endfacet
  facet normal 0 0 1
    outer loop
      vertex -2.54562 1.8495 19.9
      vertex -1.57539 2.72135 19.9
      vertex -2.39266 2.04353 19.9
    endloop
  endfacet
  facet normal 0 0 1
    outer loop
      vertex -2.68288 1.64407 19.9
      vertex -1.57539 2.72135 19.9
      vertex -2.54562 1.8495 19.9
    endloop
  endfacet
  facet normal 0 0 1
    outer loop
      vertex -2.8036 1.42851 19.9
      vertex -1.57539 2.72135 19.9
      vertex -2.68288 1.64407 19.9
    endloop
  endfacet
  facet normal 0 0 1
    outer loop
      vertex -2.90704 1.20414 19.9
      vertex -1.57539 2.72135 19.9
      vertex -2.8036 1.42851 19.9
    endloop
  endfacet
  facet normal 0 0 1
    outer loop
      vertex -2.99255 0.97234 19.9
      vertex -1.57539 2.72135 19.9
      vertex -2.90704 1.20414 19.9
    endloop
  endfacet
  facet normal 0 0 1
    outer loop
      vertex -3.05962 0.73455 19.9
      vertex -1.57539 2.72135 19.9
      vertex -2.99255 0.97234 19.9
    endloop
  endfacet
  facet normal 0 0 1
    outer loop
      vertex -3.10782 0.492229 19.9
      vertex -1.57539 2.72135 19.9
      vertex -3.05962 0.73455 19.9
    endloop
  endfacet
  facet normal 0 0 1
    outer loop
      vertex -3.13686 0.246876 19.9
      vertex -1.57539 2.72135 19.9
      vertex -3.10782 0.492229 19.9
    endloop
  endfacet
  facet normal 0 0 1
    outer loop
      vertex -1.57539 2.72135 19.9
      vertex -3.13686 0.246876 19.9
      vertex -3.14656 0 19.9
    endloop
  endfacet
endsolid OpenSCAD_Model
