solid OpenSCAD_Model
  facet normal 1 -0 0
    outer loop
      vertex 8.22598 -0.599999 21.8
      vertex 8.22598 0.599999 0
      vertex 8.22598 0.599999 21.8
    endloop
  endfacet
  facet normal 1 0 0
    outer loop
      vertex 8.22598 0.599999 0
      vertex 8.22598 -0.599999 21.8
      vertex 8.22598 -0.599999 0
    endloop
  endfacet
  facet normal -0 0 1
    outer loop
      vertex -7.90155 0.621865 21.8
      vertex -3.81982 0.321263 21.8
      vertex -7.8284 1.2399 21.8
    endloop
  endfacet
  facet normal 0 0 1
    outer loop
      vertex -3.81982 0.321263 21.8
      vertex -7.90155 0.621865 21.8
      vertex -3.82224 0.300817 21.8
    endloop
  endfacet
  facet normal 0 -0 1
    outer loop
      vertex -7.32265 -3.03314 21.8
      vertex -3.83406 0 21.8
      vertex -7.53806 -2.44926 21.8
    endloop
  endfacet
  facet normal 0 0 1
    outer loop
      vertex -3.83406 0 21.8
      vertex -7.32265 -3.03314 21.8
      vertex -7.13996 -3.42944 21.8
    endloop
  endfacet
  facet normal -0 0 1
    outer loop
      vertex -7.90241 0.599999 21.8
      vertex -3.82224 0.300817 21.8
      vertex -7.90155 0.621865 21.8
    endloop
  endfacet
  facet normal 0 0 1
    outer loop
      vertex -3.83406 0 21.8
      vertex -7.70699 -1.85028 21.8
      vertex -7.53806 -2.44926 21.8
    endloop
  endfacet
  facet normal 0 0 1
    outer loop
      vertex -3.82224 0.300817 21.8
      vertex -7.90241 0.599999 21.8
      vertex -3.83325 0.0205731 21.8
    endloop
  endfacet
  facet normal 0 0 1
    outer loop
      vertex -3.83406 0 21.8
      vertex -7.8284 -1.2399 21.8
      vertex -7.70699 -1.85028 21.8
    endloop
  endfacet
  facet normal 0 0 1
    outer loop
      vertex -3.83325 0.0205731 21.8
      vertex -7.90241 0.599999 21.8
      vertex -3.83406 0 21.8
    endloop
  endfacet
  facet normal 0 0 1
    outer loop
      vertex -7.90241 -0.599999 21.8
      vertex -3.83406 0 21.8
      vertex -7.90241 0.599999 21.8
    endloop
  endfacet
  facet normal 0 -0 1
    outer loop
      vertex -7.90155 -0.621865 21.8
      vertex -3.83406 0 21.8
      vertex -7.90241 -0.599999 21.8
    endloop
  endfacet
  facet normal 0 0 1
    outer loop
      vertex -3.83406 0 21.8
      vertex -7.90155 -0.621865 21.8
      vertex -7.8284 -1.2399 21.8
    endloop
  endfacet
  facet normal -0 0 1
    outer loop
      vertex -8.22598 0.599999 21.8
      vertex -7.90241 -0.599999 21.8
      vertex -7.90241 0.599999 21.8
    endloop
  endfacet
  facet normal 0 0 1
    outer loop
      vertex -7.90241 -0.599999 21.8
      vertex -8.22598 0.599999 21.8
      vertex -8.22598 -0.599999 21.8
    endloop
  endfacet
  facet normal 0 0 1
    outer loop
      vertex -3.64641 1.18479 21.8
      vertex -7.53806 2.44926 21.8
      vertex -3.652 1.16497 21.8
    endloop
  endfacet
  facet normal 0 0 1
    outer loop
      vertex -3.652 1.16497 21.8
      vertex -7.53806 2.44926 21.8
      vertex -3.72812 0.895042 21.8
    endloop
  endfacet
  facet normal 0 -0 1
    outer loop
      vertex -4.65877 -6.41225 21.8
      vertex -3.83406 0 21.8
      vertex -5.14751 -6.02696 21.8
    endloop
  endfacet
  facet normal 0 0 1
    outer loop
      vertex -3.83406 0 21.8
      vertex -4.65877 -6.41225 21.8
      vertex -4.46838 -6.53947 21.8
    endloop
  endfacet
  facet normal -0 0 1
    outer loop
      vertex -7.70699 1.85028 21.8
      vertex -3.72812 0.895042 21.8
      vertex -7.53806 2.44926 21.8
    endloop
  endfacet
  facet normal 0 0 1
    outer loop
      vertex -3.83406 0 21.8
      vertex -5.60452 -5.60452 21.8
      vertex -5.14751 -6.02696 21.8
    endloop
  endfacet
  facet normal 0 0 1
    outer loop
      vertex -3.72812 0.895042 21.8
      vertex -7.70699 1.85028 21.8
      vertex -3.73214 0.874849 21.8
    endloop
  endfacet
  facet normal 0 0 1
    outer loop
      vertex -3.83406 0 21.8
      vertex -6.02696 -5.14751 21.8
      vertex -5.60452 -5.60452 21.8
    endloop
  endfacet
  facet normal 0 0 1
    outer loop
      vertex -3.73214 0.874849 21.8
      vertex -7.70699 1.85028 21.8
      vertex -3.78685 0.599778 21.8
    endloop
  endfacet
  facet normal -0 0 1
    outer loop
      vertex -7.8284 1.2399 21.8
      vertex -3.78685 0.599778 21.8
      vertex -7.70699 1.85028 21.8
    endloop
  endfacet
  facet normal 0 -0 1
    outer loop
      vertex -6.41225 -4.65877 21.8
      vertex -3.83406 0 21.8
      vertex -6.53947 -4.46838 21.8
    endloop
  endfacet
  facet normal 0 0 1
    outer loop
      vertex -3.83406 0 21.8
      vertex -6.41225 -4.65877 21.8
      vertex -6.02696 -5.14751 21.8
    endloop
  endfacet
  facet normal 0 0 1
    outer loop
      vertex -7.13996 3.42944 21.8
      vertex -6.53947 4.46838 21.8
      vertex -6.82391 4.63261 21.8
    endloop
  endfacet
  facet normal 0 0 1
    outer loop
      vertex -3.78685 0.599778 21.8
      vertex -7.8284 1.2399 21.8
      vertex -3.81982 0.321263 21.8
    endloop
  endfacet
  facet normal 0 0 1
    outer loop
      vertex -3.83406 0 21.8
      vertex -7.13996 -3.42944 21.8
      vertex -6.53947 -4.46838 21.8
    endloop
  endfacet
  facet normal 0 -0 1
    outer loop
      vertex -7.13996 3.42944 21.8
      vertex -6.82391 4.63261 21.8
      vertex -7.42391 3.59338 21.8
    endloop
  endfacet
  facet normal 0 0 1
    outer loop
      vertex -0.300817 -3.82224 21.8
      vertex -0.621865 -7.90155 21.8
      vertex -0.599999 -7.90241 21.8
    endloop
  endfacet
  facet normal 0 0 1
    outer loop
      vertex -1.2399 -7.8284 21.8
      vertex -0.599778 -3.78685 21.8
      vertex -0.874849 -3.73214 21.8
    endloop
  endfacet
  facet normal 0 0 1
    outer loop
      vertex -1.85028 -7.70699 21.8
      vertex -0.874849 -3.73214 21.8
      vertex -0.895042 -3.72812 21.8
    endloop
  endfacet
  facet normal 0 0 1
    outer loop
      vertex -1.85028 -7.70699 21.8
      vertex -0.895042 -3.72812 21.8
      vertex -1.16497 -3.652 21.8
    endloop
  endfacet
  facet normal 0 0 1
    outer loop
      vertex -2.44926 -7.53806 21.8
      vertex -1.16497 -3.652 21.8
      vertex -1.18479 -3.64641 21.8
    endloop
  endfacet
  facet normal 0 0 1
    outer loop
      vertex -2.44926 -7.53806 21.8
      vertex -1.18479 -3.64641 21.8
      vertex -1.20411 -3.63928 21.8
    endloop
  endfacet
  facet normal 0 0 1
    outer loop
      vertex -0.599778 -3.78685 21.8
      vertex -1.2399 -7.8284 21.8
      vertex -0.621865 -7.90155 21.8
    endloop
  endfacet
  facet normal 0 0 1
    outer loop
      vertex -2.44926 -7.53806 21.8
      vertex -1.20411 -3.63928 21.8
      vertex -1.46723 -3.54221 21.8
    endloop
  endfacet
  facet normal 0 0 1
    outer loop
      vertex -3.03314 -7.32265 21.8
      vertex -1.46723 -3.54221 21.8
      vertex -1.48593 -3.53359 21.8
    endloop
  endfacet
  facet normal 0 0 1
    outer loop
      vertex -3.42944 -7.13996 21.8
      vertex -1.48593 -3.53359 21.8
      vertex -1.74063 -3.41617 21.8
    endloop
  endfacet
  facet normal 0 0 1
    outer loop
      vertex -3.42944 -7.13996 21.8
      vertex -1.74063 -3.41617 21.8
      vertex -1.75859 -3.40611 21.8
    endloop
  endfacet
  facet normal 0 0 1
    outer loop
      vertex -0.874849 -3.73214 21.8
      vertex -1.85028 -7.70699 21.8
      vertex -1.2399 -7.8284 21.8
    endloop
  endfacet
  facet normal 0 0 1
    outer loop
      vertex -3.42944 -7.13996 21.8
      vertex -1.75859 -3.40611 21.8
      vertex -2.00329 -3.26907 21.8
    endloop
  endfacet
  facet normal 0 0 1
    outer loop
      vertex -4.46838 -6.53947 21.8
      vertex -2.00329 -3.26907 21.8
      vertex -2.23648 -3.11326 21.8
    endloop
  endfacet
  facet normal 0 0 1
    outer loop
      vertex -4.46838 -6.53947 21.8
      vertex -2.23648 -3.11326 21.8
      vertex -2.2536 -3.10182 21.8
    endloop
  endfacet
  facet normal 0 0 1
    outer loop
      vertex -4.46838 -6.53947 21.8
      vertex -2.2536 -3.10182 21.8
      vertex -2.26977 -3.08907 21.8
    endloop
  endfacet
  facet normal 0 0 1
    outer loop
      vertex -1.16497 -3.652 21.8
      vertex -2.44926 -7.53806 21.8
      vertex -1.85028 -7.70699 21.8
    endloop
  endfacet
  facet normal 0 0 1
    outer loop
      vertex -4.46838 -6.53947 21.8
      vertex -2.26977 -3.08907 21.8
      vertex -2.49002 -2.91544 21.8
    endloop
  endfacet
  facet normal 0 0 1
    outer loop
      vertex -4.46838 -6.53947 21.8
      vertex -2.49002 -2.91544 21.8
      vertex -2.50514 -2.90146 21.8
    endloop
  endfacet
  facet normal 0 0 1
    outer loop
      vertex -4.46838 -6.53947 21.8
      vertex -2.50514 -2.90146 21.8
      vertex -2.71109 -2.71109 21.8
    endloop
  endfacet
  facet normal 0 0 1
    outer loop
      vertex -4.46838 -6.53947 21.8
      vertex -2.71109 -2.71109 21.8
      vertex -2.90146 -2.50514 21.8
    endloop
  endfacet
  facet normal 0 0 1
    outer loop
      vertex -4.46838 -6.53947 21.8
      vertex -2.90146 -2.50514 21.8
      vertex -2.91544 -2.49002 21.8
    endloop
  endfacet
  facet normal 0 0 1
    outer loop
      vertex -1.46723 -3.54221 21.8
      vertex -3.03314 -7.32265 21.8
      vertex -2.44926 -7.53806 21.8
    endloop
  endfacet
  facet normal 0 0 1
    outer loop
      vertex -4.46838 -6.53947 21.8
      vertex -2.91544 -2.49002 21.8
      vertex -3.08907 -2.26977 21.8
    endloop
  endfacet
  facet normal 0 0 1
    outer loop
      vertex -4.46838 -6.53947 21.8
      vertex -3.08907 -2.26977 21.8
      vertex -3.10182 -2.2536 21.8
    endloop
  endfacet
  facet normal 0 0 1
    outer loop
      vertex -4.46838 -6.53947 21.8
      vertex -3.10182 -2.2536 21.8
      vertex -3.11326 -2.23648 21.8
    endloop
  endfacet
  facet normal 0 0 1
    outer loop
      vertex -4.46838 -6.53947 21.8
      vertex -3.11326 -2.23648 21.8
      vertex -3.26907 -2.00329 21.8
    endloop
  endfacet
  facet normal 0 0 1
    outer loop
      vertex -4.46838 -6.53947 21.8
      vertex -3.26907 -2.00329 21.8
      vertex -3.40611 -1.75859 21.8
    endloop
  endfacet
  facet normal 0 0 1
    outer loop
      vertex -4.46838 -6.53947 21.8
      vertex -3.40611 -1.75859 21.8
      vertex -3.41617 -1.74063 21.8
    endloop
  endfacet
  facet normal 0 0 1
    outer loop
      vertex -1.48593 -3.53359 21.8
      vertex -3.42944 -7.13996 21.8
      vertex -3.03314 -7.32265 21.8
    endloop
  endfacet
  facet normal 0 0 1
    outer loop
      vertex -4.46838 -6.53947 21.8
      vertex -3.41617 -1.74063 21.8
      vertex -3.53359 -1.48593 21.8
    endloop
  endfacet
  facet normal 0 0 1
    outer loop
      vertex -4.46838 -6.53947 21.8
      vertex -3.53359 -1.48593 21.8
      vertex -3.54221 -1.46723 21.8
    endloop
  endfacet
  facet normal 0 0 1
    outer loop
      vertex -2.00329 -3.26907 21.8
      vertex -4.46838 -6.53947 21.8
      vertex -3.42944 -7.13996 21.8
    endloop
  endfacet
  facet normal 0 0 1
    outer loop
      vertex -4.46838 -6.53947 21.8
      vertex -3.54221 -1.46723 21.8
      vertex -3.63928 -1.20411 21.8
    endloop
  endfacet
  facet normal 0 0 1
    outer loop
      vertex -4.46838 -6.53947 21.8
      vertex -3.63928 -1.20411 21.8
      vertex -3.64641 -1.18479 21.8
    endloop
  endfacet
  facet normal 0 0 1
    outer loop
      vertex -4.46838 -6.53947 21.8
      vertex -3.64641 -1.18479 21.8
      vertex -3.652 -1.16497 21.8
    endloop
  endfacet
  facet normal 0 0 1
    outer loop
      vertex -4.46838 -6.53947 21.8
      vertex -3.652 -1.16497 21.8
      vertex -3.72812 -0.895042 21.8
    endloop
  endfacet
  facet normal 0 0 1
    outer loop
      vertex -4.46838 -6.53947 21.8
      vertex -3.72812 -0.895042 21.8
      vertex -3.73214 -0.874849 21.8
    endloop
  endfacet
  facet normal 0 0 1
    outer loop
      vertex -4.46838 -6.53947 21.8
      vertex -3.73214 -0.874849 21.8
      vertex -3.78685 -0.599778 21.8
    endloop
  endfacet
  facet normal 0 0 1
    outer loop
      vertex -4.46838 -6.53947 21.8
      vertex -3.78685 -0.599778 21.8
      vertex -3.81982 -0.321263 21.8
    endloop
  endfacet
  facet normal 0 0 1
    outer loop
      vertex -4.46838 -6.53947 21.8
      vertex -3.81982 -0.321263 21.8
      vertex -3.82224 -0.300817 21.8
    endloop
  endfacet
  facet normal 0 0 1
    outer loop
      vertex -4.46838 -6.53947 21.8
      vertex -3.82224 -0.300817 21.8
      vertex -3.83325 -0.0205731 21.8
    endloop
  endfacet
  facet normal 0 0 1
    outer loop
      vertex -4.46838 -6.53947 21.8
      vertex -3.83325 -0.0205731 21.8
      vertex -3.83406 0 21.8
    endloop
  endfacet
  facet normal 0 0 1
    outer loop
      vertex -3.63928 1.20411 21.8
      vertex -7.53806 2.44926 21.8
      vertex -3.64641 1.18479 21.8
    endloop
  endfacet
  facet normal 0 0 1
    outer loop
      vertex -3.42944 -7.13996 21.8
      vertex -4.46838 -6.53947 21.8
      vertex -3.59338 -7.42391 21.8
    endloop
  endfacet
  facet normal 0 0 1
    outer loop
      vertex -3.59338 -7.42391 21.8
      vertex -4.46838 -6.53947 21.8
      vertex -4.63261 -6.82391 21.8
    endloop
  endfacet
  facet normal 0 0 1
    outer loop
      vertex -0.599999 7.90241 21.8
      vertex 0.599999 7.90241 21.8
      vertex 0.599999 8.22598 21.8
    endloop
  endfacet
  facet normal 0 0 1
    outer loop
      vertex 0.599999 7.90241 21.8
      vertex 0.321263 3.81982 21.8
      vertex 0.599778 3.78685 21.8
    endloop
  endfacet
  facet normal 0 0 1
    outer loop
      vertex 0.599999 7.90241 21.8
      vertex 0.300817 3.82224 21.8
      vertex 0.321263 3.81982 21.8
    endloop
  endfacet
  facet normal 0 -0 1
    outer loop
      vertex 0 3.83406 21.8
      vertex 0.599999 7.90241 21.8
      vertex -0.599999 7.90241 21.8
    endloop
  endfacet
  facet normal 0 0 1
    outer loop
      vertex 0.599999 7.90241 21.8
      vertex 0.0205731 3.83325 21.8
      vertex 0.300817 3.82224 21.8
    endloop
  endfacet
  facet normal 0 0 1
    outer loop
      vertex 0.599999 7.90241 21.8
      vertex 0 3.83406 21.8
      vertex 0.0205731 3.83325 21.8
    endloop
  endfacet
  facet normal 0 0 1
    outer loop
      vertex 0 3.83406 21.8
      vertex -0.599999 7.90241 21.8
      vertex -0.0205731 3.83325 21.8
    endloop
  endfacet
  facet normal 0 0 1
    outer loop
      vertex -0.0205731 3.83325 21.8
      vertex -0.599999 7.90241 21.8
      vertex -0.300817 3.82224 21.8
    endloop
  endfacet
  facet normal -0 0 1
    outer loop
      vertex -0.621865 7.90155 21.8
      vertex -0.300817 3.82224 21.8
      vertex -0.599999 7.90241 21.8
    endloop
  endfacet
  facet normal 0 0 1
    outer loop
      vertex -0.599999 7.90241 21.8
      vertex 0.599999 8.22598 21.8
      vertex -0.599999 8.22598 21.8
    endloop
  endfacet
  facet normal 0 0 1
    outer loop
      vertex -0.300817 3.82224 21.8
      vertex -0.621865 7.90155 21.8
      vertex -0.321263 3.81982 21.8
    endloop
  endfacet
  facet normal 0 0 1
    outer loop
      vertex -0.321263 3.81982 21.8
      vertex -0.621865 7.90155 21.8
      vertex -0.599778 3.78685 21.8
    endloop
  endfacet
  facet normal -0 0 1
    outer loop
      vertex -1.2399 7.8284 21.8
      vertex -0.599778 3.78685 21.8
      vertex -0.621865 7.90155 21.8
    endloop
  endfacet
  facet normal 0 0 1
    outer loop
      vertex -0.599778 3.78685 21.8
      vertex -1.2399 7.8284 21.8
      vertex -0.874849 3.73214 21.8
    endloop
  endfacet
  facet normal -0 0 1
    outer loop
      vertex -1.85028 7.70699 21.8
      vertex -0.874849 3.73214 21.8
      vertex -1.2399 7.8284 21.8
    endloop
  endfacet
  facet normal 0 0 1
    outer loop
      vertex -0.874849 3.73214 21.8
      vertex -1.85028 7.70699 21.8
      vertex -0.895042 3.72812 21.8
    endloop
  endfacet
  facet normal 0 0 1
    outer loop
      vertex -0.895042 3.72812 21.8
      vertex -1.85028 7.70699 21.8
      vertex -1.16497 3.652 21.8
    endloop
  endfacet
  facet normal -0 0 1
    outer loop
      vertex -2.44926 7.53806 21.8
      vertex -1.16497 3.652 21.8
      vertex -1.85028 7.70699 21.8
    endloop
  endfacet
  facet normal 0 0 1
    outer loop
      vertex -1.16497 3.652 21.8
      vertex -2.44926 7.53806 21.8
      vertex -1.18479 3.64641 21.8
    endloop
  endfacet
  facet normal 0 0 1
    outer loop
      vertex -1.18479 3.64641 21.8
      vertex -2.44926 7.53806 21.8
      vertex -1.20411 3.63928 21.8
    endloop
  endfacet
  facet normal 0 0 1
    outer loop
      vertex -1.20411 3.63928 21.8
      vertex -2.44926 7.53806 21.8
      vertex -1.46723 3.54221 21.8
    endloop
  endfacet
  facet normal -0 0 1
    outer loop
      vertex -3.03314 7.32265 21.8
      vertex -1.46723 3.54221 21.8
      vertex -2.44926 7.53806 21.8
    endloop
  endfacet
  facet normal 0 0 1
    outer loop
      vertex -1.46723 3.54221 21.8
      vertex -3.03314 7.32265 21.8
      vertex -1.48593 3.53359 21.8
    endloop
  endfacet
  facet normal -0 0 1
    outer loop
      vertex -3.42944 7.13996 21.8
      vertex -1.48593 3.53359 21.8
      vertex -3.03314 7.32265 21.8
    endloop
  endfacet
  facet normal 0 0 1
    outer loop
      vertex -1.48593 3.53359 21.8
      vertex -3.42944 7.13996 21.8
      vertex -1.74063 3.41617 21.8
    endloop
  endfacet
  facet normal 0 0 1
    outer loop
      vertex -1.74063 3.41617 21.8
      vertex -3.42944 7.13996 21.8
      vertex -1.75859 3.40611 21.8
    endloop
  endfacet
  facet normal 0 0 1
    outer loop
      vertex -1.75859 3.40611 21.8
      vertex -3.42944 7.13996 21.8
      vertex -2.00329 3.26907 21.8
    endloop
  endfacet
  facet normal -0 0 1
    outer loop
      vertex -4.46838 6.53947 21.8
      vertex -2.00329 3.26907 21.8
      vertex -3.42944 7.13996 21.8
    endloop
  endfacet
  facet normal 0 0 1
    outer loop
      vertex -2.00329 3.26907 21.8
      vertex -4.46838 6.53947 21.8
      vertex -2.23648 3.11326 21.8
    endloop
  endfacet
  facet normal 0 0 1
    outer loop
      vertex -2.23648 3.11326 21.8
      vertex -4.46838 6.53947 21.8
      vertex -2.2536 3.10182 21.8
    endloop
  endfacet
  facet normal -0 0 1
    outer loop
      vertex -4.65877 6.41225 21.8
      vertex -2.2536 3.10182 21.8
      vertex -4.46838 6.53947 21.8
    endloop
  endfacet
  facet normal 0 0 1
    outer loop
      vertex -2.2536 3.10182 21.8
      vertex -4.65877 6.41225 21.8
      vertex -2.26977 3.08907 21.8
    endloop
  endfacet
  facet normal 0 0 1
    outer loop
      vertex -2.26977 3.08907 21.8
      vertex -4.65877 6.41225 21.8
      vertex -2.49002 2.91544 21.8
    endloop
  endfacet
  facet normal -0 0 1
    outer loop
      vertex -5.14751 6.02696 21.8
      vertex -2.49002 2.91544 21.8
      vertex -4.65877 6.41225 21.8
    endloop
  endfacet
  facet normal 0 0 1
    outer loop
      vertex -2.49002 2.91544 21.8
      vertex -5.14751 6.02696 21.8
      vertex -2.50514 2.90146 21.8
    endloop
  endfacet
  facet normal 0 0 1
    outer loop
      vertex -2.50514 2.90146 21.8
      vertex -5.14751 6.02696 21.8
      vertex -2.71109 2.71109 21.8
    endloop
  endfacet
  facet normal -0 0 1
    outer loop
      vertex -5.60452 5.60452 21.8
      vertex -2.71109 2.71109 21.8
      vertex -5.14751 6.02696 21.8
    endloop
  endfacet
  facet normal 0 0 1
    outer loop
      vertex -2.71109 2.71109 21.8
      vertex -5.60452 5.60452 21.8
      vertex -2.90146 2.50514 21.8
    endloop
  endfacet
  facet normal -0 0 1
    outer loop
      vertex -6.02696 5.14751 21.8
      vertex -2.90146 2.50514 21.8
      vertex -5.60452 5.60452 21.8
    endloop
  endfacet
  facet normal 0 0 1
    outer loop
      vertex -2.90146 2.50514 21.8
      vertex -6.02696 5.14751 21.8
      vertex -2.91544 2.49002 21.8
    endloop
  endfacet
  facet normal 0 0 1
    outer loop
      vertex -2.91544 2.49002 21.8
      vertex -6.02696 5.14751 21.8
      vertex -3.08907 2.26977 21.8
    endloop
  endfacet
  facet normal -0 0 1
    outer loop
      vertex -6.41225 4.65877 21.8
      vertex -3.08907 2.26977 21.8
      vertex -6.02696 5.14751 21.8
    endloop
  endfacet
  facet normal 0 0 1
    outer loop
      vertex -3.08907 2.26977 21.8
      vertex -6.41225 4.65877 21.8
      vertex -3.10182 2.2536 21.8
    endloop
  endfacet
  facet normal 0 0 1
    outer loop
      vertex -4.46838 6.53947 21.8
      vertex -3.42944 7.13996 21.8
      vertex -3.59338 7.42391 21.8
    endloop
  endfacet
  facet normal -0 0 1
    outer loop
      vertex -6.53947 4.46838 21.8
      vertex -3.10182 2.2536 21.8
      vertex -6.41225 4.65877 21.8
    endloop
  endfacet
  facet normal 0 0 1
    outer loop
      vertex -3.10182 2.2536 21.8
      vertex -6.53947 4.46838 21.8
      vertex -3.11326 2.23648 21.8
    endloop
  endfacet
  facet normal 0 0 1
    outer loop
      vertex -3.11326 2.23648 21.8
      vertex -6.53947 4.46838 21.8
      vertex -3.26907 2.00329 21.8
    endloop
  endfacet
  facet normal -0 0 1
    outer loop
      vertex -7.13996 3.42944 21.8
      vertex -3.26907 2.00329 21.8
      vertex -6.53947 4.46838 21.8
    endloop
  endfacet
  facet normal 0 0 1
    outer loop
      vertex -3.26907 2.00329 21.8
      vertex -7.13996 3.42944 21.8
      vertex -3.40611 1.75859 21.8
    endloop
  endfacet
  facet normal 0 0 1
    outer loop
      vertex -3.40611 1.75859 21.8
      vertex -7.13996 3.42944 21.8
      vertex -3.41617 1.74063 21.8
    endloop
  endfacet
  facet normal 0 0 1
    outer loop
      vertex -3.41617 1.74063 21.8
      vertex -7.13996 3.42944 21.8
      vertex -3.53359 1.48593 21.8
    endloop
  endfacet
  facet normal -0 0 1
    outer loop
      vertex -7.32265 3.03314 21.8
      vertex -3.53359 1.48593 21.8
      vertex -7.13996 3.42944 21.8
    endloop
  endfacet
  facet normal 0 0 1
    outer loop
      vertex -3.53359 1.48593 21.8
      vertex -7.32265 3.03314 21.8
      vertex -3.54221 1.46723 21.8
    endloop
  endfacet
  facet normal 0 0 1
    outer loop
      vertex -3.54221 1.46723 21.8
      vertex -7.32265 3.03314 21.8
      vertex -3.63928 1.20411 21.8
    endloop
  endfacet
  facet normal -0 0 1
    outer loop
      vertex -7.53806 2.44926 21.8
      vertex -3.63928 1.20411 21.8
      vertex -7.32265 3.03314 21.8
    endloop
  endfacet
  facet normal 0 -0 1
    outer loop
      vertex -4.46838 6.53947 21.8
      vertex -3.59338 7.42391 21.8
      vertex -4.63261 6.82391 21.8
    endloop
  endfacet
  facet normal -0 0 1
    outer loop
      vertex 3.63928 -1.20411 21.8
      vertex 7.53806 -2.44926 21.8
      vertex 3.64641 -1.18479 21.8
    endloop
  endfacet
  facet normal 0 0 1
    outer loop
      vertex 4.65877 6.41225 21.8
      vertex 3.83325 0.0205731 21.8
      vertex 3.83406 0 21.8
    endloop
  endfacet
  facet normal 0 0 1
    outer loop
      vertex 4.65877 6.41225 21.8
      vertex 3.82224 0.300817 21.8
      vertex 3.83325 0.0205731 21.8
    endloop
  endfacet
  facet normal 0 0 1
    outer loop
      vertex 4.65877 6.41225 21.8
      vertex 3.81982 0.321263 21.8
      vertex 3.82224 0.300817 21.8
    endloop
  endfacet
  facet normal 0 0 1
    outer loop
      vertex 4.65877 6.41225 21.8
      vertex 3.78685 0.599778 21.8
      vertex 3.81982 0.321263 21.8
    endloop
  endfacet
  facet normal 0 0 1
    outer loop
      vertex 4.65877 6.41225 21.8
      vertex 3.73214 0.874849 21.8
      vertex 3.78685 0.599778 21.8
    endloop
  endfacet
  facet normal 0 0 1
    outer loop
      vertex 4.65877 6.41225 21.8
      vertex 3.72812 0.895042 21.8
      vertex 3.73214 0.874849 21.8
    endloop
  endfacet
  facet normal 0 0 1
    outer loop
      vertex 4.65877 6.41225 21.8
      vertex 3.652 1.16497 21.8
      vertex 3.72812 0.895042 21.8
    endloop
  endfacet
  facet normal 0 0 1
    outer loop
      vertex 4.65877 6.41225 21.8
      vertex 3.64641 1.18479 21.8
      vertex 3.652 1.16497 21.8
    endloop
  endfacet
  facet normal 0 0 1
    outer loop
      vertex 4.65877 6.41225 21.8
      vertex 3.63928 1.20411 21.8
      vertex 3.64641 1.18479 21.8
    endloop
  endfacet
  facet normal 0 0 1
    outer loop
      vertex 3.59338 7.42391 21.8
      vertex 4.46838 6.53947 21.8
      vertex 4.63261 6.82391 21.8
    endloop
  endfacet
  facet normal -0 0 1
    outer loop
      vertex 3.42944 7.13996 21.8
      vertex 4.46838 6.53947 21.8
      vertex 3.59338 7.42391 21.8
    endloop
  endfacet
  facet normal 0 0 1
    outer loop
      vertex 4.65877 6.41225 21.8
      vertex 3.54221 1.46723 21.8
      vertex 3.63928 1.20411 21.8
    endloop
  endfacet
  facet normal 0 0 1
    outer loop
      vertex 4.65877 6.41225 21.8
      vertex 3.53359 1.48593 21.8
      vertex 3.54221 1.46723 21.8
    endloop
  endfacet
  facet normal 0 0 1
    outer loop
      vertex 2.00329 3.26907 21.8
      vertex 4.46838 6.53947 21.8
      vertex 3.42944 7.13996 21.8
    endloop
  endfacet
  facet normal 0 0 1
    outer loop
      vertex 4.65877 6.41225 21.8
      vertex 3.41617 1.74063 21.8
      vertex 3.53359 1.48593 21.8
    endloop
  endfacet
  facet normal 0 0 1
    outer loop
      vertex 4.65877 6.41225 21.8
      vertex 3.40611 1.75859 21.8
      vertex 3.41617 1.74063 21.8
    endloop
  endfacet
  facet normal 0 0 1
    outer loop
      vertex 4.65877 6.41225 21.8
      vertex 3.26907 2.00329 21.8
      vertex 3.40611 1.75859 21.8
    endloop
  endfacet
  facet normal 0 0 1
    outer loop
      vertex 4.65877 6.41225 21.8
      vertex 3.11326 2.23648 21.8
      vertex 3.26907 2.00329 21.8
    endloop
  endfacet
  facet normal 0 0 1
    outer loop
      vertex 4.65877 6.41225 21.8
      vertex 3.10182 2.2536 21.8
      vertex 3.11326 2.23648 21.8
    endloop
  endfacet
  facet normal 0 0 1
    outer loop
      vertex 4.65877 6.41225 21.8
      vertex 3.08907 2.26977 21.8
      vertex 3.10182 2.2536 21.8
    endloop
  endfacet
  facet normal 0 0 1
    outer loop
      vertex 1.48593 3.53359 21.8
      vertex 3.42944 7.13996 21.8
      vertex 3.03314 7.32265 21.8
    endloop
  endfacet
  facet normal 0 0 1
    outer loop
      vertex 4.65877 6.41225 21.8
      vertex 2.91544 2.49002 21.8
      vertex 3.08907 2.26977 21.8
    endloop
  endfacet
  facet normal 0 0 1
    outer loop
      vertex 4.65877 6.41225 21.8
      vertex 2.90146 2.50514 21.8
      vertex 2.91544 2.49002 21.8
    endloop
  endfacet
  facet normal 0 0 1
    outer loop
      vertex 4.65877 6.41225 21.8
      vertex 2.71109 2.71109 21.8
      vertex 2.90146 2.50514 21.8
    endloop
  endfacet
  facet normal 0 0 1
    outer loop
      vertex 4.65877 6.41225 21.8
      vertex 2.50514 2.90146 21.8
      vertex 2.71109 2.71109 21.8
    endloop
  endfacet
  facet normal 0 0 1
    outer loop
      vertex 4.65877 6.41225 21.8
      vertex 2.49002 2.91544 21.8
      vertex 2.50514 2.90146 21.8
    endloop
  endfacet
  facet normal 0 0 1
    outer loop
      vertex 1.46723 3.54221 21.8
      vertex 3.03314 7.32265 21.8
      vertex 2.44926 7.53806 21.8
    endloop
  endfacet
  facet normal 0 0 1
    outer loop
      vertex 4.65877 6.41225 21.8
      vertex 2.26977 3.08907 21.8
      vertex 2.49002 2.91544 21.8
    endloop
  endfacet
  facet normal 0 0 1
    outer loop
      vertex 4.65877 6.41225 21.8
      vertex 2.2536 3.10182 21.8
      vertex 2.26977 3.08907 21.8
    endloop
  endfacet
  facet normal 0 0 1
    outer loop
      vertex 4.46838 6.53947 21.8
      vertex 2.23648 3.11326 21.8
      vertex 2.2536 3.10182 21.8
    endloop
  endfacet
  facet normal 0 0 1
    outer loop
      vertex 4.46838 6.53947 21.8
      vertex 2.00329 3.26907 21.8
      vertex 2.23648 3.11326 21.8
    endloop
  endfacet
  facet normal 0 0 1
    outer loop
      vertex 1.16497 3.652 21.8
      vertex 2.44926 7.53806 21.8
      vertex 1.85028 7.70699 21.8
    endloop
  endfacet
  facet normal 0 0 1
    outer loop
      vertex 3.42944 7.13996 21.8
      vertex 1.75859 3.40611 21.8
      vertex 2.00329 3.26907 21.8
    endloop
  endfacet
  facet normal 0 0 1
    outer loop
      vertex 3.42944 7.13996 21.8
      vertex 1.74063 3.41617 21.8
      vertex 1.75859 3.40611 21.8
    endloop
  endfacet
  facet normal 0 0 1
    outer loop
      vertex 3.42944 7.13996 21.8
      vertex 1.48593 3.53359 21.8
      vertex 1.74063 3.41617 21.8
    endloop
  endfacet
  facet normal 0 0 1
    outer loop
      vertex 3.03314 7.32265 21.8
      vertex 1.46723 3.54221 21.8
      vertex 1.48593 3.53359 21.8
    endloop
  endfacet
  facet normal 0 0 1
    outer loop
      vertex 0.874849 3.73214 21.8
      vertex 1.85028 7.70699 21.8
      vertex 1.2399 7.8284 21.8
    endloop
  endfacet
  facet normal 0 0 1
    outer loop
      vertex 2.44926 7.53806 21.8
      vertex 1.20411 3.63928 21.8
      vertex 1.46723 3.54221 21.8
    endloop
  endfacet
  facet normal 0 0 1
    outer loop
      vertex 2.44926 7.53806 21.8
      vertex 1.18479 3.64641 21.8
      vertex 1.20411 3.63928 21.8
    endloop
  endfacet
  facet normal 0 0 1
    outer loop
      vertex 2.44926 7.53806 21.8
      vertex 1.16497 3.652 21.8
      vertex 1.18479 3.64641 21.8
    endloop
  endfacet
  facet normal 0 0 1
    outer loop
      vertex 1.85028 7.70699 21.8
      vertex 0.895042 3.72812 21.8
      vertex 1.16497 3.652 21.8
    endloop
  endfacet
  facet normal 0 0 1
    outer loop
      vertex 1.85028 7.70699 21.8
      vertex 0.874849 3.73214 21.8
      vertex 0.895042 3.72812 21.8
    endloop
  endfacet
  facet normal 0 0 1
    outer loop
      vertex 0.599778 3.78685 21.8
      vertex 1.2399 7.8284 21.8
      vertex 0.621865 7.90155 21.8
    endloop
  endfacet
  facet normal 0 0 1
    outer loop
      vertex 0.599778 3.78685 21.8
      vertex 0.621865 7.90155 21.8
      vertex 0.599999 7.90241 21.8
    endloop
  endfacet
  facet normal 0 0 1
    outer loop
      vertex 1.2399 7.8284 21.8
      vertex 0.599778 3.78685 21.8
      vertex 0.874849 3.73214 21.8
    endloop
  endfacet
  facet normal -0 0 1
    outer loop
      vertex 6.53947 4.46838 21.8
      vertex 7.13996 3.42944 21.8
      vertex 6.82391 4.63261 21.8
    endloop
  endfacet
  facet normal 0 0 1
    outer loop
      vertex 6.82391 4.63261 21.8
      vertex 7.13996 3.42944 21.8
      vertex 7.42391 3.59338 21.8
    endloop
  endfacet
  facet normal -0 0 1
    outer loop
      vertex 7.90241 0.599999 21.8
      vertex 8.22598 -0.599999 21.8
      vertex 8.22598 0.599999 21.8
    endloop
  endfacet
  facet normal 0 0 1
    outer loop
      vertex 7.90241 0.599999 21.8
      vertex 7.90241 -0.599999 21.8
      vertex 8.22598 -0.599999 21.8
    endloop
  endfacet
  facet normal 0 0 1
    outer loop
      vertex 3.83406 0 21.8
      vertex 7.90155 0.621865 21.8
      vertex 7.8284 1.2399 21.8
    endloop
  endfacet
  facet normal 0 0 1
    outer loop
      vertex 7.90155 0.621865 21.8
      vertex 3.83406 0 21.8
      vertex 7.90241 0.599999 21.8
    endloop
  endfacet
  facet normal 0 0 1
    outer loop
      vertex 7.90241 0.599999 21.8
      vertex 3.83406 0 21.8
      vertex 7.90241 -0.599999 21.8
    endloop
  endfacet
  facet normal -0 0 1
    outer loop
      vertex 3.83325 -0.0205731 21.8
      vertex 7.90241 -0.599999 21.8
      vertex 3.83406 0 21.8
    endloop
  endfacet
  facet normal 0 0 1
    outer loop
      vertex 3.83406 0 21.8
      vertex 7.8284 1.2399 21.8
      vertex 7.70699 1.85028 21.8
    endloop
  endfacet
  facet normal -0 0 1
    outer loop
      vertex 3.82224 -0.300817 21.8
      vertex 7.90241 -0.599999 21.8
      vertex 3.83325 -0.0205731 21.8
    endloop
  endfacet
  facet normal 0 0 1
    outer loop
      vertex 3.83406 0 21.8
      vertex 7.70699 1.85028 21.8
      vertex 7.53806 2.44926 21.8
    endloop
  endfacet
  facet normal 0 0 1
    outer loop
      vertex 7.90241 -0.599999 21.8
      vertex 3.82224 -0.300817 21.8
      vertex 7.90155 -0.621865 21.8
    endloop
  endfacet
  facet normal 0 0 1
    outer loop
      vertex 3.83406 0 21.8
      vertex 7.32265 3.03314 21.8
      vertex 7.13996 3.42944 21.8
    endloop
  endfacet
  facet normal 0 0 1
    outer loop
      vertex 7.32265 3.03314 21.8
      vertex 3.83406 0 21.8
      vertex 7.53806 2.44926 21.8
    endloop
  endfacet
  facet normal -0 0 1
    outer loop
      vertex 3.81982 -0.321263 21.8
      vertex 7.90155 -0.621865 21.8
      vertex 3.82224 -0.300817 21.8
    endloop
  endfacet
  facet normal 0 0 1
    outer loop
      vertex 7.90155 -0.621865 21.8
      vertex 3.81982 -0.321263 21.8
      vertex 7.8284 -1.2399 21.8
    endloop
  endfacet
  facet normal 0 0 1
    outer loop
      vertex 7.13996 -3.42944 21.8
      vertex 6.82391 -4.63261 21.8
      vertex 7.42391 -3.59338 21.8
    endloop
  endfacet
  facet normal 0 0 1
    outer loop
      vertex 3.83406 0 21.8
      vertex 7.13996 3.42944 21.8
      vertex 6.53947 4.46838 21.8
    endloop
  endfacet
  facet normal -0 0 1
    outer loop
      vertex 3.78685 -0.599778 21.8
      vertex 7.8284 -1.2399 21.8
      vertex 3.81982 -0.321263 21.8
    endloop
  endfacet
  facet normal 0 0 1
    outer loop
      vertex 7.13996 -3.42944 21.8
      vertex 6.53947 -4.46838 21.8
      vertex 6.82391 -4.63261 21.8
    endloop
  endfacet
  facet normal 0 0 1
    outer loop
      vertex 3.83406 0 21.8
      vertex 6.41225 4.65877 21.8
      vertex 6.02696 5.14751 21.8
    endloop
  endfacet
  facet normal 0 0 1
    outer loop
      vertex 6.41225 4.65877 21.8
      vertex 3.83406 0 21.8
      vertex 6.53947 4.46838 21.8
    endloop
  endfacet
  facet normal 0 0 1
    outer loop
      vertex 7.8284 -1.2399 21.8
      vertex 3.78685 -0.599778 21.8
      vertex 7.70699 -1.85028 21.8
    endloop
  endfacet
  facet normal -0 0 1
    outer loop
      vertex 3.73214 -0.874849 21.8
      vertex 7.70699 -1.85028 21.8
      vertex 3.78685 -0.599778 21.8
    endloop
  endfacet
  facet normal 0 0 1
    outer loop
      vertex 3.83406 0 21.8
      vertex 6.02696 5.14751 21.8
      vertex 5.60452 5.60452 21.8
    endloop
  endfacet
  facet normal -0 0 1
    outer loop
      vertex 3.72812 -0.895042 21.8
      vertex 7.70699 -1.85028 21.8
      vertex 3.73214 -0.874849 21.8
    endloop
  endfacet
  facet normal 0 0 1
    outer loop
      vertex 3.83406 0 21.8
      vertex 5.60452 5.60452 21.8
      vertex 5.14751 6.02696 21.8
    endloop
  endfacet
  facet normal 0 0 1
    outer loop
      vertex 7.70699 -1.85028 21.8
      vertex 3.72812 -0.895042 21.8
      vertex 7.53806 -2.44926 21.8
    endloop
  endfacet
  facet normal 0 0 1
    outer loop
      vertex 2.2536 3.10182 21.8
      vertex 4.65877 6.41225 21.8
      vertex 4.46838 6.53947 21.8
    endloop
  endfacet
  facet normal 0 0 1
    outer loop
      vertex 4.65877 6.41225 21.8
      vertex 3.83406 0 21.8
      vertex 5.14751 6.02696 21.8
    endloop
  endfacet
  facet normal -0 0 1
    outer loop
      vertex 3.652 -1.16497 21.8
      vertex 7.53806 -2.44926 21.8
      vertex 3.72812 -0.895042 21.8
    endloop
  endfacet
  facet normal -0 0 1
    outer loop
      vertex 3.64641 -1.18479 21.8
      vertex 7.53806 -2.44926 21.8
      vertex 3.652 -1.16497 21.8
    endloop
  endfacet
  facet normal 0 0 1
    outer loop
      vertex 7.53806 -2.44926 21.8
      vertex 3.63928 -1.20411 21.8
      vertex 7.32265 -3.03314 21.8
    endloop
  endfacet
  facet normal -0 0 1
    outer loop
      vertex 3.54221 -1.46723 21.8
      vertex 7.32265 -3.03314 21.8
      vertex 3.63928 -1.20411 21.8
    endloop
  endfacet
  facet normal -0 0 1
    outer loop
      vertex 3.53359 -1.48593 21.8
      vertex 7.32265 -3.03314 21.8
      vertex 3.54221 -1.46723 21.8
    endloop
  endfacet
  facet normal 0 0 1
    outer loop
      vertex 7.32265 -3.03314 21.8
      vertex 3.53359 -1.48593 21.8
      vertex 7.13996 -3.42944 21.8
    endloop
  endfacet
  facet normal -0 0 1
    outer loop
      vertex 3.41617 -1.74063 21.8
      vertex 7.13996 -3.42944 21.8
      vertex 3.53359 -1.48593 21.8
    endloop
  endfacet
  facet normal -0 0 1
    outer loop
      vertex 3.40611 -1.75859 21.8
      vertex 7.13996 -3.42944 21.8
      vertex 3.41617 -1.74063 21.8
    endloop
  endfacet
  facet normal -0 0 1
    outer loop
      vertex 3.26907 -2.00329 21.8
      vertex 7.13996 -3.42944 21.8
      vertex 3.40611 -1.75859 21.8
    endloop
  endfacet
  facet normal 0 0 1
    outer loop
      vertex 7.13996 -3.42944 21.8
      vertex 3.26907 -2.00329 21.8
      vertex 6.53947 -4.46838 21.8
    endloop
  endfacet
  facet normal -0 0 1
    outer loop
      vertex 3.11326 -2.23648 21.8
      vertex 6.53947 -4.46838 21.8
      vertex 3.26907 -2.00329 21.8
    endloop
  endfacet
  facet normal 0 0 1
    outer loop
      vertex 4.46838 -6.53947 21.8
      vertex 3.59338 -7.42391 21.8
      vertex 4.63261 -6.82391 21.8
    endloop
  endfacet
  facet normal -0 0 1
    outer loop
      vertex 3.10182 -2.2536 21.8
      vertex 6.53947 -4.46838 21.8
      vertex 3.11326 -2.23648 21.8
    endloop
  endfacet
  facet normal 0 0 1
    outer loop
      vertex 6.53947 -4.46838 21.8
      vertex 3.10182 -2.2536 21.8
      vertex 6.41225 -4.65877 21.8
    endloop
  endfacet
  facet normal -0 0 1
    outer loop
      vertex 3.08907 -2.26977 21.8
      vertex 6.41225 -4.65877 21.8
      vertex 3.10182 -2.2536 21.8
    endloop
  endfacet
  facet normal 0 0 1
    outer loop
      vertex 6.41225 -4.65877 21.8
      vertex 3.08907 -2.26977 21.8
      vertex 6.02696 -5.14751 21.8
    endloop
  endfacet
  facet normal 0 0 1
    outer loop
      vertex 4.46838 -6.53947 21.8
      vertex 3.42944 -7.13996 21.8
      vertex 3.59338 -7.42391 21.8
    endloop
  endfacet
  facet normal -0 0 1
    outer loop
      vertex 2.91544 -2.49002 21.8
      vertex 6.02696 -5.14751 21.8
      vertex 3.08907 -2.26977 21.8
    endloop
  endfacet
  facet normal -0 0 1
    outer loop
      vertex 2.90146 -2.50514 21.8
      vertex 6.02696 -5.14751 21.8
      vertex 2.91544 -2.49002 21.8
    endloop
  endfacet
  facet normal 0 0 1
    outer loop
      vertex 6.02696 -5.14751 21.8
      vertex 2.90146 -2.50514 21.8
      vertex 5.60452 -5.60452 21.8
    endloop
  endfacet
  facet normal -0 0 1
    outer loop
      vertex 2.71109 -2.71109 21.8
      vertex 5.60452 -5.60452 21.8
      vertex 2.90146 -2.50514 21.8
    endloop
  endfacet
  facet normal 0 0 1
    outer loop
      vertex 5.60452 -5.60452 21.8
      vertex 2.71109 -2.71109 21.8
      vertex 5.14751 -6.02696 21.8
    endloop
  endfacet
  facet normal -0 0 1
    outer loop
      vertex 2.50514 -2.90146 21.8
      vertex 5.14751 -6.02696 21.8
      vertex 2.71109 -2.71109 21.8
    endloop
  endfacet
  facet normal -0 0 1
    outer loop
      vertex 2.49002 -2.91544 21.8
      vertex 5.14751 -6.02696 21.8
      vertex 2.50514 -2.90146 21.8
    endloop
  endfacet
  facet normal 0 0 1
    outer loop
      vertex 5.14751 -6.02696 21.8
      vertex 2.49002 -2.91544 21.8
      vertex 4.65877 -6.41225 21.8
    endloop
  endfacet
  facet normal -0 0 1
    outer loop
      vertex 2.26977 -3.08907 21.8
      vertex 4.65877 -6.41225 21.8
      vertex 2.49002 -2.91544 21.8
    endloop
  endfacet
  facet normal -0 0 1
    outer loop
      vertex 2.2536 -3.10182 21.8
      vertex 4.65877 -6.41225 21.8
      vertex 2.26977 -3.08907 21.8
    endloop
  endfacet
  facet normal 0 0 1
    outer loop
      vertex 4.65877 -6.41225 21.8
      vertex 2.2536 -3.10182 21.8
      vertex 4.46838 -6.53947 21.8
    endloop
  endfacet
  facet normal -0 0 1
    outer loop
      vertex 2.23648 -3.11326 21.8
      vertex 4.46838 -6.53947 21.8
      vertex 2.2536 -3.10182 21.8
    endloop
  endfacet
  facet normal -0 0 1
    outer loop
      vertex 2.00329 -3.26907 21.8
      vertex 4.46838 -6.53947 21.8
      vertex 2.23648 -3.11326 21.8
    endloop
  endfacet
  facet normal 0 0 1
    outer loop
      vertex 4.46838 -6.53947 21.8
      vertex 2.00329 -3.26907 21.8
      vertex 3.42944 -7.13996 21.8
    endloop
  endfacet
  facet normal -0 0 1
    outer loop
      vertex 1.75859 -3.40611 21.8
      vertex 3.42944 -7.13996 21.8
      vertex 2.00329 -3.26907 21.8
    endloop
  endfacet
  facet normal -0 0 1
    outer loop
      vertex 1.74063 -3.41617 21.8
      vertex 3.42944 -7.13996 21.8
      vertex 1.75859 -3.40611 21.8
    endloop
  endfacet
  facet normal -0 0 1
    outer loop
      vertex 1.48593 -3.53359 21.8
      vertex 3.42944 -7.13996 21.8
      vertex 1.74063 -3.41617 21.8
    endloop
  endfacet
  facet normal 0 0 1
    outer loop
      vertex 3.42944 -7.13996 21.8
      vertex 1.48593 -3.53359 21.8
      vertex 3.03314 -7.32265 21.8
    endloop
  endfacet
  facet normal -0 0 1
    outer loop
      vertex 1.46723 -3.54221 21.8
      vertex 3.03314 -7.32265 21.8
      vertex 1.48593 -3.53359 21.8
    endloop
  endfacet
  facet normal 0 0 1
    outer loop
      vertex 3.03314 -7.32265 21.8
      vertex 1.46723 -3.54221 21.8
      vertex 2.44926 -7.53806 21.8
    endloop
  endfacet
  facet normal -0 0 1
    outer loop
      vertex 1.20411 -3.63928 21.8
      vertex 2.44926 -7.53806 21.8
      vertex 1.46723 -3.54221 21.8
    endloop
  endfacet
  facet normal -0 0 1
    outer loop
      vertex 1.18479 -3.64641 21.8
      vertex 2.44926 -7.53806 21.8
      vertex 1.20411 -3.63928 21.8
    endloop
  endfacet
  facet normal -0 0 1
    outer loop
      vertex 1.16497 -3.652 21.8
      vertex 2.44926 -7.53806 21.8
      vertex 1.18479 -3.64641 21.8
    endloop
  endfacet
  facet normal 0 0 1
    outer loop
      vertex 2.44926 -7.53806 21.8
      vertex 1.16497 -3.652 21.8
      vertex 1.85028 -7.70699 21.8
    endloop
  endfacet
  facet normal -0 0 1
    outer loop
      vertex 0.895042 -3.72812 21.8
      vertex 1.85028 -7.70699 21.8
      vertex 1.16497 -3.652 21.8
    endloop
  endfacet
  facet normal -0 0 1
    outer loop
      vertex 0.874849 -3.73214 21.8
      vertex 1.85028 -7.70699 21.8
      vertex 0.895042 -3.72812 21.8
    endloop
  endfacet
  facet normal 0 0 1
    outer loop
      vertex 1.85028 -7.70699 21.8
      vertex 0.874849 -3.73214 21.8
      vertex 1.2399 -7.8284 21.8
    endloop
  endfacet
  facet normal -0 0 1
    outer loop
      vertex 0.599778 -3.78685 21.8
      vertex 1.2399 -7.8284 21.8
      vertex 0.874849 -3.73214 21.8
    endloop
  endfacet
  facet normal 0 0 1
    outer loop
      vertex 1.2399 -7.8284 21.8
      vertex 0.599778 -3.78685 21.8
      vertex 0.621865 -7.90155 21.8
    endloop
  endfacet
  facet normal -0 0 1
    outer loop
      vertex 0.321263 -3.81982 21.8
      vertex 0.621865 -7.90155 21.8
      vertex 0.599778 -3.78685 21.8
    endloop
  endfacet
  facet normal -0 0 1
    outer loop
      vertex 0.300817 -3.82224 21.8
      vertex 0.621865 -7.90155 21.8
      vertex 0.321263 -3.81982 21.8
    endloop
  endfacet
  facet normal 0 0 1
    outer loop
      vertex 0.621865 -7.90155 21.8
      vertex 0.300817 -3.82224 21.8
      vertex 0.599999 -7.90241 21.8
    endloop
  endfacet
  facet normal -0 0 1
    outer loop
      vertex 0.0205731 -3.83325 21.8
      vertex 0.599999 -7.90241 21.8
      vertex 0.300817 -3.82224 21.8
    endloop
  endfacet
  facet normal -0 0 1
    outer loop
      vertex 0 -3.83406 21.8
      vertex 0.599999 -7.90241 21.8
      vertex 0.0205731 -3.83325 21.8
    endloop
  endfacet
  facet normal 0 0 1
    outer loop
      vertex 0.599999 -7.90241 21.8
      vertex 0 -3.83406 21.8
      vertex -0.599999 -7.90241 21.8
    endloop
  endfacet
  facet normal 0 0 1
    outer loop
      vertex -0.599999 -7.90241 21.8
      vertex 0 -3.83406 21.8
      vertex -0.0205731 -3.83325 21.8
    endloop
  endfacet
  facet normal 0 0 1
    outer loop
      vertex -0.599999 -7.90241 21.8
      vertex -0.0205731 -3.83325 21.8
      vertex -0.300817 -3.82224 21.8
    endloop
  endfacet
  facet normal 0 0 1
    outer loop
      vertex -0.621865 -7.90155 21.8
      vertex -0.300817 -3.82224 21.8
      vertex -0.321263 -3.81982 21.8
    endloop
  endfacet
  facet normal 0 0 1
    outer loop
      vertex -0.621865 -7.90155 21.8
      vertex -0.321263 -3.81982 21.8
      vertex -0.599778 -3.78685 21.8
    endloop
  endfacet
  facet normal 0 0 1
    outer loop
      vertex 0.599999 -7.90241 21.8
      vertex -0.599999 -7.90241 21.8
      vertex 0.599999 -8.22598 21.8
    endloop
  endfacet
  facet normal 0 0 1
    outer loop
      vertex 0.599999 -8.22598 21.8
      vertex -0.599999 -7.90241 21.8
      vertex -0.599999 -8.22598 21.8
    endloop
  endfacet
  facet normal 0 0 1
    outer loop
      vertex -6.53947 -4.46838 21.8
      vertex -7.13996 -3.42944 21.8
      vertex -6.82391 -4.63261 21.8
    endloop
  endfacet
  facet normal 0 0 1
    outer loop
      vertex -6.82391 -4.63261 21.8
      vertex -7.13996 -3.42944 21.8
      vertex -7.42391 -3.59338 21.8
    endloop
  endfacet
  facet normal 0 0 -1
    outer loop
      vertex 7.13996 -3.42944 0
      vertex 4.27119 -1.7414 0
      vertex 4.38768 -1.42564 0
    endloop
  endfacet
  facet normal 0 0 -1
    outer loop
      vertex 4.65877 -6.41225 0
      vertex 4.2623 -1.7655 0
      vertex 4.27119 -1.7414 0
    endloop
  endfacet
  facet normal 0 0 -1
    outer loop
      vertex 4.65877 -6.41225 0
      vertex 4.25155 -1.78883 0
      vertex 4.2623 -1.7655 0
    endloop
  endfacet
  facet normal 0 0 -1
    outer loop
      vertex 4.65877 -6.41225 0
      vertex 4.11064 -2.09448 0
      vertex 4.25155 -1.78883 0
    endloop
  endfacet
  facet normal 0 0 -1
    outer loop
      vertex 4.65877 -6.41225 0
      vertex 3.94619 -2.38812 0
      vertex 4.11064 -2.09448 0
    endloop
  endfacet
  facet normal 0 0 -1
    outer loop
      vertex 4.65877 -6.41225 0
      vertex 3.93364 -2.41054 0
      vertex 3.94619 -2.38812 0
    endloop
  endfacet
  facet normal 0 0 -1
    outer loop
      vertex 4.65877 -6.41225 0
      vertex 3.91937 -2.4319 0
      vertex 3.93364 -2.41054 0
    endloop
  endfacet
  facet normal 0 0 -1
    outer loop
      vertex 4.65877 -6.41225 0
      vertex 3.73239 -2.71174 0
      vertex 3.91937 -2.4319 0
    endloop
  endfacet
  facet normal 0 0 -1
    outer loop
      vertex 3.59338 -7.42391 0
      vertex 4.46838 -6.53947 0
      vertex 4.63261 -6.82391 0
    endloop
  endfacet
  facet normal 0 0 -1
    outer loop
      vertex 3.42944 -7.13996 0
      vertex 4.46838 -6.53947 0
      vertex 3.59338 -7.42391 0
    endloop
  endfacet
  facet normal 0 0 -1
    outer loop
      vertex 2.38812 -3.94619 0
      vertex 4.46838 -6.53947 0
      vertex 3.42944 -7.13996 0
    endloop
  endfacet
  facet normal 0 0 -1
    outer loop
      vertex 4.65877 -6.41225 0
      vertex 3.52402 -2.97604 0
      vertex 3.73239 -2.71174 0
    endloop
  endfacet
  facet normal 0 0 -1
    outer loop
      vertex 4.65877 -6.41225 0
      vertex 3.50812 -2.99622 0
      vertex 3.52402 -2.97604 0
    endloop
  endfacet
  facet normal 0 0 -1
    outer loop
      vertex 4.65877 -6.41225 0
      vertex 3.27966 -3.24336 0
      vertex 3.50812 -2.99622 0
    endloop
  endfacet
  facet normal 0 0 -1
    outer loop
      vertex 4.65877 -6.41225 0
      vertex 3.26222 -3.26222 0
      vertex 3.27966 -3.24336 0
    endloop
  endfacet
  facet normal 0 0 -1
    outer loop
      vertex 4.65877 -6.41225 0
      vertex 3.24336 -3.27966 0
      vertex 3.26222 -3.26222 0
    endloop
  endfacet
  facet normal 0 0 -1
    outer loop
      vertex 1.78883 -4.25155 0
      vertex 3.42944 -7.13996 0
      vertex 3.03314 -7.32265 0
    endloop
  endfacet
  facet normal 0 0 -1
    outer loop
      vertex 4.65877 -6.41225 0
      vertex 2.99622 -3.50812 0
      vertex 3.24336 -3.27966 0
    endloop
  endfacet
  facet normal 0 0 -1
    outer loop
      vertex 4.65877 -6.41225 0
      vertex 2.97604 -3.52402 0
      vertex 2.99622 -3.50812 0
    endloop
  endfacet
  facet normal 0 0 -1
    outer loop
      vertex 4.65877 -6.41225 0
      vertex 2.71174 -3.73239 0
      vertex 2.97604 -3.52402 0
    endloop
  endfacet
  facet normal 0 0 -1
    outer loop
      vertex 1.7414 -4.27119 0
      vertex 3.03314 -7.32265 0
      vertex 2.44926 -7.53806 0
    endloop
  endfacet
  facet normal 0 0 -1
    outer loop
      vertex 4.46838 -6.53947 0
      vertex 2.4319 -3.91937 0
      vertex 2.71174 -3.73239 0
    endloop
  endfacet
  facet normal 0 0 -1
    outer loop
      vertex 4.46838 -6.53947 0
      vertex 2.41054 -3.93364 0
      vertex 2.4319 -3.91937 0
    endloop
  endfacet
  facet normal 0 0 -1
    outer loop
      vertex 4.46838 -6.53947 0
      vertex 2.38812 -3.94619 0
      vertex 2.41054 -3.93364 0
    endloop
  endfacet
  facet normal 0 0 -1
    outer loop
      vertex 3.42944 -7.13996 0
      vertex 2.09448 -4.11064 0
      vertex 2.38812 -3.94619 0
    endloop
  endfacet
  facet normal 0 0 -1
    outer loop
      vertex 1.42564 -4.38768 0
      vertex 2.44926 -7.53806 0
      vertex 1.85028 -7.70699 0
    endloop
  endfacet
  facet normal 0 0 -1
    outer loop
      vertex 3.42944 -7.13996 0
      vertex 1.78883 -4.25155 0
      vertex 2.09448 -4.11064 0
    endloop
  endfacet
  facet normal 0 0 -1
    outer loop
      vertex 3.03314 -7.32265 0
      vertex 1.7655 -4.2623 0
      vertex 1.78883 -4.25155 0
    endloop
  endfacet
  facet normal 0 0 -1
    outer loop
      vertex 3.03314 -7.32265 0
      vertex 1.7414 -4.27119 0
      vertex 1.7655 -4.2623 0
    endloop
  endfacet
  facet normal 0 0 -1
    outer loop
      vertex 2.44926 -7.53806 0
      vertex 1.42564 -4.38768 0
      vertex 1.7414 -4.27119 0
    endloop
  endfacet
  facet normal 0 0 -1
    outer loop
      vertex 1.0518 -4.49102 0
      vertex 1.85028 -7.70699 0
      vertex 1.2399 -7.8284 0
    endloop
  endfacet
  facet normal 0 0 -1
    outer loop
      vertex 1.85028 -7.70699 0
      vertex 1.10172 -4.47904 0
      vertex 1.42564 -4.38768 0
    endloop
  endfacet
  facet normal 0 0 -1
    outer loop
      vertex 1.85028 -7.70699 0
      vertex 1.077 -4.48601 0
      vertex 1.10172 -4.47904 0
    endloop
  endfacet
  facet normal 0 0 -1
    outer loop
      vertex 1.85028 -7.70699 0
      vertex 1.0518 -4.49102 0
      vertex 1.077 -4.48601 0
    endloop
  endfacet
  facet normal 0 0 -1
    outer loop
      vertex 1.2399 -7.8284 0
      vertex 0.721707 -4.55668 0
      vertex 1.0518 -4.49102 0
    endloop
  endfacet
  facet normal 0 0 -1
    outer loop
      vertex 0.621865 -7.90155 0
      vertex 0.721707 -4.55668 0
      vertex 1.2399 -7.8284 0
    endloop
  endfacet
  facet normal 0 0 -1
    outer loop
      vertex 0.361969 -4.59926 0
      vertex 0.621865 -7.90155 0
      vertex 0.599999 -7.90241 0
    endloop
  endfacet
  facet normal 0 0 -1
    outer loop
      vertex 0.621865 -7.90155 0
      vertex 0.38748 -4.59624 0
      vertex 0.721707 -4.55668 0
    endloop
  endfacet
  facet normal 0 0 -1
    outer loop
      vertex 4.47904 1.10172 0
      vertex 7.13996 3.42944 0
      vertex 4.48601 1.077 0
    endloop
  endfacet
  facet normal 0 0 -1
    outer loop
      vertex 4.38768 1.42564 0
      vertex 7.13996 3.42944 0
      vertex 4.47904 1.10172 0
    endloop
  endfacet
  facet normal 0 0 -1
    outer loop
      vertex 4.27119 1.7414 0
      vertex 7.13996 3.42944 0
      vertex 4.38768 1.42564 0
    endloop
  endfacet
  facet normal 0 0 -1
    outer loop
      vertex 4.2623 1.7655 0
      vertex 7.13996 3.42944 0
      vertex 4.27119 1.7414 0
    endloop
  endfacet
  facet normal 0 0 -1
    outer loop
      vertex 4.25155 1.78883 0
      vertex 7.13996 3.42944 0
      vertex 4.2623 1.7655 0
    endloop
  endfacet
  facet normal 0 0 -1
    outer loop
      vertex 4.11064 2.09448 0
      vertex 7.13996 3.42944 0
      vertex 4.25155 1.78883 0
    endloop
  endfacet
  facet normal 0 0 -1
    outer loop
      vertex 3.94619 2.38812 0
      vertex 7.13996 3.42944 0
      vertex 4.11064 2.09448 0
    endloop
  endfacet
  facet normal -0 0 -1
    outer loop
      vertex 7.13996 3.42944 0
      vertex 3.94619 2.38812 0
      vertex 6.53947 4.46838 0
    endloop
  endfacet
  facet normal 0 0 -1
    outer loop
      vertex 3.93364 2.41054 0
      vertex 6.53947 4.46838 0
      vertex 3.94619 2.38812 0
    endloop
  endfacet
  facet normal 0 0 -1
    outer loop
      vertex 6.53947 -4.46838 0
      vertex 7.13996 -3.42944 0
      vertex 6.82391 -4.63261 0
    endloop
  endfacet
  facet normal 0 0 -1
    outer loop
      vertex 6.82391 -4.63261 0
      vertex 7.13996 -3.42944 0
      vertex 7.42391 -3.59338 0
    endloop
  endfacet
  facet normal 0 0 -1
    outer loop
      vertex 7.90241 -0.599999 0
      vertex 8.22598 0.599999 0
      vertex 8.22598 -0.599999 0
    endloop
  endfacet
  facet normal 0 0 -1
    outer loop
      vertex 7.90241 -0.599999 0
      vertex 7.90241 0.599999 0
      vertex 8.22598 0.599999 0
    endloop
  endfacet
  facet normal 0 0 -1
    outer loop
      vertex 7.8284 -1.2399 0
      vertex 7.90241 -0.599999 0
      vertex 7.90155 -0.621865 0
    endloop
  endfacet
  facet normal -0 0 -1
    outer loop
      vertex 7.90241 -0.599999 0
      vertex 7.8284 -1.2399 0
      vertex 7.90241 0.599999 0
    endloop
  endfacet
  facet normal 0 0 -1
    outer loop
      vertex 7.8284 1.2399 0
      vertex 7.90241 0.599999 0
      vertex 7.8284 -1.2399 0
    endloop
  endfacet
  facet normal 0 0 -1
    outer loop
      vertex 7.90241 0.599999 0
      vertex 7.8284 1.2399 0
      vertex 7.90155 0.621865 0
    endloop
  endfacet
  facet normal 0 0 -1
    outer loop
      vertex 7.70699 -1.85028 0
      vertex 7.8284 1.2399 0
      vertex 7.8284 -1.2399 0
    endloop
  endfacet
  facet normal 0 0 -1
    outer loop
      vertex 7.70699 -1.85028 0
      vertex 7.70699 1.85028 0
      vertex 7.8284 1.2399 0
    endloop
  endfacet
  facet normal 0 0 -1
    outer loop
      vertex 7.53806 -2.44926 0
      vertex 7.70699 1.85028 0
      vertex 7.70699 -1.85028 0
    endloop
  endfacet
  facet normal 0 0 -1
    outer loop
      vertex 7.53806 -2.44926 0
      vertex 7.53806 2.44926 0
      vertex 7.70699 1.85028 0
    endloop
  endfacet
  facet normal 0 0 -1
    outer loop
      vertex 7.13996 -3.42944 0
      vertex 7.53806 -2.44926 0
      vertex 7.32265 -3.03314 0
    endloop
  endfacet
  facet normal -0 0 -1
    outer loop
      vertex 7.53806 -2.44926 0
      vertex 7.13996 -3.42944 0
      vertex 7.53806 2.44926 0
    endloop
  endfacet
  facet normal 0 0 -1
    outer loop
      vertex 7.13996 3.42944 0
      vertex 7.53806 2.44926 0
      vertex 7.13996 -3.42944 0
    endloop
  endfacet
  facet normal 0 0 -1
    outer loop
      vertex 7.53806 2.44926 0
      vertex 7.13996 3.42944 0
      vertex 7.32265 3.03314 0
    endloop
  endfacet
  facet normal 0 0 -1
    outer loop
      vertex 7.13996 3.42944 0
      vertex 6.82391 4.63261 0
      vertex 7.42391 3.59338 0
    endloop
  endfacet
  facet normal 0 -0 -1
    outer loop
      vertex 4.60027 -0.3363 0
      vertex 7.13996 -3.42944 0
      vertex 4.59926 -0.361969 0
    endloop
  endfacet
  facet normal 0 0 -1
    outer loop
      vertex 4.27119 -1.7414 0
      vertex 7.13996 -3.42944 0
      vertex 6.53947 -4.46838 0
    endloop
  endfacet
  facet normal 0 0 -1
    outer loop
      vertex 4.60027 0.3363 0
      vertex 7.13996 3.42944 0
      vertex 4.61348 0 0
    endloop
  endfacet
  facet normal 0 0 -1
    outer loop
      vertex 4.27119 -1.7414 0
      vertex 6.53947 -4.46838 0
      vertex 6.41225 -4.65877 0
    endloop
  endfacet
  facet normal 0 0 -1
    outer loop
      vertex 7.13996 3.42944 0
      vertex 6.53947 4.46838 0
      vertex 6.82391 4.63261 0
    endloop
  endfacet
  facet normal 0 0 -1
    outer loop
      vertex 4.27119 -1.7414 0
      vertex 6.41225 -4.65877 0
      vertex 6.02696 -5.14751 0
    endloop
  endfacet
  facet normal 0 0 -1
    outer loop
      vertex 4.59926 0.361969 0
      vertex 7.13996 3.42944 0
      vertex 4.60027 0.3363 0
    endloop
  endfacet
  facet normal 0 0 -1
    outer loop
      vertex 4.27119 -1.7414 0
      vertex 6.02696 -5.14751 0
      vertex 5.60452 -5.60452 0
    endloop
  endfacet
  facet normal 0 0 -1
    outer loop
      vertex 4.59624 0.38748 0
      vertex 7.13996 3.42944 0
      vertex 4.59926 0.361969 0
    endloop
  endfacet
  facet normal 0 0 -1
    outer loop
      vertex 4.27119 -1.7414 0
      vertex 5.60452 -5.60452 0
      vertex 5.14751 -6.02696 0
    endloop
  endfacet
  facet normal 0 0 -1
    outer loop
      vertex 4.55668 0.721707 0
      vertex 7.13996 3.42944 0
      vertex 4.59624 0.38748 0
    endloop
  endfacet
  facet normal 0 0 -1
    outer loop
      vertex 4.27119 -1.7414 0
      vertex 5.14751 -6.02696 0
      vertex 4.65877 -6.41225 0
    endloop
  endfacet
  facet normal 0 0 -1
    outer loop
      vertex 4.49102 1.0518 0
      vertex 7.13996 3.42944 0
      vertex 4.55668 0.721707 0
    endloop
  endfacet
  facet normal 0 0 -1
    outer loop
      vertex 4.48601 1.077 0
      vertex 7.13996 3.42944 0
      vertex 4.49102 1.0518 0
    endloop
  endfacet
  facet normal 0 0 -1
    outer loop
      vertex 7.13996 -3.42944 0
      vertex 4.61348 0 0
      vertex 7.13996 3.42944 0
    endloop
  endfacet
  facet normal 0 -0 -1
    outer loop
      vertex 4.61348 0 0
      vertex 7.13996 -3.42944 0
      vertex 4.60027 -0.3363 0
    endloop
  endfacet
  facet normal 0 0 -1
    outer loop
      vertex 7.13996 -3.42944 0
      vertex 4.59624 -0.38748 0
      vertex 4.59926 -0.361969 0
    endloop
  endfacet
  facet normal 0 0 -1
    outer loop
      vertex 7.13996 -3.42944 0
      vertex 4.55668 -0.721707 0
      vertex 4.59624 -0.38748 0
    endloop
  endfacet
  facet normal 0 0 -1
    outer loop
      vertex 7.13996 -3.42944 0
      vertex 4.49102 -1.0518 0
      vertex 4.55668 -0.721707 0
    endloop
  endfacet
  facet normal 0 0 -1
    outer loop
      vertex 7.13996 -3.42944 0
      vertex 4.48601 -1.077 0
      vertex 4.49102 -1.0518 0
    endloop
  endfacet
  facet normal 0 0 -1
    outer loop
      vertex 7.13996 -3.42944 0
      vertex 4.47904 -1.10172 0
      vertex 4.48601 -1.077 0
    endloop
  endfacet
  facet normal 0 0 -1
    outer loop
      vertex 2.71174 -3.73239 0
      vertex 4.65877 -6.41225 0
      vertex 4.46838 -6.53947 0
    endloop
  endfacet
  facet normal 0 0 -1
    outer loop
      vertex 7.13996 -3.42944 0
      vertex 4.38768 -1.42564 0
      vertex 4.47904 -1.10172 0
    endloop
  endfacet
  facet normal 0 0 -1
    outer loop
      vertex 3.91937 2.4319 0
      vertex 6.53947 4.46838 0
      vertex 3.93364 2.41054 0
    endloop
  endfacet
  facet normal 0 0 -1
    outer loop
      vertex 3.73239 2.71174 0
      vertex 6.53947 4.46838 0
      vertex 3.91937 2.4319 0
    endloop
  endfacet
  facet normal -0 0 -1
    outer loop
      vertex 6.53947 4.46838 0
      vertex 3.73239 2.71174 0
      vertex 6.41225 4.65877 0
    endloop
  endfacet
  facet normal -0 0 -1
    outer loop
      vertex 6.41225 4.65877 0
      vertex 3.73239 2.71174 0
      vertex 6.02696 5.14751 0
    endloop
  endfacet
  facet normal 0 0 -1
    outer loop
      vertex 3.52402 2.97604 0
      vertex 6.02696 5.14751 0
      vertex 3.73239 2.71174 0
    endloop
  endfacet
  facet normal 0 0 -1
    outer loop
      vertex 3.50812 2.99622 0
      vertex 6.02696 5.14751 0
      vertex 3.52402 2.97604 0
    endloop
  endfacet
  facet normal -0 0 -1
    outer loop
      vertex 6.02696 5.14751 0
      vertex 3.50812 2.99622 0
      vertex 5.60452 5.60452 0
    endloop
  endfacet
  facet normal 0 0 -1
    outer loop
      vertex 3.27966 3.24336 0
      vertex 5.60452 5.60452 0
      vertex 3.50812 2.99622 0
    endloop
  endfacet
  facet normal 0 0 -1
    outer loop
      vertex 4.46838 6.53947 0
      vertex 3.59338 7.42391 0
      vertex 4.63261 6.82391 0
    endloop
  endfacet
  facet normal 0 0 -1
    outer loop
      vertex 3.26222 3.26222 0
      vertex 5.60452 5.60452 0
      vertex 3.27966 3.24336 0
    endloop
  endfacet
  facet normal 0 0 -1
    outer loop
      vertex 3.24336 3.27966 0
      vertex 5.60452 5.60452 0
      vertex 3.26222 3.26222 0
    endloop
  endfacet
  facet normal -0 0 -1
    outer loop
      vertex 5.60452 5.60452 0
      vertex 3.24336 3.27966 0
      vertex 5.14751 6.02696 0
    endloop
  endfacet
  facet normal 0 0 -1
    outer loop
      vertex 4.46838 6.53947 0
      vertex 3.42944 7.13996 0
      vertex 3.59338 7.42391 0
    endloop
  endfacet
  facet normal 0 0 -1
    outer loop
      vertex 2.99622 3.50812 0
      vertex 5.14751 6.02696 0
      vertex 3.24336 3.27966 0
    endloop
  endfacet
  facet normal 0 0 -1
    outer loop
      vertex 2.97604 3.52402 0
      vertex 5.14751 6.02696 0
      vertex 2.99622 3.50812 0
    endloop
  endfacet
  facet normal -0 0 -1
    outer loop
      vertex 5.14751 6.02696 0
      vertex 2.97604 3.52402 0
      vertex 4.65877 6.41225 0
    endloop
  endfacet
  facet normal 0 0 -1
    outer loop
      vertex 2.71174 3.73239 0
      vertex 4.65877 6.41225 0
      vertex 2.97604 3.52402 0
    endloop
  endfacet
  facet normal -0 0 -1
    outer loop
      vertex 4.65877 6.41225 0
      vertex 2.71174 3.73239 0
      vertex 4.46838 6.53947 0
    endloop
  endfacet
  facet normal 0 0 -1
    outer loop
      vertex 2.4319 3.91937 0
      vertex 4.46838 6.53947 0
      vertex 2.71174 3.73239 0
    endloop
  endfacet
  facet normal 0 0 -1
    outer loop
      vertex 2.41054 3.93364 0
      vertex 4.46838 6.53947 0
      vertex 2.4319 3.91937 0
    endloop
  endfacet
  facet normal 0 0 -1
    outer loop
      vertex 2.38812 3.94619 0
      vertex 4.46838 6.53947 0
      vertex 2.41054 3.93364 0
    endloop
  endfacet
  facet normal -0 0 -1
    outer loop
      vertex 4.46838 6.53947 0
      vertex 2.38812 3.94619 0
      vertex 3.42944 7.13996 0
    endloop
  endfacet
  facet normal 0 0 -1
    outer loop
      vertex 2.09448 4.11064 0
      vertex 3.42944 7.13996 0
      vertex 2.38812 3.94619 0
    endloop
  endfacet
  facet normal 0 0 -1
    outer loop
      vertex 1.78883 4.25155 0
      vertex 3.42944 7.13996 0
      vertex 2.09448 4.11064 0
    endloop
  endfacet
  facet normal -0 0 -1
    outer loop
      vertex 3.42944 7.13996 0
      vertex 1.78883 4.25155 0
      vertex 3.03314 7.32265 0
    endloop
  endfacet
  facet normal 0 0 -1
    outer loop
      vertex 1.7655 4.2623 0
      vertex 3.03314 7.32265 0
      vertex 1.78883 4.25155 0
    endloop
  endfacet
  facet normal 0 0 -1
    outer loop
      vertex 1.7414 4.27119 0
      vertex 3.03314 7.32265 0
      vertex 1.7655 4.2623 0
    endloop
  endfacet
  facet normal -0 0 -1
    outer loop
      vertex 3.03314 7.32265 0
      vertex 1.7414 4.27119 0
      vertex 2.44926 7.53806 0
    endloop
  endfacet
  facet normal 0 0 -1
    outer loop
      vertex 1.42564 4.38768 0
      vertex 2.44926 7.53806 0
      vertex 1.7414 4.27119 0
    endloop
  endfacet
  facet normal -0 0 -1
    outer loop
      vertex 2.44926 7.53806 0
      vertex 1.42564 4.38768 0
      vertex 1.85028 7.70699 0
    endloop
  endfacet
  facet normal 0 0 -1
    outer loop
      vertex 1.10172 4.47904 0
      vertex 1.85028 7.70699 0
      vertex 1.42564 4.38768 0
    endloop
  endfacet
  facet normal 0 0 -1
    outer loop
      vertex 1.077 4.48601 0
      vertex 1.85028 7.70699 0
      vertex 1.10172 4.47904 0
    endloop
  endfacet
  facet normal 0 0 -1
    outer loop
      vertex 1.0518 4.49102 0
      vertex 1.85028 7.70699 0
      vertex 1.077 4.48601 0
    endloop
  endfacet
  facet normal -0 0 -1
    outer loop
      vertex 1.85028 7.70699 0
      vertex 1.0518 4.49102 0
      vertex 1.2399 7.8284 0
    endloop
  endfacet
  facet normal 0 0 -1
    outer loop
      vertex 0.721707 4.55668 0
      vertex 1.2399 7.8284 0
      vertex 1.0518 4.49102 0
    endloop
  endfacet
  facet normal 0 0 -1
    outer loop
      vertex 0.721707 4.55668 0
      vertex 0.621865 7.90155 0
      vertex 1.2399 7.8284 0
    endloop
  endfacet
  facet normal 0 0 -1
    outer loop
      vertex 0.38748 4.59624 0
      vertex 0.621865 7.90155 0
      vertex 0.721707 4.55668 0
    endloop
  endfacet
  facet normal 0 0 -1
    outer loop
      vertex 0.361969 4.59926 0
      vertex 0.621865 7.90155 0
      vertex 0.38748 4.59624 0
    endloop
  endfacet
  facet normal -0 0 -1
    outer loop
      vertex 0.621865 7.90155 0
      vertex 0.361969 4.59926 0
      vertex 0.599999 7.90241 0
    endloop
  endfacet
  facet normal 0 0 -1
    outer loop
      vertex 0.3363 4.60027 0
      vertex 0.599999 7.90241 0
      vertex 0.361969 4.59926 0
    endloop
  endfacet
  facet normal 0 0 -1
    outer loop
      vertex 0 4.61348 0
      vertex 0.599999 7.90241 0
      vertex 0.3363 4.60027 0
    endloop
  endfacet
  facet normal -0 0 -1
    outer loop
      vertex 0.599999 7.90241 0
      vertex 0 4.61348 0
      vertex -0.599999 7.90241 0
    endloop
  endfacet
  facet normal 0 0 -1
    outer loop
      vertex -0.599999 7.90241 0
      vertex 0 4.61348 0
      vertex -0.3363 4.60027 0
    endloop
  endfacet
  facet normal 0 0 -1
    outer loop
      vertex -0.599999 7.90241 0
      vertex -0.3363 4.60027 0
      vertex -0.361969 4.59926 0
    endloop
  endfacet
  facet normal 0 0 -1
    outer loop
      vertex -0.621865 7.90155 0
      vertex -0.361969 4.59926 0
      vertex -0.38748 4.59624 0
    endloop
  endfacet
  facet normal 0 0 -1
    outer loop
      vertex 0.599999 7.90241 0
      vertex -0.599999 7.90241 0
      vertex 0.599999 8.22598 0
    endloop
  endfacet
  facet normal -0 0 -1
    outer loop
      vertex 0.599999 8.22598 0
      vertex -0.599999 7.90241 0
      vertex -0.599999 8.22598 0
    endloop
  endfacet
  facet normal 0 0 -1
    outer loop
      vertex -7.90155 -0.621865 0
      vertex -4.59624 -0.38748 0
      vertex -7.8284 -1.2399 0
    endloop
  endfacet
  facet normal -0 0 -1
    outer loop
      vertex -4.59624 -0.38748 0
      vertex -7.90155 -0.621865 0
      vertex -4.59926 -0.361969 0
    endloop
  endfacet
  facet normal 0 -0 -1
    outer loop
      vertex -7.32265 3.03314 0
      vertex -4.61348 0 0
      vertex -7.53806 2.44926 0
    endloop
  endfacet
  facet normal 0 0 -1
    outer loop
      vertex -4.61348 0 0
      vertex -7.32265 3.03314 0
      vertex -7.13996 3.42944 0
    endloop
  endfacet
  facet normal 0 0 -1
    outer loop
      vertex -7.90241 -0.599999 0
      vertex -4.59926 -0.361969 0
      vertex -7.90155 -0.621865 0
    endloop
  endfacet
  facet normal 0 0 -1
    outer loop
      vertex -4.61348 0 0
      vertex -7.70699 1.85028 0
      vertex -7.53806 2.44926 0
    endloop
  endfacet
  facet normal -0 0 -1
    outer loop
      vertex -4.59926 -0.361969 0
      vertex -7.90241 -0.599999 0
      vertex -4.60027 -0.3363 0
    endloop
  endfacet
  facet normal 0 0 -1
    outer loop
      vertex -4.61348 0 0
      vertex -7.8284 1.2399 0
      vertex -7.70699 1.85028 0
    endloop
  endfacet
  facet normal -0 0 -1
    outer loop
      vertex -4.60027 -0.3363 0
      vertex -7.90241 -0.599999 0
      vertex -4.61348 0 0
    endloop
  endfacet
  facet normal 0 0 -1
    outer loop
      vertex -7.90241 0.599999 0
      vertex -4.61348 0 0
      vertex -7.90241 -0.599999 0
    endloop
  endfacet
  facet normal 0 -0 -1
    outer loop
      vertex -7.90155 0.621865 0
      vertex -4.61348 0 0
      vertex -7.90241 0.599999 0
    endloop
  endfacet
  facet normal 0 0 -1
    outer loop
      vertex -4.61348 0 0
      vertex -7.90155 0.621865 0
      vertex -7.8284 1.2399 0
    endloop
  endfacet
  facet normal 0 0 -1
    outer loop
      vertex -8.22598 -0.599999 0
      vertex -7.90241 0.599999 0
      vertex -7.90241 -0.599999 0
    endloop
  endfacet
  facet normal -0 0 -1
    outer loop
      vertex -7.90241 0.599999 0
      vertex -8.22598 -0.599999 0
      vertex -8.22598 0.599999 0
    endloop
  endfacet
  facet normal -0 0 -1
    outer loop
      vertex -6.53947 4.46838 0
      vertex -7.13996 3.42944 0
      vertex -6.82391 4.63261 0
    endloop
  endfacet
  facet normal 0 0 -1
    outer loop
      vertex -6.82391 4.63261 0
      vertex -7.13996 3.42944 0
      vertex -7.42391 3.59338 0
    endloop
  endfacet
  facet normal 0 0 -1
    outer loop
      vertex -7.13996 3.42944 0
      vertex -4.38768 1.42564 0
      vertex -4.47904 1.10172 0
    endloop
  endfacet
  facet normal 0 0 -1
    outer loop
      vertex -7.13996 3.42944 0
      vertex -4.47904 1.10172 0
      vertex -4.48601 1.077 0
    endloop
  endfacet
  facet normal 0 0 -1
    outer loop
      vertex -7.13996 3.42944 0
      vertex -4.48601 1.077 0
      vertex -4.49102 1.0518 0
    endloop
  endfacet
  facet normal 0 0 -1
    outer loop
      vertex -7.13996 3.42944 0
      vertex -4.49102 1.0518 0
      vertex -4.55668 0.721707 0
    endloop
  endfacet
  facet normal 0 0 -1
    outer loop
      vertex -7.13996 3.42944 0
      vertex -4.55668 0.721707 0
      vertex -4.59624 0.38748 0
    endloop
  endfacet
  facet normal 0 0 -1
    outer loop
      vertex -7.13996 3.42944 0
      vertex -4.59624 0.38748 0
      vertex -4.59926 0.361969 0
    endloop
  endfacet
  facet normal 0 0 -1
    outer loop
      vertex -4.61348 0 0
      vertex -7.13996 3.42944 0
      vertex -4.60027 0.3363 0
    endloop
  endfacet
  facet normal -0 0 -1
    outer loop
      vertex -4.55668 -0.721707 0
      vertex -7.8284 -1.2399 0
      vertex -4.59624 -0.38748 0
    endloop
  endfacet
  facet normal 0 0 -1
    outer loop
      vertex -4.38768 1.42564 0
      vertex -4.65877 6.41225 0
      vertex -4.46838 6.53947 0
    endloop
  endfacet
  facet normal -0 0 -1
    outer loop
      vertex -4.38768 -1.42564 0
      vertex -7.53806 -2.44926 0
      vertex -4.47904 -1.10172 0
    endloop
  endfacet
  facet normal 0 0 -1
    outer loop
      vertex -7.70699 -1.85028 0
      vertex -4.47904 -1.10172 0
      vertex -7.53806 -2.44926 0
    endloop
  endfacet
  facet normal 0 0 -1
    outer loop
      vertex -4.38768 1.42564 0
      vertex -5.14751 6.02696 0
      vertex -4.65877 6.41225 0
    endloop
  endfacet
  facet normal -0 0 -1
    outer loop
      vertex -4.47904 -1.10172 0
      vertex -7.70699 -1.85028 0
      vertex -4.48601 -1.077 0
    endloop
  endfacet
  facet normal 0 0 -1
    outer loop
      vertex -4.38768 1.42564 0
      vertex -5.60452 5.60452 0
      vertex -5.14751 6.02696 0
    endloop
  endfacet
  facet normal -0 0 -1
    outer loop
      vertex -4.48601 -1.077 0
      vertex -7.70699 -1.85028 0
      vertex -4.49102 -1.0518 0
    endloop
  endfacet
  facet normal 0 0 -1
    outer loop
      vertex -4.38768 1.42564 0
      vertex -6.02696 5.14751 0
      vertex -5.60452 5.60452 0
    endloop
  endfacet
  facet normal -0 0 -1
    outer loop
      vertex -4.49102 -1.0518 0
      vertex -7.70699 -1.85028 0
      vertex -4.55668 -0.721707 0
    endloop
  endfacet
  facet normal 0 0 -1
    outer loop
      vertex -7.8284 -1.2399 0
      vertex -4.55668 -0.721707 0
      vertex -7.70699 -1.85028 0
    endloop
  endfacet
  facet normal 0 0 -1
    outer loop
      vertex -4.38768 1.42564 0
      vertex -6.53947 4.46838 0
      vertex -6.41225 4.65877 0
    endloop
  endfacet
  facet normal 0 0 -1
    outer loop
      vertex -4.38768 1.42564 0
      vertex -6.41225 4.65877 0
      vertex -6.02696 5.14751 0
    endloop
  endfacet
  facet normal 0 0 -1
    outer loop
      vertex -7.13996 -3.42944 0
      vertex -6.53947 -4.46838 0
      vertex -6.82391 -4.63261 0
    endloop
  endfacet
  facet normal 0 0 -1
    outer loop
      vertex -4.60027 0.3363 0
      vertex -7.13996 3.42944 0
      vertex -4.59926 0.361969 0
    endloop
  endfacet
  facet normal 0 0 -1
    outer loop
      vertex -4.38768 1.42564 0
      vertex -7.13996 3.42944 0
      vertex -6.53947 4.46838 0
    endloop
  endfacet
  facet normal 0 -0 -1
    outer loop
      vertex -7.13996 -3.42944 0
      vertex -6.82391 -4.63261 0
      vertex -7.42391 -3.59338 0
    endloop
  endfacet
  facet normal 0 0 -1
    outer loop
      vertex -0.361969 4.59926 0
      vertex -0.621865 7.90155 0
      vertex -0.599999 7.90241 0
    endloop
  endfacet
  facet normal 0 0 -1
    outer loop
      vertex -0.721707 4.55668 0
      vertex -0.621865 7.90155 0
      vertex -0.38748 4.59624 0
    endloop
  endfacet
  facet normal 0 0 -1
    outer loop
      vertex -1.2399 7.8284 0
      vertex -0.721707 4.55668 0
      vertex -1.0518 4.49102 0
    endloop
  endfacet
  facet normal 0 0 -1
    outer loop
      vertex -1.85028 7.70699 0
      vertex -1.0518 4.49102 0
      vertex -1.077 4.48601 0
    endloop
  endfacet
  facet normal 0 0 -1
    outer loop
      vertex -1.85028 7.70699 0
      vertex -1.077 4.48601 0
      vertex -1.10172 4.47904 0
    endloop
  endfacet
  facet normal 0 0 -1
    outer loop
      vertex -0.721707 4.55668 0
      vertex -1.2399 7.8284 0
      vertex -0.621865 7.90155 0
    endloop
  endfacet
  facet normal 0 0 -1
    outer loop
      vertex -1.85028 7.70699 0
      vertex -1.10172 4.47904 0
      vertex -1.42564 4.38768 0
    endloop
  endfacet
  facet normal 0 0 -1
    outer loop
      vertex -2.44926 7.53806 0
      vertex -1.42564 4.38768 0
      vertex -1.7414 4.27119 0
    endloop
  endfacet
  facet normal 0 0 -1
    outer loop
      vertex -3.03314 7.32265 0
      vertex -1.7414 4.27119 0
      vertex -1.7655 4.2623 0
    endloop
  endfacet
  facet normal 0 0 -1
    outer loop
      vertex -3.03314 7.32265 0
      vertex -1.7655 4.2623 0
      vertex -1.78883 4.25155 0
    endloop
  endfacet
  facet normal 0 0 -1
    outer loop
      vertex -1.0518 4.49102 0
      vertex -1.85028 7.70699 0
      vertex -1.2399 7.8284 0
    endloop
  endfacet
  facet normal 0 0 -1
    outer loop
      vertex -3.42944 7.13996 0
      vertex -1.78883 4.25155 0
      vertex -2.09448 4.11064 0
    endloop
  endfacet
  facet normal 0 0 -1
    outer loop
      vertex -3.42944 7.13996 0
      vertex -2.09448 4.11064 0
      vertex -2.38812 3.94619 0
    endloop
  endfacet
  facet normal 0 0 -1
    outer loop
      vertex -4.46838 6.53947 0
      vertex -2.38812 3.94619 0
      vertex -2.41054 3.93364 0
    endloop
  endfacet
  facet normal 0 0 -1
    outer loop
      vertex -4.46838 6.53947 0
      vertex -2.41054 3.93364 0
      vertex -2.4319 3.91937 0
    endloop
  endfacet
  facet normal 0 0 -1
    outer loop
      vertex -1.42564 4.38768 0
      vertex -2.44926 7.53806 0
      vertex -1.85028 7.70699 0
    endloop
  endfacet
  facet normal 0 0 -1
    outer loop
      vertex -4.46838 6.53947 0
      vertex -2.4319 3.91937 0
      vertex -2.71174 3.73239 0
    endloop
  endfacet
  facet normal 0 0 -1
    outer loop
      vertex -4.46838 6.53947 0
      vertex -2.71174 3.73239 0
      vertex -2.97604 3.52402 0
    endloop
  endfacet
  facet normal 0 0 -1
    outer loop
      vertex -4.46838 6.53947 0
      vertex -2.97604 3.52402 0
      vertex -2.99622 3.50812 0
    endloop
  endfacet
  facet normal 0 0 -1
    outer loop
      vertex -1.7414 4.27119 0
      vertex -3.03314 7.32265 0
      vertex -2.44926 7.53806 0
    endloop
  endfacet
  facet normal 0 0 -1
    outer loop
      vertex -4.46838 6.53947 0
      vertex -2.99622 3.50812 0
      vertex -3.24336 3.27966 0
    endloop
  endfacet
  facet normal 0 0 -1
    outer loop
      vertex -4.46838 6.53947 0
      vertex -3.24336 3.27966 0
      vertex -3.26222 3.26222 0
    endloop
  endfacet
  facet normal 0 0 -1
    outer loop
      vertex -4.46838 6.53947 0
      vertex -3.26222 3.26222 0
      vertex -3.27966 3.24336 0
    endloop
  endfacet
  facet normal 0 0 -1
    outer loop
      vertex -1.78883 4.25155 0
      vertex -3.42944 7.13996 0
      vertex -3.03314 7.32265 0
    endloop
  endfacet
  facet normal 0 0 -1
    outer loop
      vertex -4.46838 6.53947 0
      vertex -3.27966 3.24336 0
      vertex -3.50812 2.99622 0
    endloop
  endfacet
  facet normal 0 0 -1
    outer loop
      vertex -4.46838 6.53947 0
      vertex -3.50812 2.99622 0
      vertex -3.52402 2.97604 0
    endloop
  endfacet
  facet normal 0 0 -1
    outer loop
      vertex -2.38812 3.94619 0
      vertex -4.46838 6.53947 0
      vertex -3.42944 7.13996 0
    endloop
  endfacet
  facet normal 0 0 -1
    outer loop
      vertex -4.46838 6.53947 0
      vertex -3.52402 2.97604 0
      vertex -3.73239 2.71174 0
    endloop
  endfacet
  facet normal 0 0 -1
    outer loop
      vertex -4.46838 6.53947 0
      vertex -3.73239 2.71174 0
      vertex -3.91937 2.4319 0
    endloop
  endfacet
  facet normal 0 0 -1
    outer loop
      vertex -4.46838 6.53947 0
      vertex -3.91937 2.4319 0
      vertex -3.93364 2.41054 0
    endloop
  endfacet
  facet normal 0 0 -1
    outer loop
      vertex -4.46838 6.53947 0
      vertex -3.93364 2.41054 0
      vertex -3.94619 2.38812 0
    endloop
  endfacet
  facet normal 0 0 -1
    outer loop
      vertex -4.46838 6.53947 0
      vertex -3.94619 2.38812 0
      vertex -4.11064 2.09448 0
    endloop
  endfacet
  facet normal 0 0 -1
    outer loop
      vertex -4.46838 6.53947 0
      vertex -4.11064 2.09448 0
      vertex -4.25155 1.78883 0
    endloop
  endfacet
  facet normal 0 0 -1
    outer loop
      vertex -4.46838 6.53947 0
      vertex -4.25155 1.78883 0
      vertex -4.2623 1.7655 0
    endloop
  endfacet
  facet normal 0 0 -1
    outer loop
      vertex -4.46838 6.53947 0
      vertex -4.2623 1.7655 0
      vertex -4.27119 1.7414 0
    endloop
  endfacet
  facet normal 0 0 -1
    outer loop
      vertex -4.46838 6.53947 0
      vertex -4.27119 1.7414 0
      vertex -4.38768 1.42564 0
    endloop
  endfacet
  facet normal -0 0 -1
    outer loop
      vertex -3.42944 7.13996 0
      vertex -4.46838 6.53947 0
      vertex -3.59338 7.42391 0
    endloop
  endfacet
  facet normal 0 0 -1
    outer loop
      vertex -3.59338 7.42391 0
      vertex -4.46838 6.53947 0
      vertex -4.63261 6.82391 0
    endloop
  endfacet
  facet normal 0 0 -1
    outer loop
      vertex -0.599999 -7.90241 0
      vertex 0.599999 -7.90241 0
      vertex 0.599999 -8.22598 0
    endloop
  endfacet
  facet normal 0 0 -1
    outer loop
      vertex 0.621865 -7.90155 0
      vertex 0.361969 -4.59926 0
      vertex 0.38748 -4.59624 0
    endloop
  endfacet
  facet normal 0 -0 -1
    outer loop
      vertex 0 -4.61348 0
      vertex 0.599999 -7.90241 0
      vertex -0.599999 -7.90241 0
    endloop
  endfacet
  facet normal 0 0 -1
    outer loop
      vertex 0.599999 -7.90241 0
      vertex 0.3363 -4.60027 0
      vertex 0.361969 -4.59926 0
    endloop
  endfacet
  facet normal 0 0 -1
    outer loop
      vertex 0.599999 -7.90241 0
      vertex 0 -4.61348 0
      vertex 0.3363 -4.60027 0
    endloop
  endfacet
  facet normal -0 0 -1
    outer loop
      vertex 0 -4.61348 0
      vertex -0.599999 -7.90241 0
      vertex -0.3363 -4.60027 0
    endloop
  endfacet
  facet normal -0 0 -1
    outer loop
      vertex -0.3363 -4.60027 0
      vertex -0.599999 -7.90241 0
      vertex -0.361969 -4.59926 0
    endloop
  endfacet
  facet normal 0 0 -1
    outer loop
      vertex -0.599999 -7.90241 0
      vertex 0.599999 -8.22598 0
      vertex -0.599999 -8.22598 0
    endloop
  endfacet
  facet normal 0 0 -1
    outer loop
      vertex -0.621865 -7.90155 0
      vertex -0.361969 -4.59926 0
      vertex -0.599999 -7.90241 0
    endloop
  endfacet
  facet normal -0 0 -1
    outer loop
      vertex -0.361969 -4.59926 0
      vertex -0.621865 -7.90155 0
      vertex -0.38748 -4.59624 0
    endloop
  endfacet
  facet normal 0 0 -1
    outer loop
      vertex -0.621865 -7.90155 0
      vertex -0.721707 -4.55668 0
      vertex -0.38748 -4.59624 0
    endloop
  endfacet
  facet normal 0 0 -1
    outer loop
      vertex -1.2399 -7.8284 0
      vertex -0.721707 -4.55668 0
      vertex -0.621865 -7.90155 0
    endloop
  endfacet
  facet normal -0 0 -1
    outer loop
      vertex -0.721707 -4.55668 0
      vertex -1.2399 -7.8284 0
      vertex -1.0518 -4.49102 0
    endloop
  endfacet
  facet normal 0 0 -1
    outer loop
      vertex -1.85028 -7.70699 0
      vertex -1.0518 -4.49102 0
      vertex -1.2399 -7.8284 0
    endloop
  endfacet
  facet normal -0 0 -1
    outer loop
      vertex -1.0518 -4.49102 0
      vertex -1.85028 -7.70699 0
      vertex -1.077 -4.48601 0
    endloop
  endfacet
  facet normal -0 0 -1
    outer loop
      vertex -1.077 -4.48601 0
      vertex -1.85028 -7.70699 0
      vertex -1.10172 -4.47904 0
    endloop
  endfacet
  facet normal -0 0 -1
    outer loop
      vertex -1.10172 -4.47904 0
      vertex -1.85028 -7.70699 0
      vertex -1.42564 -4.38768 0
    endloop
  endfacet
  facet normal 0 0 -1
    outer loop
      vertex -2.44926 -7.53806 0
      vertex -1.42564 -4.38768 0
      vertex -1.85028 -7.70699 0
    endloop
  endfacet
  facet normal -0 0 -1
    outer loop
      vertex -1.42564 -4.38768 0
      vertex -2.44926 -7.53806 0
      vertex -1.7414 -4.27119 0
    endloop
  endfacet
  facet normal 0 0 -1
    outer loop
      vertex -3.03314 -7.32265 0
      vertex -1.7414 -4.27119 0
      vertex -2.44926 -7.53806 0
    endloop
  endfacet
  facet normal -0 0 -1
    outer loop
      vertex -1.7414 -4.27119 0
      vertex -3.03314 -7.32265 0
      vertex -1.7655 -4.2623 0
    endloop
  endfacet
  facet normal -0 0 -1
    outer loop
      vertex -1.7655 -4.2623 0
      vertex -3.03314 -7.32265 0
      vertex -1.78883 -4.25155 0
    endloop
  endfacet
  facet normal 0 0 -1
    outer loop
      vertex -3.42944 -7.13996 0
      vertex -1.78883 -4.25155 0
      vertex -3.03314 -7.32265 0
    endloop
  endfacet
  facet normal -0 0 -1
    outer loop
      vertex -1.78883 -4.25155 0
      vertex -3.42944 -7.13996 0
      vertex -2.09448 -4.11064 0
    endloop
  endfacet
  facet normal -0 0 -1
    outer loop
      vertex -2.09448 -4.11064 0
      vertex -3.42944 -7.13996 0
      vertex -2.38812 -3.94619 0
    endloop
  endfacet
  facet normal 0 0 -1
    outer loop
      vertex -4.46838 -6.53947 0
      vertex -2.38812 -3.94619 0
      vertex -3.42944 -7.13996 0
    endloop
  endfacet
  facet normal -0 0 -1
    outer loop
      vertex -2.38812 -3.94619 0
      vertex -4.46838 -6.53947 0
      vertex -2.41054 -3.93364 0
    endloop
  endfacet
  facet normal -0 0 -1
    outer loop
      vertex -2.41054 -3.93364 0
      vertex -4.46838 -6.53947 0
      vertex -2.4319 -3.91937 0
    endloop
  endfacet
  facet normal -0 0 -1
    outer loop
      vertex -2.4319 -3.91937 0
      vertex -4.46838 -6.53947 0
      vertex -2.71174 -3.73239 0
    endloop
  endfacet
  facet normal 0 0 -1
    outer loop
      vertex -4.65877 -6.41225 0
      vertex -2.71174 -3.73239 0
      vertex -4.46838 -6.53947 0
    endloop
  endfacet
  facet normal -0 0 -1
    outer loop
      vertex -2.71174 -3.73239 0
      vertex -4.65877 -6.41225 0
      vertex -2.97604 -3.52402 0
    endloop
  endfacet
  facet normal 0 0 -1
    outer loop
      vertex -5.14751 -6.02696 0
      vertex -2.97604 -3.52402 0
      vertex -4.65877 -6.41225 0
    endloop
  endfacet
  facet normal -0 0 -1
    outer loop
      vertex -2.97604 -3.52402 0
      vertex -5.14751 -6.02696 0
      vertex -2.99622 -3.50812 0
    endloop
  endfacet
  facet normal -0 0 -1
    outer loop
      vertex -2.99622 -3.50812 0
      vertex -5.14751 -6.02696 0
      vertex -3.24336 -3.27966 0
    endloop
  endfacet
  facet normal 0 0 -1
    outer loop
      vertex -5.60452 -5.60452 0
      vertex -3.24336 -3.27966 0
      vertex -5.14751 -6.02696 0
    endloop
  endfacet
  facet normal 0 0 -1
    outer loop
      vertex -4.46838 -6.53947 0
      vertex -3.42944 -7.13996 0
      vertex -3.59338 -7.42391 0
    endloop
  endfacet
  facet normal -0 0 -1
    outer loop
      vertex -3.24336 -3.27966 0
      vertex -5.60452 -5.60452 0
      vertex -3.26222 -3.26222 0
    endloop
  endfacet
  facet normal -0 0 -1
    outer loop
      vertex -3.26222 -3.26222 0
      vertex -5.60452 -5.60452 0
      vertex -3.27966 -3.24336 0
    endloop
  endfacet
  facet normal -0 0 -1
    outer loop
      vertex -3.27966 -3.24336 0
      vertex -5.60452 -5.60452 0
      vertex -3.50812 -2.99622 0
    endloop
  endfacet
  facet normal 0 0 -1
    outer loop
      vertex -6.02696 -5.14751 0
      vertex -3.50812 -2.99622 0
      vertex -5.60452 -5.60452 0
    endloop
  endfacet
  facet normal -0 0 -1
    outer loop
      vertex -3.50812 -2.99622 0
      vertex -6.02696 -5.14751 0
      vertex -3.52402 -2.97604 0
    endloop
  endfacet
  facet normal -0 0 -1
    outer loop
      vertex -3.52402 -2.97604 0
      vertex -6.02696 -5.14751 0
      vertex -3.73239 -2.71174 0
    endloop
  endfacet
  facet normal 0 0 -1
    outer loop
      vertex -6.41225 -4.65877 0
      vertex -3.73239 -2.71174 0
      vertex -6.02696 -5.14751 0
    endloop
  endfacet
  facet normal 0 0 -1
    outer loop
      vertex -6.53947 -4.46838 0
      vertex -3.73239 -2.71174 0
      vertex -6.41225 -4.65877 0
    endloop
  endfacet
  facet normal -0 0 -1
    outer loop
      vertex -3.73239 -2.71174 0
      vertex -6.53947 -4.46838 0
      vertex -3.91937 -2.4319 0
    endloop
  endfacet
  facet normal -0 0 -1
    outer loop
      vertex -3.91937 -2.4319 0
      vertex -6.53947 -4.46838 0
      vertex -3.93364 -2.41054 0
    endloop
  endfacet
  facet normal 0 -0 -1
    outer loop
      vertex -4.46838 -6.53947 0
      vertex -3.59338 -7.42391 0
      vertex -4.63261 -6.82391 0
    endloop
  endfacet
  facet normal -0 0 -1
    outer loop
      vertex -3.93364 -2.41054 0
      vertex -6.53947 -4.46838 0
      vertex -3.94619 -2.38812 0
    endloop
  endfacet
  facet normal 0 0 -1
    outer loop
      vertex -7.13996 -3.42944 0
      vertex -3.94619 -2.38812 0
      vertex -6.53947 -4.46838 0
    endloop
  endfacet
  facet normal -0 0 -1
    outer loop
      vertex -3.94619 -2.38812 0
      vertex -7.13996 -3.42944 0
      vertex -4.11064 -2.09448 0
    endloop
  endfacet
  facet normal -0 0 -1
    outer loop
      vertex -4.11064 -2.09448 0
      vertex -7.13996 -3.42944 0
      vertex -4.25155 -1.78883 0
    endloop
  endfacet
  facet normal 0 0 -1
    outer loop
      vertex -7.32265 -3.03314 0
      vertex -4.25155 -1.78883 0
      vertex -7.13996 -3.42944 0
    endloop
  endfacet
  facet normal -0 0 -1
    outer loop
      vertex -4.25155 -1.78883 0
      vertex -7.32265 -3.03314 0
      vertex -4.2623 -1.7655 0
    endloop
  endfacet
  facet normal -0 0 -1
    outer loop
      vertex -4.2623 -1.7655 0
      vertex -7.32265 -3.03314 0
      vertex -4.27119 -1.7414 0
    endloop
  endfacet
  facet normal -0 0 -1
    outer loop
      vertex -4.27119 -1.7414 0
      vertex -7.32265 -3.03314 0
      vertex -4.38768 -1.42564 0
    endloop
  endfacet
  facet normal 0 0 -1
    outer loop
      vertex -7.53806 -2.44926 0
      vertex -4.38768 -1.42564 0
      vertex -7.32265 -3.03314 0
    endloop
  endfacet
  facet normal 0 1 -0
    outer loop
      vertex 8.22598 0.599999 0
      vertex 7.90241 0.599999 21.8
      vertex 8.22598 0.599999 21.8
    endloop
  endfacet
  facet normal 0 1 0
    outer loop
      vertex 7.90241 0.599999 21.8
      vertex 8.22598 0.599999 0
      vertex 7.90241 0.599999 0
    endloop
  endfacet
  facet normal 0 -1 0
    outer loop
      vertex 7.90241 -0.599999 0
      vertex 8.22598 -0.599999 21.8
      vertex 7.90241 -0.599999 21.8
    endloop
  endfacet
  facet normal 0 -1 -0
    outer loop
      vertex 8.22598 -0.599999 21.8
      vertex 7.90241 -0.599999 0
      vertex 8.22598 -0.599999 0
    endloop
  endfacet
  facet normal -0.500019 0.866014 0
    outer loop
      vertex 6.82391 4.63261 0
      vertex 6.53947 4.46838 21.8
      vertex 6.82391 4.63261 21.8
    endloop
  endfacet
  facet normal -0.500019 0.866014 0
    outer loop
      vertex 6.53947 4.46838 21.8
      vertex 6.82391 4.63261 0
      vertex 6.53947 4.46838 0
    endloop
  endfacet
  facet normal 0.500003 -0.866024 0
    outer loop
      vertex 7.13996 3.42944 0
      vertex 7.42391 3.59338 21.8
      vertex 7.13996 3.42944 21.8
    endloop
  endfacet
  facet normal 0.500003 -0.866024 0
    outer loop
      vertex 7.42391 3.59338 21.8
      vertex 7.13996 3.42944 0
      vertex 7.42391 3.59338 0
    endloop
  endfacet
  facet normal 0.866025 0.5 0
    outer loop
      vertex 7.42391 3.59338 21.8
      vertex 6.82391 4.63261 0
      vertex 6.82391 4.63261 21.8
    endloop
  endfacet
  facet normal 0.866025 0.5 0
    outer loop
      vertex 6.82391 4.63261 0
      vertex 7.42391 3.59338 21.8
      vertex 7.42391 3.59338 0
    endloop
  endfacet
  facet normal -0.866024 0.500003 0
    outer loop
      vertex 3.42944 7.13996 0
      vertex 3.59338 7.42391 21.8
      vertex 3.59338 7.42391 0
    endloop
  endfacet
  facet normal -0.866024 0.500003 0
    outer loop
      vertex 3.59338 7.42391 21.8
      vertex 3.42944 7.13996 0
      vertex 3.42944 7.13996 21.8
    endloop
  endfacet
  facet normal 0.866014 -0.500019 0
    outer loop
      vertex 4.46838 6.53947 21.8
      vertex 4.63261 6.82391 0
      vertex 4.63261 6.82391 21.8
    endloop
  endfacet
  facet normal 0.866014 -0.500019 0
    outer loop
      vertex 4.63261 6.82391 0
      vertex 4.46838 6.53947 21.8
      vertex 4.46838 6.53947 0
    endloop
  endfacet
  facet normal 0.5 0.866025 -0
    outer loop
      vertex 4.63261 6.82391 0
      vertex 3.59338 7.42391 21.8
      vertex 4.63261 6.82391 21.8
    endloop
  endfacet
  facet normal 0.5 0.866025 0
    outer loop
      vertex 3.59338 7.42391 21.8
      vertex 4.63261 6.82391 0
      vertex 3.59338 7.42391 0
    endloop
  endfacet
  facet normal -1 0 0
    outer loop
      vertex -0.599999 7.90241 0
      vertex -0.599999 8.22598 21.8
      vertex -0.599999 8.22598 0
    endloop
  endfacet
  facet normal -1 -0 0
    outer loop
      vertex -0.599999 8.22598 21.8
      vertex -0.599999 7.90241 0
      vertex -0.599999 7.90241 21.8
    endloop
  endfacet
  facet normal 1 -0 0
    outer loop
      vertex 0.599999 7.90241 21.8
      vertex 0.599999 8.22598 0
      vertex 0.599999 8.22598 21.8
    endloop
  endfacet
  facet normal 1 0 0
    outer loop
      vertex 0.599999 8.22598 0
      vertex 0.599999 7.90241 21.8
      vertex 0.599999 7.90241 0
    endloop
  endfacet
  facet normal 0 1 -0
    outer loop
      vertex 0.599999 8.22598 0
      vertex -0.599999 8.22598 21.8
      vertex 0.599999 8.22598 21.8
    endloop
  endfacet
  facet normal 0 1 0
    outer loop
      vertex -0.599999 8.22598 21.8
      vertex 0.599999 8.22598 0
      vertex -0.599999 8.22598 0
    endloop
  endfacet
  facet normal -0.866014 -0.500019 0
    outer loop
      vertex -4.46838 6.53947 0
      vertex -4.63261 6.82391 21.8
      vertex -4.63261 6.82391 0
    endloop
  endfacet
  facet normal -0.866014 -0.500019 0
    outer loop
      vertex -4.63261 6.82391 21.8
      vertex -4.46838 6.53947 0
      vertex -4.46838 6.53947 21.8
    endloop
  endfacet
  facet normal 0.866024 0.500003 0
    outer loop
      vertex -3.42944 7.13996 21.8
      vertex -3.59338 7.42391 0
      vertex -3.59338 7.42391 21.8
    endloop
  endfacet
  facet normal 0.866024 0.500003 0
    outer loop
      vertex -3.59338 7.42391 0
      vertex -3.42944 7.13996 21.8
      vertex -3.42944 7.13996 0
    endloop
  endfacet
  facet normal -0.5 0.866025 0
    outer loop
      vertex -3.59338 7.42391 0
      vertex -4.63261 6.82391 21.8
      vertex -3.59338 7.42391 21.8
    endloop
  endfacet
  facet normal -0.5 0.866025 0
    outer loop
      vertex -4.63261 6.82391 21.8
      vertex -3.59338 7.42391 0
      vertex -4.63261 6.82391 0
    endloop
  endfacet
  facet normal -0.500003 -0.866024 0
    outer loop
      vertex -7.42391 3.59338 0
      vertex -7.13996 3.42944 21.8
      vertex -7.42391 3.59338 21.8
    endloop
  endfacet
  facet normal -0.500003 -0.866024 -0
    outer loop
      vertex -7.13996 3.42944 21.8
      vertex -7.42391 3.59338 0
      vertex -7.13996 3.42944 0
    endloop
  endfacet
  facet normal 0.500019 0.866014 -0
    outer loop
      vertex -6.53947 4.46838 0
      vertex -6.82391 4.63261 21.8
      vertex -6.53947 4.46838 21.8
    endloop
  endfacet
  facet normal 0.500019 0.866014 0
    outer loop
      vertex -6.82391 4.63261 21.8
      vertex -6.53947 4.46838 0
      vertex -6.82391 4.63261 0
    endloop
  endfacet
  facet normal -0.866025 0.5 0
    outer loop
      vertex -7.42391 3.59338 0
      vertex -6.82391 4.63261 21.8
      vertex -6.82391 4.63261 0
    endloop
  endfacet
  facet normal -0.866025 0.5 0
    outer loop
      vertex -6.82391 4.63261 21.8
      vertex -7.42391 3.59338 0
      vertex -7.42391 3.59338 21.8
    endloop
  endfacet
  facet normal 0 -1 0
    outer loop
      vertex -8.22598 -0.599999 0
      vertex -7.90241 -0.599999 21.8
      vertex -8.22598 -0.599999 21.8
    endloop
  endfacet
  facet normal 0 -1 -0
    outer loop
      vertex -7.90241 -0.599999 21.8
      vertex -8.22598 -0.599999 0
      vertex -7.90241 -0.599999 0
    endloop
  endfacet
  facet normal 0 1 -0
    outer loop
      vertex -7.90241 0.599999 0
      vertex -8.22598 0.599999 21.8
      vertex -7.90241 0.599999 21.8
    endloop
  endfacet
  facet normal 0 1 0
    outer loop
      vertex -8.22598 0.599999 21.8
      vertex -7.90241 0.599999 0
      vertex -8.22598 0.599999 0
    endloop
  endfacet
  facet normal -1 0 0
    outer loop
      vertex -8.22598 -0.599999 0
      vertex -8.22598 0.599999 21.8
      vertex -8.22598 0.599999 0
    endloop
  endfacet
  facet normal -1 -0 0
    outer loop
      vertex -8.22598 0.599999 21.8
      vertex -8.22598 -0.599999 0
      vertex -8.22598 -0.599999 21.8
    endloop
  endfacet
  facet normal -0.866025 -0.5 0
    outer loop
      vertex -6.82391 -4.63261 0
      vertex -7.42391 -3.59338 21.8
      vertex -7.42391 -3.59338 0
    endloop
  endfacet
  facet normal -0.866025 -0.5 0
    outer loop
      vertex -7.42391 -3.59338 21.8
      vertex -6.82391 -4.63261 0
      vertex -6.82391 -4.63261 21.8
    endloop
  endfacet
  facet normal 0.500019 -0.866014 0
    outer loop
      vertex -6.82391 -4.63261 0
      vertex -6.53947 -4.46838 21.8
      vertex -6.82391 -4.63261 21.8
    endloop
  endfacet
  facet normal 0.500019 -0.866014 0
    outer loop
      vertex -6.53947 -4.46838 21.8
      vertex -6.82391 -4.63261 0
      vertex -6.53947 -4.46838 0
    endloop
  endfacet
  facet normal -0.500003 0.866024 0
    outer loop
      vertex -7.13996 -3.42944 0
      vertex -7.42391 -3.59338 21.8
      vertex -7.13996 -3.42944 21.8
    endloop
  endfacet
  facet normal -0.500003 0.866024 0
    outer loop
      vertex -7.42391 -3.59338 21.8
      vertex -7.13996 -3.42944 0
      vertex -7.42391 -3.59338 0
    endloop
  endfacet
  facet normal -0.5 -0.866025 0
    outer loop
      vertex -4.63261 -6.82391 0
      vertex -3.59338 -7.42391 21.8
      vertex -4.63261 -6.82391 21.8
    endloop
  endfacet
  facet normal -0.5 -0.866025 -0
    outer loop
      vertex -3.59338 -7.42391 21.8
      vertex -4.63261 -6.82391 0
      vertex -3.59338 -7.42391 0
    endloop
  endfacet
  facet normal 0.866024 -0.500003 0
    outer loop
      vertex -3.59338 -7.42391 21.8
      vertex -3.42944 -7.13996 0
      vertex -3.42944 -7.13996 21.8
    endloop
  endfacet
  facet normal 0.866024 -0.500003 0
    outer loop
      vertex -3.42944 -7.13996 0
      vertex -3.59338 -7.42391 21.8
      vertex -3.59338 -7.42391 0
    endloop
  endfacet
  facet normal -0.866014 0.500019 0
    outer loop
      vertex -4.63261 -6.82391 0
      vertex -4.46838 -6.53947 21.8
      vertex -4.46838 -6.53947 0
    endloop
  endfacet
  facet normal -0.866014 0.500019 0
    outer loop
      vertex -4.46838 -6.53947 21.8
      vertex -4.63261 -6.82391 0
      vertex -4.63261 -6.82391 21.8
    endloop
  endfacet
  facet normal 0 -1 0
    outer loop
      vertex -0.599999 -8.22598 0
      vertex 0.599999 -8.22598 21.8
      vertex -0.599999 -8.22598 21.8
    endloop
  endfacet
  facet normal 0 -1 -0
    outer loop
      vertex 0.599999 -8.22598 21.8
      vertex -0.599999 -8.22598 0
      vertex 0.599999 -8.22598 0
    endloop
  endfacet
  facet normal 1 -0 0
    outer loop
      vertex 0.599999 -8.22598 21.8
      vertex 0.599999 -7.90241 0
      vertex 0.599999 -7.90241 21.8
    endloop
  endfacet
  facet normal 1 0 0
    outer loop
      vertex 0.599999 -7.90241 0
      vertex 0.599999 -8.22598 21.8
      vertex 0.599999 -8.22598 0
    endloop
  endfacet
  facet normal -1 0 0
    outer loop
      vertex -0.599999 -8.22598 0
      vertex -0.599999 -7.90241 21.8
      vertex -0.599999 -7.90241 0
    endloop
  endfacet
  facet normal -1 -0 0
    outer loop
      vertex -0.599999 -7.90241 21.8
      vertex -0.599999 -8.22598 0
      vertex -0.599999 -8.22598 21.8
    endloop
  endfacet
  facet normal 0.5 -0.866025 0
    outer loop
      vertex 3.59338 -7.42391 0
      vertex 4.63261 -6.82391 21.8
      vertex 3.59338 -7.42391 21.8
    endloop
  endfacet
  facet normal 0.5 -0.866025 0
    outer loop
      vertex 4.63261 -6.82391 21.8
      vertex 3.59338 -7.42391 0
      vertex 4.63261 -6.82391 0
    endloop
  endfacet
  facet normal 0.866014 0.500019 0
    outer loop
      vertex 4.63261 -6.82391 21.8
      vertex 4.46838 -6.53947 0
      vertex 4.46838 -6.53947 21.8
    endloop
  endfacet
  facet normal 0.866014 0.500019 0
    outer loop
      vertex 4.46838 -6.53947 0
      vertex 4.63261 -6.82391 21.8
      vertex 4.63261 -6.82391 0
    endloop
  endfacet
  facet normal -0.866024 -0.500003 0
    outer loop
      vertex 3.59338 -7.42391 0
      vertex 3.42944 -7.13996 21.8
      vertex 3.42944 -7.13996 0
    endloop
  endfacet
  facet normal -0.866024 -0.500003 0
    outer loop
      vertex 3.42944 -7.13996 21.8
      vertex 3.59338 -7.42391 0
      vertex 3.59338 -7.42391 21.8
    endloop
  endfacet
  facet normal 0.866025 -0.5 0
    outer loop
      vertex 6.82391 -4.63261 21.8
      vertex 7.42391 -3.59338 0
      vertex 7.42391 -3.59338 21.8
    endloop
  endfacet
  facet normal 0.866025 -0.5 0
    outer loop
      vertex 7.42391 -3.59338 0
      vertex 6.82391 -4.63261 21.8
      vertex 6.82391 -4.63261 0
    endloop
  endfacet
  facet normal 0.500003 0.866024 -0
    outer loop
      vertex 7.42391 -3.59338 0
      vertex 7.13996 -3.42944 21.8
      vertex 7.42391 -3.59338 21.8
    endloop
  endfacet
  facet normal 0.500003 0.866024 0
    outer loop
      vertex 7.13996 -3.42944 21.8
      vertex 7.42391 -3.59338 0
      vertex 7.13996 -3.42944 0
    endloop
  endfacet
  facet normal -0.500019 -0.866014 0
    outer loop
      vertex 6.53947 -4.46838 0
      vertex 6.82391 -4.63261 21.8
      vertex 6.53947 -4.46838 21.8
    endloop
  endfacet
  facet normal -0.500019 -0.866014 -0
    outer loop
      vertex 6.82391 -4.63261 21.8
      vertex 6.53947 -4.46838 0
      vertex 6.82391 -4.63261 0
    endloop
  endfacet
  facet normal 0.993068 0.117539 0
    outer loop
      vertex 7.90155 0.621865 21.8
      vertex 7.8284 1.2399 0
      vertex 7.8284 1.2399 21.8
    endloop
  endfacet
  facet normal 0.993068 0.117539 0
    outer loop
      vertex 7.8284 1.2399 0
      vertex 7.90155 0.621865 21.8
      vertex 7.90155 0.621865 0
    endloop
  endfacet
  facet normal 0.999227 0.0393001 0
    outer loop
      vertex 7.90241 0.599999 21.8
      vertex 7.90155 0.621865 0
      vertex 7.90155 0.621865 21.8
    endloop
  endfacet
  facet normal 0.999227 0.0393001 0
    outer loop
      vertex 7.90155 0.621865 0
      vertex 7.90241 0.599999 21.8
      vertex 7.90241 0.599999 0
    endloop
  endfacet
  facet normal -0.980786 -0.195087 0
    outer loop
      vertex -7.70699 -1.85028 0
      vertex -7.8284 -1.2399 21.8
      vertex -7.8284 -1.2399 0
    endloop
  endfacet
  facet normal -0.980786 -0.195087 0
    outer loop
      vertex -7.8284 -1.2399 21.8
      vertex -7.70699 -1.85028 0
      vertex -7.70699 -1.85028 21.8
    endloop
  endfacet
  facet normal 0.117539 -0.993068 0
    outer loop
      vertex 0.621865 -7.90155 0
      vertex 1.2399 -7.8284 21.8
      vertex 0.621865 -7.90155 21.8
    endloop
  endfacet
  facet normal 0.117539 -0.993068 0
    outer loop
      vertex 1.2399 -7.8284 21.8
      vertex 0.621865 -7.90155 0
      vertex 1.2399 -7.8284 0
    endloop
  endfacet
  facet normal 0.785318 0.619092 0
    outer loop
      vertex 6.41225 4.65877 21.8
      vertex 6.02696 5.14751 0
      vertex 6.02696 5.14751 21.8
    endloop
  endfacet
  facet normal 0.785318 0.619092 0
    outer loop
      vertex 6.02696 5.14751 0
      vertex 6.41225 4.65877 21.8
      vertex 6.41225 4.65877 0
    endloop
  endfacet
  facet normal 0.962455 -0.271441 0
    outer loop
      vertex 7.53806 -2.44926 21.8
      vertex 7.70699 -1.85028 0
      vertex 7.70699 -1.85028 21.8
    endloop
  endfacet
  facet normal 0.962455 -0.271441 0
    outer loop
      vertex 7.70699 -1.85028 0
      vertex 7.53806 -2.44926 21.8
      vertex 7.53806 -2.44926 0
    endloop
  endfacet
  facet normal -0.271441 -0.962455 0
    outer loop
      vertex -2.44926 -7.53806 0
      vertex -1.85028 -7.70699 21.8
      vertex -2.44926 -7.53806 21.8
    endloop
  endfacet
  facet normal -0.271441 -0.962455 -0
    outer loop
      vertex -1.85028 -7.70699 21.8
      vertex -2.44926 -7.53806 0
      vertex -1.85028 -7.70699 0
    endloop
  endfacet
  facet normal 0.346125 0.938189 -0
    outer loop
      vertex 3.03314 7.32265 0
      vertex 2.44926 7.53806 21.8
      vertex 3.03314 7.32265 21.8
    endloop
  endfacet
  facet normal 0.346125 0.938189 0
    outer loop
      vertex 2.44926 7.53806 21.8
      vertex 3.03314 7.32265 0
      vertex 2.44926 7.53806 0
    endloop
  endfacet
  facet normal -0.619092 -0.785318 0
    outer loop
      vertex -5.14751 -6.02696 0
      vertex -4.65877 -6.41225 21.8
      vertex -5.14751 -6.02696 21.8
    endloop
  endfacet
  facet normal -0.619092 -0.785318 -0
    outer loop
      vertex -4.65877 -6.41225 21.8
      vertex -5.14751 -6.02696 0
      vertex -4.65877 -6.41225 0
    endloop
  endfacet
  facet normal 0.0393001 -0.999227 0
    outer loop
      vertex 0.599999 -7.90241 0
      vertex 0.621865 -7.90155 21.8
      vertex 0.599999 -7.90241 21.8
    endloop
  endfacet
  facet normal 0.0393001 -0.999227 0
    outer loop
      vertex 0.621865 -7.90155 21.8
      vertex 0.599999 -7.90241 0
      vertex 0.621865 -7.90155 0
    endloop
  endfacet
  facet normal 0.734335 -0.678787 0
    outer loop
      vertex 5.60452 -5.60452 21.8
      vertex 6.02696 -5.14751 0
      vertex 6.02696 -5.14751 21.8
    endloop
  endfacet
  facet normal 0.734335 -0.678787 0
    outer loop
      vertex 6.02696 -5.14751 0
      vertex 5.60452 -5.60452 21.8
      vertex 5.60452 -5.60452 0
    endloop
  endfacet
  facet normal -0.678787 0.734335 0
    outer loop
      vertex -5.14751 6.02696 0
      vertex -5.60452 5.60452 21.8
      vertex -5.14751 6.02696 21.8
    endloop
  endfacet
  facet normal -0.678787 0.734335 0
    outer loop
      vertex -5.60452 5.60452 21.8
      vertex -5.14751 6.02696 0
      vertex -5.60452 5.60452 0
    endloop
  endfacet
  facet normal -0.418647 -0.908149 0
    outer loop
      vertex -3.42944 -7.13996 0
      vertex -3.03314 -7.32265 21.8
      vertex -3.42944 -7.13996 21.8
    endloop
  endfacet
  facet normal -0.418647 -0.908149 -0
    outer loop
      vertex -3.03314 -7.32265 21.8
      vertex -3.42944 -7.13996 0
      vertex -3.03314 -7.32265 0
    endloop
  endfacet
  facet normal 0.346125 -0.938189 0
    outer loop
      vertex 2.44926 -7.53806 0
      vertex 3.03314 -7.32265 21.8
      vertex 2.44926 -7.53806 21.8
    endloop
  endfacet
  facet normal 0.346125 -0.938189 0
    outer loop
      vertex 3.03314 -7.32265 21.8
      vertex 2.44926 -7.53806 0
      vertex 3.03314 -7.32265 0
    endloop
  endfacet
  facet normal 0.980786 -0.195087 0
    outer loop
      vertex 7.70699 -1.85028 21.8
      vertex 7.8284 -1.2399 0
      vertex 7.8284 -1.2399 21.8
    endloop
  endfacet
  facet normal 0.980786 -0.195087 0
    outer loop
      vertex 7.8284 -1.2399 0
      vertex 7.70699 -1.85028 21.8
      vertex 7.70699 -1.85028 0
    endloop
  endfacet
  facet normal 0.271441 -0.962455 0
    outer loop
      vertex 1.85028 -7.70699 0
      vertex 2.44926 -7.53806 21.8
      vertex 1.85028 -7.70699 21.8
    endloop
  endfacet
  facet normal 0.271441 -0.962455 0
    outer loop
      vertex 2.44926 -7.53806 21.8
      vertex 1.85028 -7.70699 0
      vertex 2.44926 -7.53806 0
    endloop
  endfacet
  facet normal -0.999227 -0.0393001 0
    outer loop
      vertex -7.90155 -0.621865 0
      vertex -7.90241 -0.599999 21.8
      vertex -7.90241 -0.599999 0
    endloop
  endfacet
  facet normal -0.999227 -0.0393001 0
    outer loop
      vertex -7.90241 -0.599999 21.8
      vertex -7.90155 -0.621865 0
      vertex -7.90155 -0.621865 21.8
    endloop
  endfacet
  facet normal 0.908149 -0.418647 0
    outer loop
      vertex 7.13996 -3.42944 21.8
      vertex 7.32265 -3.03314 0
      vertex 7.32265 -3.03314 21.8
    endloop
  endfacet
  facet normal 0.908149 -0.418647 0
    outer loop
      vertex 7.32265 -3.03314 0
      vertex 7.13996 -3.42944 21.8
      vertex 7.13996 -3.42944 0
    endloop
  endfacet
  facet normal 0.117539 0.993068 -0
    outer loop
      vertex 1.2399 7.8284 0
      vertex 0.621865 7.90155 21.8
      vertex 1.2399 7.8284 21.8
    endloop
  endfacet
  facet normal 0.117539 0.993068 0
    outer loop
      vertex 0.621865 7.90155 21.8
      vertex 1.2399 7.8284 0
      vertex 0.621865 7.90155 0
    endloop
  endfacet
  facet normal -0.619092 0.785318 0
    outer loop
      vertex -4.65877 6.41225 0
      vertex -5.14751 6.02696 21.8
      vertex -4.65877 6.41225 21.8
    endloop
  endfacet
  facet normal -0.619092 0.785318 0
    outer loop
      vertex -5.14751 6.02696 21.8
      vertex -4.65877 6.41225 0
      vertex -5.14751 6.02696 0
    endloop
  endfacet
  facet normal -0.195087 0.980786 0
    outer loop
      vertex -1.2399 7.8284 0
      vertex -1.85028 7.70699 21.8
      vertex -1.2399 7.8284 21.8
    endloop
  endfacet
  facet normal -0.195087 0.980786 0
    outer loop
      vertex -1.85028 7.70699 21.8
      vertex -1.2399 7.8284 0
      vertex -1.85028 7.70699 0
    endloop
  endfacet
  facet normal -0.908149 -0.418647 0
    outer loop
      vertex -7.13996 -3.42944 0
      vertex -7.32265 -3.03314 21.8
      vertex -7.32265 -3.03314 0
    endloop
  endfacet
  facet normal -0.908149 -0.418647 0
    outer loop
      vertex -7.32265 -3.03314 21.8
      vertex -7.13996 -3.42944 0
      vertex -7.13996 -3.42944 21.8
    endloop
  endfacet
  facet normal -0.346125 0.938189 0
    outer loop
      vertex -2.44926 7.53806 0
      vertex -3.03314 7.32265 21.8
      vertex -2.44926 7.53806 21.8
    endloop
  endfacet
  facet normal -0.346125 0.938189 0
    outer loop
      vertex -3.03314 7.32265 21.8
      vertex -2.44926 7.53806 0
      vertex -3.03314 7.32265 0
    endloop
  endfacet
  facet normal 0.619092 0.785318 -0
    outer loop
      vertex 5.14751 6.02696 0
      vertex 4.65877 6.41225 21.8
      vertex 5.14751 6.02696 21.8
    endloop
  endfacet
  facet normal 0.619092 0.785318 0
    outer loop
      vertex 4.65877 6.41225 21.8
      vertex 5.14751 6.02696 0
      vertex 4.65877 6.41225 0
    endloop
  endfacet
  facet normal -0.346125 -0.938189 0
    outer loop
      vertex -3.03314 -7.32265 0
      vertex -2.44926 -7.53806 21.8
      vertex -3.03314 -7.32265 21.8
    endloop
  endfacet
  facet normal -0.346125 -0.938189 -0
    outer loop
      vertex -2.44926 -7.53806 21.8
      vertex -3.03314 -7.32265 0
      vertex -2.44926 -7.53806 0
    endloop
  endfacet
  facet normal 0.678787 0.734335 -0
    outer loop
      vertex 5.60452 5.60452 0
      vertex 5.14751 6.02696 21.8
      vertex 5.60452 5.60452 21.8
    endloop
  endfacet
  facet normal 0.678787 0.734335 0
    outer loop
      vertex 5.14751 6.02696 21.8
      vertex 5.60452 5.60452 0
      vertex 5.14751 6.02696 0
    endloop
  endfacet
  facet normal -0.831459 -0.555587 0
    outer loop
      vertex -6.41225 -4.65877 0
      vertex -6.53947 -4.46838 21.8
      vertex -6.53947 -4.46838 0
    endloop
  endfacet
  facet normal -0.831459 -0.555587 0
    outer loop
      vertex -6.53947 -4.46838 21.8
      vertex -6.41225 -4.65877 0
      vertex -6.41225 -4.65877 21.8
    endloop
  endfacet
  facet normal 0.831459 -0.555587 0
    outer loop
      vertex 6.41225 -4.65877 21.8
      vertex 6.53947 -4.46838 0
      vertex 6.53947 -4.46838 21.8
    endloop
  endfacet
  facet normal 0.831459 -0.555587 0
    outer loop
      vertex 6.53947 -4.46838 0
      vertex 6.41225 -4.65877 21.8
      vertex 6.41225 -4.65877 0
    endloop
  endfacet
  facet normal 0.908149 0.418647 0
    outer loop
      vertex 7.32265 3.03314 21.8
      vertex 7.13996 3.42944 0
      vertex 7.13996 3.42944 21.8
    endloop
  endfacet
  facet normal 0.908149 0.418647 0
    outer loop
      vertex 7.13996 3.42944 0
      vertex 7.32265 3.03314 21.8
      vertex 7.32265 3.03314 0
    endloop
  endfacet
  facet normal -0.999227 0.0393001 0
    outer loop
      vertex -7.90241 0.599999 0
      vertex -7.90155 0.621865 21.8
      vertex -7.90155 0.621865 0
    endloop
  endfacet
  facet normal -0.999227 0.0393001 0
    outer loop
      vertex -7.90155 0.621865 21.8
      vertex -7.90241 0.599999 0
      vertex -7.90241 0.599999 21.8
    endloop
  endfacet
  facet normal 0.938189 0.346125 0
    outer loop
      vertex 7.53806 2.44926 21.8
      vertex 7.32265 3.03314 0
      vertex 7.32265 3.03314 21.8
    endloop
  endfacet
  facet normal 0.938189 0.346125 0
    outer loop
      vertex 7.32265 3.03314 0
      vertex 7.53806 2.44926 21.8
      vertex 7.53806 2.44926 0
    endloop
  endfacet
  facet normal 0.195087 0.980786 -0
    outer loop
      vertex 1.85028 7.70699 0
      vertex 1.2399 7.8284 21.8
      vertex 1.85028 7.70699 21.8
    endloop
  endfacet
  facet normal 0.195087 0.980786 0
    outer loop
      vertex 1.2399 7.8284 21.8
      vertex 1.85028 7.70699 0
      vertex 1.2399 7.8284 0
    endloop
  endfacet
  facet normal -0.678787 -0.734335 0
    outer loop
      vertex -5.60452 -5.60452 0
      vertex -5.14751 -6.02696 21.8
      vertex -5.60452 -5.60452 21.8
    endloop
  endfacet
  facet normal -0.678787 -0.734335 -0
    outer loop
      vertex -5.14751 -6.02696 21.8
      vertex -5.60452 -5.60452 0
      vertex -5.14751 -6.02696 0
    endloop
  endfacet
  facet normal -0.117539 -0.993068 0
    outer loop
      vertex -1.2399 -7.8284 0
      vertex -0.621865 -7.90155 21.8
      vertex -1.2399 -7.8284 21.8
    endloop
  endfacet
  facet normal -0.117539 -0.993068 -0
    outer loop
      vertex -0.621865 -7.90155 21.8
      vertex -1.2399 -7.8284 0
      vertex -0.621865 -7.90155 0
    endloop
  endfacet
  facet normal -0.938189 0.346125 0
    outer loop
      vertex -7.53806 2.44926 0
      vertex -7.32265 3.03314 21.8
      vertex -7.32265 3.03314 0
    endloop
  endfacet
  facet normal -0.938189 0.346125 0
    outer loop
      vertex -7.32265 3.03314 21.8
      vertex -7.53806 2.44926 0
      vertex -7.53806 2.44926 21.8
    endloop
  endfacet
  facet normal 0.0393001 0.999227 -0
    outer loop
      vertex 0.621865 7.90155 0
      vertex 0.599999 7.90241 21.8
      vertex 0.621865 7.90155 21.8
    endloop
  endfacet
  facet normal 0.0393001 0.999227 0
    outer loop
      vertex 0.599999 7.90241 21.8
      vertex 0.621865 7.90155 0
      vertex 0.599999 7.90241 0
    endloop
  endfacet
  facet normal -0.271441 0.962455 0
    outer loop
      vertex -1.85028 7.70699 0
      vertex -2.44926 7.53806 21.8
      vertex -1.85028 7.70699 21.8
    endloop
  endfacet
  facet normal -0.271441 0.962455 0
    outer loop
      vertex -2.44926 7.53806 21.8
      vertex -1.85028 7.70699 0
      vertex -2.44926 7.53806 0
    endloop
  endfacet
  facet normal 0.555587 0.831459 -0
    outer loop
      vertex 4.65877 6.41225 0
      vertex 4.46838 6.53947 21.8
      vertex 4.65877 6.41225 21.8
    endloop
  endfacet
  facet normal 0.555587 0.831459 0
    outer loop
      vertex 4.46838 6.53947 21.8
      vertex 4.65877 6.41225 0
      vertex 4.46838 6.53947 0
    endloop
  endfacet
  facet normal 0.271441 0.962455 -0
    outer loop
      vertex 2.44926 7.53806 0
      vertex 1.85028 7.70699 21.8
      vertex 2.44926 7.53806 21.8
    endloop
  endfacet
  facet normal 0.271441 0.962455 0
    outer loop
      vertex 1.85028 7.70699 21.8
      vertex 2.44926 7.53806 0
      vertex 1.85028 7.70699 0
    endloop
  endfacet
  facet normal 0.993068 -0.117539 0
    outer loop
      vertex 7.8284 -1.2399 21.8
      vertex 7.90155 -0.621865 0
      vertex 7.90155 -0.621865 21.8
    endloop
  endfacet
  facet normal 0.993068 -0.117539 0
    outer loop
      vertex 7.90155 -0.621865 0
      vertex 7.8284 -1.2399 21.8
      vertex 7.8284 -1.2399 0
    endloop
  endfacet
  facet normal 0.938189 -0.346125 0
    outer loop
      vertex 7.32265 -3.03314 21.8
      vertex 7.53806 -2.44926 0
      vertex 7.53806 -2.44926 21.8
    endloop
  endfacet
  facet normal 0.938189 -0.346125 0
    outer loop
      vertex 7.53806 -2.44926 0
      vertex 7.32265 -3.03314 21.8
      vertex 7.32265 -3.03314 0
    endloop
  endfacet
  facet normal -0.0393001 0.999227 0
    outer loop
      vertex -0.599999 7.90241 0
      vertex -0.621865 7.90155 21.8
      vertex -0.599999 7.90241 21.8
    endloop
  endfacet
  facet normal -0.0393001 0.999227 0
    outer loop
      vertex -0.621865 7.90155 21.8
      vertex -0.599999 7.90241 0
      vertex -0.621865 7.90155 0
    endloop
  endfacet
  facet normal 0.962455 0.271441 0
    outer loop
      vertex 7.70699 1.85028 21.8
      vertex 7.53806 2.44926 0
      vertex 7.53806 2.44926 21.8
    endloop
  endfacet
  facet normal 0.962455 0.271441 0
    outer loop
      vertex 7.53806 2.44926 0
      vertex 7.70699 1.85028 21.8
      vertex 7.70699 1.85028 0
    endloop
  endfacet
  facet normal 0.418647 0.908149 -0
    outer loop
      vertex 3.42944 7.13996 0
      vertex 3.03314 7.32265 21.8
      vertex 3.42944 7.13996 21.8
    endloop
  endfacet
  facet normal 0.418647 0.908149 0
    outer loop
      vertex 3.03314 7.32265 21.8
      vertex 3.42944 7.13996 0
      vertex 3.03314 7.32265 0
    endloop
  endfacet
  facet normal -0.734335 0.678787 0
    outer loop
      vertex -6.02696 5.14751 0
      vertex -5.60452 5.60452 21.8
      vertex -5.60452 5.60452 0
    endloop
  endfacet
  facet normal -0.734335 0.678787 0
    outer loop
      vertex -5.60452 5.60452 21.8
      vertex -6.02696 5.14751 0
      vertex -6.02696 5.14751 21.8
    endloop
  endfacet
  facet normal 0.418647 -0.908149 0
    outer loop
      vertex 3.03314 -7.32265 0
      vertex 3.42944 -7.13996 21.8
      vertex 3.03314 -7.32265 21.8
    endloop
  endfacet
  facet normal 0.418647 -0.908149 0
    outer loop
      vertex 3.42944 -7.13996 21.8
      vertex 3.03314 -7.32265 0
      vertex 3.42944 -7.13996 0
    endloop
  endfacet
  facet normal -0.831459 0.555587 0
    outer loop
      vertex -6.53947 4.46838 0
      vertex -6.41225 4.65877 21.8
      vertex -6.41225 4.65877 0
    endloop
  endfacet
  facet normal -0.831459 0.555587 0
    outer loop
      vertex -6.41225 4.65877 21.8
      vertex -6.53947 4.46838 0
      vertex -6.53947 4.46838 21.8
    endloop
  endfacet
  facet normal -0.418647 0.908149 0
    outer loop
      vertex -3.03314 7.32265 0
      vertex -3.42944 7.13996 21.8
      vertex -3.03314 7.32265 21.8
    endloop
  endfacet
  facet normal -0.418647 0.908149 0
    outer loop
      vertex -3.42944 7.13996 21.8
      vertex -3.03314 7.32265 0
      vertex -3.42944 7.13996 0
    endloop
  endfacet
  facet normal -0.980786 0.195087 0
    outer loop
      vertex -7.8284 1.2399 0
      vertex -7.70699 1.85028 21.8
      vertex -7.70699 1.85028 0
    endloop
  endfacet
  facet normal -0.980786 0.195087 0
    outer loop
      vertex -7.70699 1.85028 21.8
      vertex -7.8284 1.2399 0
      vertex -7.8284 1.2399 21.8
    endloop
  endfacet
  facet normal -0.117539 0.993068 0
    outer loop
      vertex -0.621865 7.90155 0
      vertex -1.2399 7.8284 21.8
      vertex -0.621865 7.90155 21.8
    endloop
  endfacet
  facet normal -0.117539 0.993068 0
    outer loop
      vertex -1.2399 7.8284 21.8
      vertex -0.621865 7.90155 0
      vertex -1.2399 7.8284 0
    endloop
  endfacet
  facet normal 0.999227 -0.0393001 0
    outer loop
      vertex 7.90155 -0.621865 21.8
      vertex 7.90241 -0.599999 0
      vertex 7.90241 -0.599999 21.8
    endloop
  endfacet
  facet normal 0.999227 -0.0393001 0
    outer loop
      vertex 7.90241 -0.599999 0
      vertex 7.90155 -0.621865 21.8
      vertex 7.90155 -0.621865 0
    endloop
  endfacet
  facet normal -0.993068 -0.117539 0
    outer loop
      vertex -7.8284 -1.2399 0
      vertex -7.90155 -0.621865 21.8
      vertex -7.90155 -0.621865 0
    endloop
  endfacet
  facet normal -0.993068 -0.117539 0
    outer loop
      vertex -7.90155 -0.621865 21.8
      vertex -7.8284 -1.2399 0
      vertex -7.8284 -1.2399 21.8
    endloop
  endfacet
  facet normal 0.619092 -0.785318 0
    outer loop
      vertex 4.65877 -6.41225 0
      vertex 5.14751 -6.02696 21.8
      vertex 4.65877 -6.41225 21.8
    endloop
  endfacet
  facet normal 0.619092 -0.785318 0
    outer loop
      vertex 5.14751 -6.02696 21.8
      vertex 4.65877 -6.41225 0
      vertex 5.14751 -6.02696 0
    endloop
  endfacet
  facet normal -0.555587 0.831459 0
    outer loop
      vertex -4.46838 6.53947 0
      vertex -4.65877 6.41225 21.8
      vertex -4.46838 6.53947 21.8
    endloop
  endfacet
  facet normal -0.555587 0.831459 0
    outer loop
      vertex -4.65877 6.41225 21.8
      vertex -4.46838 6.53947 0
      vertex -4.65877 6.41225 0
    endloop
  endfacet
  facet normal -0.555587 -0.831459 0
    outer loop
      vertex -4.65877 -6.41225 0
      vertex -4.46838 -6.53947 21.8
      vertex -4.65877 -6.41225 21.8
    endloop
  endfacet
  facet normal -0.555587 -0.831459 -0
    outer loop
      vertex -4.46838 -6.53947 21.8
      vertex -4.65877 -6.41225 0
      vertex -4.46838 -6.53947 0
    endloop
  endfacet
  facet normal 0.734335 0.678787 0
    outer loop
      vertex 6.02696 5.14751 21.8
      vertex 5.60452 5.60452 0
      vertex 5.60452 5.60452 21.8
    endloop
  endfacet
  facet normal 0.734335 0.678787 0
    outer loop
      vertex 5.60452 5.60452 0
      vertex 6.02696 5.14751 21.8
      vertex 6.02696 5.14751 0
    endloop
  endfacet
  facet normal 0.195087 -0.980786 0
    outer loop
      vertex 1.2399 -7.8284 0
      vertex 1.85028 -7.70699 21.8
      vertex 1.2399 -7.8284 21.8
    endloop
  endfacet
  facet normal 0.195087 -0.980786 0
    outer loop
      vertex 1.85028 -7.70699 21.8
      vertex 1.2399 -7.8284 0
      vertex 1.85028 -7.70699 0
    endloop
  endfacet
  facet normal -0.938189 -0.346125 0
    outer loop
      vertex -7.32265 -3.03314 0
      vertex -7.53806 -2.44926 21.8
      vertex -7.53806 -2.44926 0
    endloop
  endfacet
  facet normal -0.938189 -0.346125 0
    outer loop
      vertex -7.53806 -2.44926 21.8
      vertex -7.32265 -3.03314 0
      vertex -7.32265 -3.03314 21.8
    endloop
  endfacet
  facet normal -0.962455 0.271441 0
    outer loop
      vertex -7.70699 1.85028 0
      vertex -7.53806 2.44926 21.8
      vertex -7.53806 2.44926 0
    endloop
  endfacet
  facet normal -0.962455 0.271441 0
    outer loop
      vertex -7.53806 2.44926 21.8
      vertex -7.70699 1.85028 0
      vertex -7.70699 1.85028 21.8
    endloop
  endfacet
  facet normal -0.0393001 -0.999227 0
    outer loop
      vertex -0.621865 -7.90155 0
      vertex -0.599999 -7.90241 21.8
      vertex -0.621865 -7.90155 21.8
    endloop
  endfacet
  facet normal -0.0393001 -0.999227 -0
    outer loop
      vertex -0.599999 -7.90241 21.8
      vertex -0.621865 -7.90155 0
      vertex -0.599999 -7.90241 0
    endloop
  endfacet
  facet normal -0.908149 0.418647 0
    outer loop
      vertex -7.32265 3.03314 0
      vertex -7.13996 3.42944 21.8
      vertex -7.13996 3.42944 0
    endloop
  endfacet
  facet normal -0.908149 0.418647 0
    outer loop
      vertex -7.13996 3.42944 21.8
      vertex -7.32265 3.03314 0
      vertex -7.32265 3.03314 21.8
    endloop
  endfacet
  facet normal 0.831459 0.555587 0
    outer loop
      vertex 6.53947 4.46838 21.8
      vertex 6.41225 4.65877 0
      vertex 6.41225 4.65877 21.8
    endloop
  endfacet
  facet normal 0.831459 0.555587 0
    outer loop
      vertex 6.41225 4.65877 0
      vertex 6.53947 4.46838 21.8
      vertex 6.53947 4.46838 0
    endloop
  endfacet
  facet normal 0.980786 0.195087 0
    outer loop
      vertex 7.8284 1.2399 21.8
      vertex 7.70699 1.85028 0
      vertex 7.70699 1.85028 21.8
    endloop
  endfacet
  facet normal 0.980786 0.195087 0
    outer loop
      vertex 7.70699 1.85028 0
      vertex 7.8284 1.2399 21.8
      vertex 7.8284 1.2399 0
    endloop
  endfacet
  facet normal 0.785318 -0.619092 0
    outer loop
      vertex 6.02696 -5.14751 21.8
      vertex 6.41225 -4.65877 0
      vertex 6.41225 -4.65877 21.8
    endloop
  endfacet
  facet normal 0.785318 -0.619092 0
    outer loop
      vertex 6.41225 -4.65877 0
      vertex 6.02696 -5.14751 21.8
      vertex 6.02696 -5.14751 0
    endloop
  endfacet
  facet normal -0.785318 -0.619092 0
    outer loop
      vertex -6.02696 -5.14751 0
      vertex -6.41225 -4.65877 21.8
      vertex -6.41225 -4.65877 0
    endloop
  endfacet
  facet normal -0.785318 -0.619092 0
    outer loop
      vertex -6.41225 -4.65877 21.8
      vertex -6.02696 -5.14751 0
      vertex -6.02696 -5.14751 21.8
    endloop
  endfacet
  facet normal 0.678787 -0.734335 0
    outer loop
      vertex 5.14751 -6.02696 0
      vertex 5.60452 -5.60452 21.8
      vertex 5.14751 -6.02696 21.8
    endloop
  endfacet
  facet normal 0.678787 -0.734335 0
    outer loop
      vertex 5.60452 -5.60452 21.8
      vertex 5.14751 -6.02696 0
      vertex 5.60452 -5.60452 0
    endloop
  endfacet
  facet normal -0.993068 0.117539 0
    outer loop
      vertex -7.90155 0.621865 0
      vertex -7.8284 1.2399 21.8
      vertex -7.8284 1.2399 0
    endloop
  endfacet
  facet normal -0.993068 0.117539 0
    outer loop
      vertex -7.8284 1.2399 21.8
      vertex -7.90155 0.621865 0
      vertex -7.90155 0.621865 21.8
    endloop
  endfacet
  facet normal -0.734335 -0.678787 0
    outer loop
      vertex -5.60452 -5.60452 0
      vertex -6.02696 -5.14751 21.8
      vertex -6.02696 -5.14751 0
    endloop
  endfacet
  facet normal -0.734335 -0.678787 0
    outer loop
      vertex -6.02696 -5.14751 21.8
      vertex -5.60452 -5.60452 0
      vertex -5.60452 -5.60452 21.8
    endloop
  endfacet
  facet normal 0.555587 -0.831459 0
    outer loop
      vertex 4.46838 -6.53947 0
      vertex 4.65877 -6.41225 21.8
      vertex 4.46838 -6.53947 21.8
    endloop
  endfacet
  facet normal 0.555587 -0.831459 0
    outer loop
      vertex 4.65877 -6.41225 21.8
      vertex 4.46838 -6.53947 0
      vertex 4.65877 -6.41225 0
    endloop
  endfacet
  facet normal -0.195087 -0.980786 0
    outer loop
      vertex -1.85028 -7.70699 0
      vertex -1.2399 -7.8284 21.8
      vertex -1.85028 -7.70699 21.8
    endloop
  endfacet
  facet normal -0.195087 -0.980786 -0
    outer loop
      vertex -1.2399 -7.8284 21.8
      vertex -1.85028 -7.70699 0
      vertex -1.2399 -7.8284 0
    endloop
  endfacet
  facet normal -0.785318 0.619092 0
    outer loop
      vertex -6.41225 4.65877 0
      vertex -6.02696 5.14751 21.8
      vertex -6.02696 5.14751 0
    endloop
  endfacet
  facet normal -0.785318 0.619092 0
    outer loop
      vertex -6.02696 5.14751 21.8
      vertex -6.41225 4.65877 0
      vertex -6.41225 4.65877 21.8
    endloop
  endfacet
  facet normal -0.962455 -0.271441 0
    outer loop
      vertex -7.53806 -2.44926 0
      vertex -7.70699 -1.85028 21.8
      vertex -7.70699 -1.85028 0
    endloop
  endfacet
  facet normal -0.962455 -0.271441 0
    outer loop
      vertex -7.70699 -1.85028 21.8
      vertex -7.53806 -2.44926 0
      vertex -7.53806 -2.44926 21.8
    endloop
  endfacet
  facet normal 0.866249 -0.499613 0
    outer loop
      vertex -1.96299 3.4 8.8
      vertex -1.96562 3.39544 1.1
      vertex -1.96299 3.4 1.09569
    endloop
  endfacet
  facet normal 0.866026 -0.5 3.05471e-07
    outer loop
      vertex -3.92598 0 8.8
      vertex -1.96562 3.39544 1.1
      vertex -1.96299 3.4 8.8
    endloop
  endfacet
  facet normal 0.866025 -0.5 0
    outer loop
      vertex -1.96562 3.39544 1.1
      vertex -3.92598 0 8.8
      vertex -3.92598 0 1.1
    endloop
  endfacet
  facet normal -0.866025 0.5 0
    outer loop
      vertex 1.96562 -3.39544 1.1
      vertex 3.92598 0 8.8
      vertex 3.92598 0 1.1
    endloop
  endfacet
  facet normal -0.866249 0.499613 0
    outer loop
      vertex 1.96299 -3.4 8.8
      vertex 1.96562 -3.39544 1.1
      vertex 1.96299 -3.4 1.09569
    endloop
  endfacet
  facet normal -0.866026 0.5 3.05471e-07
    outer loop
      vertex 1.96562 -3.39544 1.1
      vertex 1.96299 -3.4 8.8
      vertex 3.92598 0 8.8
    endloop
  endfacet
  facet normal 0 0 -1
    outer loop
      vertex 1.96299 -3.4 8.8
      vertex 1.96299 3.4 8.8
      vertex 3.92598 0 8.8
    endloop
  endfacet
  facet normal 0 0 -1
    outer loop
      vertex -1.96299 -3.4 8.8
      vertex 1.96299 3.4 8.8
      vertex 1.96299 -3.4 8.8
    endloop
  endfacet
  facet normal 0 0 -1
    outer loop
      vertex -1.96299 -3.4 8.8
      vertex -1.96299 3.4 8.8
      vertex 1.96299 3.4 8.8
    endloop
  endfacet
  facet normal 0 -0 -1
    outer loop
      vertex -1.96299 3.4 8.8
      vertex -1.96299 -3.4 8.8
      vertex -3.92598 0 8.8
    endloop
  endfacet
  facet normal 0 -1 0
    outer loop
      vertex -1.96299 3.4 8.8
      vertex -1.95748 3.4 1.1
      vertex 1.96299 3.4 8.8
    endloop
  endfacet
  facet normal -0 -1 0
    outer loop
      vertex -1.95748 3.4 1.1
      vertex -1.96299 3.4 8.8
      vertex -1.96299 3.4 1.09569
    endloop
  endfacet
  facet normal 0 -1 0
    outer loop
      vertex 1.95748 3.4 1.1
      vertex 1.96299 3.4 8.8
      vertex -1.95748 3.4 1.1
    endloop
  endfacet
  facet normal 0 -1 -0
    outer loop
      vertex 1.96299 3.4 8.8
      vertex 1.95748 3.4 1.1
      vertex 1.96299 3.4 1.09569
    endloop
  endfacet
  facet normal 0.866025 0.5 0
    outer loop
      vertex -3.92598 0 8.8
      vertex -1.96562 -3.39544 1.1
      vertex -3.92598 0 1.1
    endloop
  endfacet
  facet normal 0.866026 0.5 3.05471e-07
    outer loop
      vertex -1.96299 -3.4 8.8
      vertex -1.96562 -3.39544 1.1
      vertex -3.92598 0 8.8
    endloop
  endfacet
  facet normal 0.866249 0.499613 0
    outer loop
      vertex -1.96562 -3.39544 1.1
      vertex -1.96299 -3.4 8.8
      vertex -1.96299 -3.4 1.09569
    endloop
  endfacet
  facet normal 0 1 0
    outer loop
      vertex 1.96299 -3.4 8.8
      vertex 1.95748 -3.4 1.1
      vertex -1.96299 -3.4 8.8
    endloop
  endfacet
  facet normal -0 1 0
    outer loop
      vertex 1.95748 -3.4 1.1
      vertex 1.96299 -3.4 8.8
      vertex 1.96299 -3.4 1.09569
    endloop
  endfacet
  facet normal 0 1 -0
    outer loop
      vertex -1.95748 -3.4 1.1
      vertex -1.96299 -3.4 8.8
      vertex 1.95748 -3.4 1.1
    endloop
  endfacet
  facet normal 0 1 0
    outer loop
      vertex -1.96299 -3.4 8.8
      vertex -1.95748 -3.4 1.1
      vertex -1.96299 -3.4 1.09569
    endloop
  endfacet
  facet normal -0.866249 -0.499613 0
    outer loop
      vertex 1.96562 3.39544 1.1
      vertex 1.96299 3.4 8.8
      vertex 1.96299 3.4 1.09569
    endloop
  endfacet
  facet normal -0.866025 -0.5 3.05881e-07
    outer loop
      vertex 3.92598 0 1.1
      vertex 1.96299 3.4 8.8
      vertex 1.96562 3.39544 1.1
    endloop
  endfacet
  facet normal -0.866026 -0.5 0
    outer loop
      vertex 1.96299 3.4 8.8
      vertex 3.92598 0 1.1
      vertex 3.92598 0 8.8
    endloop
  endfacet
  facet normal -0.847528 -0.0332913 -0.529705
    outer loop
      vertex 4.60027 0.3363 0
      vertex 4.61348 0 0
      vertex 3.92598 0 1.1
    endloop
  endfacet
  facet normal 0.816334 0.230245 -0.529703
    outer loop
      vertex -3.73383 -1.21319 1.1
      vertex -4.48601 -1.077 0
      vertex -3.81751 -0.916502 1.1
    endloop
  endfacet
  facet normal 0.816344 0.230175 -0.529718
    outer loop
      vertex -4.48601 -1.077 0
      vertex -3.73383 -1.21319 1.1
      vertex -4.47904 -1.10172 0
    endloop
  endfacet
  facet normal 0.831886 -0.165473 -0.529702
    outer loop
      vertex -4.49102 1.0518 0
      vertex -3.87765 0.614159 1.1
      vertex -4.55668 0.721707 0
    endloop
  endfacet
  facet normal -0.414408 -0.739993 -0.529789
    outer loop
      vertex 1.78236 3.49807 1.1
      vertex 1.96299 3.4 1.09569
      vertex 1.95748 3.4 1.1
    endloop
  endfacet
  facet normal -0.414432 -0.740041 -0.529703
    outer loop
      vertex 1.96299 3.4 1.09569
      vertex 1.78236 3.49807 1.1
      vertex 2.38812 3.94619 0
    endloop
  endfacet
  facet normal -0.414325 -0.739896 -0.529989
    outer loop
      vertex 1.96299 3.4 1.09569
      vertex 2.05132 3.34745 1.1
      vertex 1.96562 3.39544 1.1
    endloop
  endfacet
  facet normal -0.414427 -0.740044 -0.529703
    outer loop
      vertex 2.38812 3.94619 0
      vertex 2.05132 3.34745 1.1
      vertex 1.96299 3.4 1.09569
    endloop
  endfacet
  facet normal -0.414295 -0.740118 -0.529703
    outer loop
      vertex 2.05132 3.34745 1.1
      vertex 2.38812 3.94619 0
      vertex 2.41054 3.93364 0
    endloop
  endfacet
  facet normal 0.471167 -0.705265 -0.529719
    outer loop
      vertex -2.41054 3.93364 0
      vertex -2.30763 3.17619 1.1
      vertex -2.4319 3.91937 0
    endloop
  endfacet
  facet normal 0.471223 -0.705238 -0.529706
    outer loop
      vertex -2.30763 3.17619 1.1
      vertex -2.41054 3.93364 0
      vertex -2.05132 3.34745 1.1
    endloop
  endfacet
  facet normal -0.524929 0.666231 -0.529703
    outer loop
      vertex 2.97604 -3.52402 0
      vertex 2.54972 -2.98534 1.1
      vertex 2.99622 -3.50812 0
    endloop
  endfacet
  facet normal -0.525108 0.66609 -0.529703
    outer loop
      vertex 2.54972 -2.98534 1.1
      vertex 2.97604 -3.52402 0
      vertex 2.30763 -3.17619 1.1
    endloop
  endfacet
  facet normal -0.525108 -0.66609 -0.529703
    outer loop
      vertex 2.97604 3.52402 0
      vertex 2.54972 2.98534 1.1
      vertex 2.30763 3.17619 1.1
    endloop
  endfacet
  facet normal -0.524929 -0.666231 -0.529703
    outer loop
      vertex 2.54972 2.98534 1.1
      vertex 2.97604 3.52402 0
      vertex 2.99622 3.50812 0
    endloop
  endfacet
  facet normal 0.770317 -0.354947 -0.529741
    outer loop
      vertex -3.49807 1.78236 1.1
      vertex -4.2623 1.7655 0
      vertex -4.25155 1.78883 0
    endloop
  endfacet
  facet normal 0.770269 -0.355102 -0.529705
    outer loop
      vertex -4.2623 1.7655 0
      vertex -3.49807 1.78236 1.1
      vertex -3.62713 1.50241 1.1
    endloop
  endfacet
  facet normal 0.705265 -0.471167 -0.529719
    outer loop
      vertex -3.17619 2.30763 1.1
      vertex -3.93364 2.41054 0
      vertex -3.91937 2.4319 0
    endloop
  endfacet
  facet normal 0.705238 -0.471223 -0.529706
    outer loop
      vertex -3.93364 2.41054 0
      vertex -3.17619 2.30763 1.1
      vertex -3.34745 2.05132 1.1
    endloop
  endfacet
  facet normal -0.847528 0.0332913 -0.529705
    outer loop
      vertex 4.61348 0 0
      vertex 4.60027 -0.3363 0
      vertex 3.92598 0 1.1
    endloop
  endfacet
  facet normal -0.414446 0.74003 -0.529707
    outer loop
      vertex 2.38812 -3.94619 0
      vertex 2.09448 -4.11064 0
      vertex 1.78236 -3.49807 1.1
    endloop
  endfacet
  facet normal -0.0332913 0.847528 -0.529705
    outer loop
      vertex 0 -3.92598 1.1
      vertex 0.3363 -4.60027 0
      vertex 0 -4.61348 0
    endloop
  endfacet
  facet normal 0.740118 -0.414295 -0.529703
    outer loop
      vertex -3.34745 2.05132 1.1
      vertex -3.94619 2.38812 0
      vertex -3.93364 2.41054 0
    endloop
  endfacet
  facet normal 0.740042 -0.41443 -0.529703
    outer loop
      vertex -3.94619 2.38812 0
      vertex -3.34745 2.05132 1.1
      vertex -3.49807 1.78236 1.1
    endloop
  endfacet
  facet normal 0.355106 -0.770266 -0.529707
    outer loop
      vertex -1.78883 4.25155 0
      vertex -1.78236 3.49807 1.1
      vertex -2.09448 4.11064 0
    endloop
  endfacet
  facet normal -0.740042 0.41443 -0.529703
    outer loop
      vertex 3.94619 -2.38812 0
      vertex 3.34745 -2.05132 1.1
      vertex 3.49807 -1.78236 1.1
    endloop
  endfacet
  facet normal -0.740118 0.414295 -0.529703
    outer loop
      vertex 3.34745 -2.05132 1.1
      vertex 3.94619 -2.38812 0
      vertex 3.93364 -2.41054 0
    endloop
  endfacet
  facet normal -0.622741 -0.575854 -0.529703
    outer loop
      vertex 3.27966 3.24336 0
      vertex 2.77609 2.77609 1.1
      vertex 3.26222 3.26222 0
    endloop
  endfacet
  facet normal -0.622846 -0.575741 -0.529703
    outer loop
      vertex 2.77609 2.77609 1.1
      vertex 3.27966 3.24336 0
      vertex 2.98534 2.54972 1.1
    endloop
  endfacet
  facet normal 0.622846 0.575741 -0.529703
    outer loop
      vertex -2.77609 -2.77609 1.1
      vertex -3.27966 -3.24336 0
      vertex -2.98534 -2.54972 1.1
    endloop
  endfacet
  facet normal 0.622741 0.575854 -0.529703
    outer loop
      vertex -3.27966 -3.24336 0
      vertex -2.77609 -2.77609 1.1
      vertex -3.26222 -3.26222 0
    endloop
  endfacet
  facet normal 0.831886 0.165473 -0.529702
    outer loop
      vertex -3.87765 -0.614159 1.1
      vertex -4.49102 -1.0518 0
      vertex -4.55668 -0.721707 0
    endloop
  endfacet
  facet normal -0.471167 0.705265 -0.529719
    outer loop
      vertex 2.41054 -3.93364 0
      vertex 2.30763 -3.17619 1.1
      vertex 2.4319 -3.91937 0
    endloop
  endfacet
  facet normal -0.471223 0.705238 -0.529706
    outer loop
      vertex 2.30763 -3.17619 1.1
      vertex 2.41054 -3.93364 0
      vertex 2.05132 -3.34745 1.1
    endloop
  endfacet
  facet normal -0.816344 -0.230175 -0.529718
    outer loop
      vertex 4.48601 1.077 0
      vertex 3.73383 1.21319 1.1
      vertex 4.47904 1.10172 0
    endloop
  endfacet
  facet normal -0.816334 -0.230245 -0.529703
    outer loop
      vertex 3.73383 1.21319 1.1
      vertex 4.48601 1.077 0
      vertex 3.81751 0.916502 1.1
    endloop
  endfacet
  facet normal -0.293573 -0.795756 -0.529705
    outer loop
      vertex 1.7414 4.27119 0
      vertex 1.50241 3.62713 1.1
      vertex 1.21319 3.73383 1.1
    endloop
  endfacet
  facet normal -0.293542 -0.795767 -0.529705
    outer loop
      vertex 1.50241 3.62713 1.1
      vertex 1.7414 4.27119 0
      vertex 1.7655 4.2623 0
    endloop
  endfacet
  facet normal -0.230243 -0.816334 -0.529705
    outer loop
      vertex 1.42564 4.38768 0
      vertex 1.21319 3.73383 1.1
      vertex 1.10172 4.47904 0
    endloop
  endfacet
  facet normal -0.575754 -0.622831 -0.529707
    outer loop
      vertex 2.99622 3.50812 0
      vertex 3.24336 3.27966 0
      vertex 2.54972 2.98534 1.1
    endloop
  endfacet
  facet normal 0.16539 -0.831903 -0.529702
    outer loop
      vertex -1.0518 4.49102 0
      vertex -0.916502 3.81751 1.1
      vertex -1.077 4.48601 0
    endloop
  endfacet
  facet normal 0.165473 -0.831886 -0.529702
    outer loop
      vertex -0.916502 3.81751 1.1
      vertex -1.0518 4.49102 0
      vertex -0.614159 3.87765 1.1
    endloop
  endfacet
  facet normal 0.705238 0.471223 -0.529706
    outer loop
      vertex -3.17619 -2.30763 1.1
      vertex -3.93364 -2.41054 0
      vertex -3.34745 -2.05132 1.1
    endloop
  endfacet
  facet normal 0.705265 0.471167 -0.529719
    outer loop
      vertex -3.93364 -2.41054 0
      vertex -3.17619 -2.30763 1.1
      vertex -3.91937 -2.4319 0
    endloop
  endfacet
  facet normal 0.525123 -0.666075 -0.529708
    outer loop
      vertex -2.71174 3.73239 0
      vertex -2.30763 3.17619 1.1
      vertex -2.97604 3.52402 0
    endloop
  endfacet
  facet normal -0.29357 -0.795757 -0.529704
    outer loop
      vertex 1.42564 4.38768 0
      vertex 1.7414 4.27119 0
      vertex 1.21319 3.73383 1.1
    endloop
  endfacet
  facet normal -0.816334 0.230243 -0.529705
    outer loop
      vertex 4.47904 -1.10172 0
      vertex 4.38768 -1.42564 0
      vertex 3.73383 -1.21319 1.1
    endloop
  endfacet
  facet normal -0.842301 0.0997118 -0.529704
    outer loop
      vertex 4.59624 -0.38748 0
      vertex 3.91388 -0.308028 1.1
      vertex 4.59926 -0.361969 0
    endloop
  endfacet
  facet normal -0.842304 0.099685 -0.529704
    outer loop
      vertex 3.91388 -0.308028 1.1
      vertex 4.59624 -0.38748 0
      vertex 3.87765 -0.614159 1.1
    endloop
  endfacet
  facet normal 0.847528 0.0332927 -0.529705
    outer loop
      vertex -3.91388 -0.308028 1.1
      vertex -4.60027 -0.3363 0
      vertex -3.92598 0 1.1
    endloop
  endfacet
  facet normal 0.847526 0.0333477 -0.529706
    outer loop
      vertex -4.60027 -0.3363 0
      vertex -3.91388 -0.308028 1.1
      vertex -4.59926 -0.361969 0
    endloop
  endfacet
  facet normal -0.0996974 0.842304 -0.529702
    outer loop
      vertex 0.614159 -3.87765 1.1
      vertex 0.721707 -4.55668 0
      vertex 0.38748 -4.59624 0
    endloop
  endfacet
  facet normal -0.354947 0.770317 -0.529741
    outer loop
      vertex 1.7655 -4.2623 0
      vertex 1.78236 -3.49807 1.1
      vertex 1.78883 -4.25155 0
    endloop
  endfacet
  facet normal -0.355102 0.770269 -0.529705
    outer loop
      vertex 1.78236 -3.49807 1.1
      vertex 1.7655 -4.2623 0
      vertex 1.50241 -3.62713 1.1
    endloop
  endfacet
  facet normal -0.165473 -0.831886 -0.529702
    outer loop
      vertex 1.0518 4.49102 0
      vertex 0.916502 3.81751 1.1
      vertex 0.614159 3.87765 1.1
    endloop
  endfacet
  facet normal -0.16539 -0.831903 -0.529702
    outer loop
      vertex 0.916502 3.81751 1.1
      vertex 1.0518 4.49102 0
      vertex 1.077 4.48601 0
    endloop
  endfacet
  facet normal -0.414446 -0.74003 -0.529707
    outer loop
      vertex 2.09448 4.11064 0
      vertex 2.38812 3.94619 0
      vertex 1.78236 3.49807 1.1
    endloop
  endfacet
  facet normal 0.525123 0.666075 -0.529708
    outer loop
      vertex -2.30763 -3.17619 1.1
      vertex -2.71174 -3.73239 0
      vertex -2.97604 -3.52402 0
    endloop
  endfacet
  facet normal -0.795757 0.29357 -0.529704
    outer loop
      vertex 4.38768 -1.42564 0
      vertex 4.27119 -1.7414 0
      vertex 3.73383 -1.21319 1.1
    endloop
  endfacet
  facet normal 0.816334 0.230243 -0.529705
    outer loop
      vertex -3.73383 -1.21319 1.1
      vertex -4.38768 -1.42564 0
      vertex -4.47904 -1.10172 0
    endloop
  endfacet
  facet normal 0.230243 0.816334 -0.529705
    outer loop
      vertex -1.21319 -3.73383 1.1
      vertex -1.10172 -4.47904 0
      vertex -1.42564 -4.38768 0
    endloop
  endfacet
  facet normal -0.770317 -0.354947 -0.529741
    outer loop
      vertex 4.2623 1.7655 0
      vertex 3.49807 1.78236 1.1
      vertex 4.25155 1.78883 0
    endloop
  endfacet
  facet normal -0.770269 -0.355102 -0.529705
    outer loop
      vertex 3.49807 1.78236 1.1
      vertex 4.2623 1.7655 0
      vertex 3.62713 1.50241 1.1
    endloop
  endfacet
  facet normal 0.471218 -0.70524 -0.529708
    outer loop
      vertex -2.4319 3.91937 0
      vertex -2.30763 3.17619 1.1
      vertex -2.71174 3.73239 0
    endloop
  endfacet
  facet normal 0.29357 0.795757 -0.529704
    outer loop
      vertex -1.21319 -3.73383 1.1
      vertex -1.42564 -4.38768 0
      vertex -1.7414 -4.27119 0
    endloop
  endfacet
  facet normal -0.622831 -0.575754 -0.529707
    outer loop
      vertex 3.27966 3.24336 0
      vertex 3.50812 2.99622 0
      vertex 2.98534 2.54972 1.1
    endloop
  endfacet
  facet normal 0.622741 -0.575854 -0.529703
    outer loop
      vertex -2.77609 2.77609 1.1
      vertex -3.27966 3.24336 0
      vertex -3.26222 3.26222 0
    endloop
  endfacet
  facet normal 0.622846 -0.575741 -0.529703
    outer loop
      vertex -3.27966 3.24336 0
      vertex -2.77609 2.77609 1.1
      vertex -2.98534 2.54972 1.1
    endloop
  endfacet
  facet normal 0.354947 -0.770317 -0.529741
    outer loop
      vertex -1.7655 4.2623 0
      vertex -1.78236 3.49807 1.1
      vertex -1.78883 4.25155 0
    endloop
  endfacet
  facet normal 0.355102 -0.770269 -0.529705
    outer loop
      vertex -1.78236 3.49807 1.1
      vertex -1.7655 4.2623 0
      vertex -1.50241 3.62713 1.1
    endloop
  endfacet
  facet normal -0.74003 0.414446 -0.529707
    outer loop
      vertex 4.11064 -2.09448 0
      vertex 3.94619 -2.38812 0
      vertex 3.49807 -1.78236 1.1
    endloop
  endfacet
  facet normal -0.831886 0.165473 -0.529702
    outer loop
      vertex 4.49102 -1.0518 0
      vertex 3.81751 -0.916502 1.1
      vertex 3.87765 -0.614159 1.1
    endloop
  endfacet
  facet normal -0.831903 0.16539 -0.529702
    outer loop
      vertex 3.81751 -0.916502 1.1
      vertex 4.49102 -1.0518 0
      vertex 4.48601 -1.077 0
    endloop
  endfacet
  facet normal 0.666231 -0.524929 -0.529703
    outer loop
      vertex -2.98534 2.54972 1.1
      vertex -3.52402 2.97604 0
      vertex -3.50812 2.99622 0
    endloop
  endfacet
  facet normal 0.66609 -0.525108 -0.529703
    outer loop
      vertex -3.52402 2.97604 0
      vertex -2.98534 2.54972 1.1
      vertex -3.17619 2.30763 1.1
    endloop
  endfacet
  facet normal -0.471218 -0.70524 -0.529708
    outer loop
      vertex 2.4319 3.91937 0
      vertex 2.71174 3.73239 0
      vertex 2.30763 3.17619 1.1
    endloop
  endfacet
  facet normal -0.29357 0.795757 -0.529704
    outer loop
      vertex 1.7414 -4.27119 0
      vertex 1.42564 -4.38768 0
      vertex 1.21319 -3.73383 1.1
    endloop
  endfacet
  facet normal 0.842304 0.0996974 -0.529702
    outer loop
      vertex -3.87765 -0.614159 1.1
      vertex -4.55668 -0.721707 0
      vertex -4.59624 -0.38748 0
    endloop
  endfacet
  facet normal -0.70524 -0.471218 -0.529708
    outer loop
      vertex 3.73239 2.71174 0
      vertex 3.91937 2.4319 0
      vertex 3.17619 2.30763 1.1
    endloop
  endfacet
  facet normal 0.355106 0.770266 -0.529707
    outer loop
      vertex -1.78236 -3.49807 1.1
      vertex -1.78883 -4.25155 0
      vertex -2.09448 -4.11064 0
    endloop
  endfacet
  facet normal 0.165473 -0.831886 -0.529702
    outer loop
      vertex -0.721707 4.55668 0
      vertex -0.614159 3.87765 1.1
      vertex -1.0518 4.49102 0
    endloop
  endfacet
  facet normal 0.795757 -0.29357 -0.529704
    outer loop
      vertex -4.27119 1.7414 0
      vertex -3.73383 1.21319 1.1
      vertex -4.38768 1.42564 0
    endloop
  endfacet
  facet normal 0.816334 -0.230243 -0.529705
    outer loop
      vertex -4.38768 1.42564 0
      vertex -3.73383 1.21319 1.1
      vertex -4.47904 1.10172 0
    endloop
  endfacet
  facet normal -0.622831 0.575754 -0.529707
    outer loop
      vertex 3.50812 -2.99622 0
      vertex 3.27966 -3.24336 0
      vertex 2.98534 -2.54972 1.1
    endloop
  endfacet
  facet normal -0.847526 -0.0333477 -0.529706
    outer loop
      vertex 4.60027 0.3363 0
      vertex 3.91388 0.308028 1.1
      vertex 4.59926 0.361969 0
    endloop
  endfacet
  facet normal -0.847528 -0.0332927 -0.529705
    outer loop
      vertex 3.91388 0.308028 1.1
      vertex 4.60027 0.3363 0
      vertex 3.92598 0 1.1
    endloop
  endfacet
  facet normal -0.816334 -0.230243 -0.529705
    outer loop
      vertex 4.38768 1.42564 0
      vertex 4.47904 1.10172 0
      vertex 3.73383 1.21319 1.1
    endloop
  endfacet
  facet normal -0.795757 -0.29357 -0.529704
    outer loop
      vertex 4.27119 1.7414 0
      vertex 4.38768 1.42564 0
      vertex 3.73383 1.21319 1.1
    endloop
  endfacet
  facet normal 0.770266 0.355106 -0.529707
    outer loop
      vertex -3.49807 -1.78236 1.1
      vertex -4.11064 -2.09448 0
      vertex -4.25155 -1.78883 0
    endloop
  endfacet
  facet normal -0.622846 0.575741 -0.529703
    outer loop
      vertex 3.27966 -3.24336 0
      vertex 2.77609 -2.77609 1.1
      vertex 2.98534 -2.54972 1.1
    endloop
  endfacet
  facet normal -0.622741 0.575854 -0.529703
    outer loop
      vertex 2.77609 -2.77609 1.1
      vertex 3.27966 -3.24336 0
      vertex 3.26222 -3.26222 0
    endloop
  endfacet
  facet normal 0.230245 0.816334 -0.529703
    outer loop
      vertex -1.077 -4.48601 0
      vertex -1.21319 -3.73383 1.1
      vertex -0.916502 -3.81751 1.1
    endloop
  endfacet
  facet normal 0.230175 0.816344 -0.529718
    outer loop
      vertex -1.21319 -3.73383 1.1
      vertex -1.077 -4.48601 0
      vertex -1.10172 -4.47904 0
    endloop
  endfacet
  facet normal 0.70524 -0.471218 -0.529708
    outer loop
      vertex -3.73239 2.71174 0
      vertex -3.17619 2.30763 1.1
      vertex -3.91937 2.4319 0
    endloop
  endfacet
  facet normal 0.355102 0.770269 -0.529705
    outer loop
      vertex -1.7655 -4.2623 0
      vertex -1.78236 -3.49807 1.1
      vertex -1.50241 -3.62713 1.1
    endloop
  endfacet
  facet normal 0.354947 0.770317 -0.529741
    outer loop
      vertex -1.78236 -3.49807 1.1
      vertex -1.7655 -4.2623 0
      vertex -1.78883 -4.25155 0
    endloop
  endfacet
  facet normal 0.842301 0.0997118 -0.529704
    outer loop
      vertex -3.91388 -0.308028 1.1
      vertex -4.59624 -0.38748 0
      vertex -4.59926 -0.361969 0
    endloop
  endfacet
  facet normal 0.842304 0.099685 -0.529704
    outer loop
      vertex -4.59624 -0.38748 0
      vertex -3.91388 -0.308028 1.1
      vertex -3.87765 -0.614159 1.1
    endloop
  endfacet
  facet normal 0.471223 0.705238 -0.529706
    outer loop
      vertex -2.41054 -3.93364 0
      vertex -2.30763 -3.17619 1.1
      vertex -2.05132 -3.34745 1.1
    endloop
  endfacet
  facet normal 0.471167 0.705265 -0.529719
    outer loop
      vertex -2.30763 -3.17619 1.1
      vertex -2.41054 -3.93364 0
      vertex -2.4319 -3.91937 0
    endloop
  endfacet
  facet normal -0.816344 0.230175 -0.529718
    outer loop
      vertex 3.73383 -1.21319 1.1
      vertex 4.48601 -1.077 0
      vertex 4.47904 -1.10172 0
    endloop
  endfacet
  facet normal -0.816334 0.230245 -0.529703
    outer loop
      vertex 4.48601 -1.077 0
      vertex 3.73383 -1.21319 1.1
      vertex 3.81751 -0.916502 1.1
    endloop
  endfacet
  facet normal -0.842304 -0.0996974 -0.529702
    outer loop
      vertex 4.55668 0.721707 0
      vertex 4.59624 0.38748 0
      vertex 3.87765 0.614159 1.1
    endloop
  endfacet
  facet normal -0.165473 0.831886 -0.529702
    outer loop
      vertex 1.0518 -4.49102 0
      vertex 0.721707 -4.55668 0
      vertex 0.614159 -3.87765 1.1
    endloop
  endfacet
  facet normal 0.847528 -0.0332913 -0.529705
    outer loop
      vertex -4.60027 0.3363 0
      vertex -3.92598 0 1.1
      vertex -4.61348 0 0
    endloop
  endfacet
  facet normal 0.0332913 -0.847528 -0.529705
    outer loop
      vertex 0 4.61348 0
      vertex 0 3.92598 1.1
      vertex -0.3363 4.60027 0
    endloop
  endfacet
  facet normal -0.230245 -0.816334 -0.529703
    outer loop
      vertex 1.077 4.48601 0
      vertex 1.21319 3.73383 1.1
      vertex 0.916502 3.81751 1.1
    endloop
  endfacet
  facet normal -0.230175 -0.816344 -0.529718
    outer loop
      vertex 1.21319 3.73383 1.1
      vertex 1.077 4.48601 0
      vertex 1.10172 4.47904 0
    endloop
  endfacet
  facet normal -0.842301 -0.0997118 -0.529704
    outer loop
      vertex 3.91388 0.308028 1.1
      vertex 4.59624 0.38748 0
      vertex 4.59926 0.361969 0
    endloop
  endfacet
  facet normal -0.842304 -0.099685 -0.529704
    outer loop
      vertex 4.59624 0.38748 0
      vertex 3.91388 0.308028 1.1
      vertex 3.87765 0.614159 1.1
    endloop
  endfacet
  facet normal 0.70524 0.471218 -0.529708
    outer loop
      vertex -3.17619 -2.30763 1.1
      vertex -3.73239 -2.71174 0
      vertex -3.91937 -2.4319 0
    endloop
  endfacet
  facet normal -0.740118 -0.414295 -0.529703
    outer loop
      vertex 3.94619 2.38812 0
      vertex 3.34745 2.05132 1.1
      vertex 3.93364 2.41054 0
    endloop
  endfacet
  facet normal -0.740042 -0.41443 -0.529703
    outer loop
      vertex 3.34745 2.05132 1.1
      vertex 3.94619 2.38812 0
      vertex 3.49807 1.78236 1.1
    endloop
  endfacet
  facet normal -0.770266 0.355106 -0.529707
    outer loop
      vertex 4.25155 -1.78883 0
      vertex 4.11064 -2.09448 0
      vertex 3.49807 -1.78236 1.1
    endloop
  endfacet
  facet normal 0.414446 -0.74003 -0.529707
    outer loop
      vertex -2.09448 4.11064 0
      vertex -1.78236 3.49807 1.1
      vertex -2.38812 3.94619 0
    endloop
  endfacet
  facet normal -0.0996974 -0.842304 -0.529702
    outer loop
      vertex 0.721707 4.55668 0
      vertex 0.614159 3.87765 1.1
      vertex 0.38748 4.59624 0
    endloop
  endfacet
  facet normal 0.165473 0.831886 -0.529702
    outer loop
      vertex -1.0518 -4.49102 0
      vertex -0.916502 -3.81751 1.1
      vertex -0.614159 -3.87765 1.1
    endloop
  endfacet
  facet normal 0.16539 0.831903 -0.529702
    outer loop
      vertex -0.916502 -3.81751 1.1
      vertex -1.0518 -4.49102 0
      vertex -1.077 -4.48601 0
    endloop
  endfacet
  facet normal -0.831886 -0.165473 -0.529702
    outer loop
      vertex 4.49102 1.0518 0
      vertex 4.55668 0.721707 0
      vertex 3.87765 0.614159 1.1
    endloop
  endfacet
  facet normal 0.575754 -0.622831 -0.529707
    outer loop
      vertex -2.99622 3.50812 0
      vertex -2.54972 2.98534 1.1
      vertex -3.24336 3.27966 0
    endloop
  endfacet
  facet normal 0.575854 -0.622741 -0.529703
    outer loop
      vertex -3.24336 3.27966 0
      vertex -2.77609 2.77609 1.1
      vertex -3.26222 3.26222 0
    endloop
  endfacet
  facet normal 0.575741 -0.622846 -0.529703
    outer loop
      vertex -2.77609 2.77609 1.1
      vertex -3.24336 3.27966 0
      vertex -2.54972 2.98534 1.1
    endloop
  endfacet
  facet normal 0.666075 -0.525123 -0.529708
    outer loop
      vertex -3.52402 2.97604 0
      vertex -3.17619 2.30763 1.1
      vertex -3.73239 2.71174 0
    endloop
  endfacet
  facet normal -0.525123 -0.666075 -0.529708
    outer loop
      vertex 2.71174 3.73239 0
      vertex 2.97604 3.52402 0
      vertex 2.30763 3.17619 1.1
    endloop
  endfacet
  facet normal -0.705265 -0.471167 -0.529719
    outer loop
      vertex 3.93364 2.41054 0
      vertex 3.17619 2.30763 1.1
      vertex 3.91937 2.4319 0
    endloop
  endfacet
  facet normal -0.705238 -0.471223 -0.529706
    outer loop
      vertex 3.17619 2.30763 1.1
      vertex 3.93364 2.41054 0
      vertex 3.34745 2.05132 1.1
    endloop
  endfacet
  facet normal 0.0332913 0.847528 -0.529705
    outer loop
      vertex 0 -3.92598 1.1
      vertex 0 -4.61348 0
      vertex -0.3363 -4.60027 0
    endloop
  endfacet
  facet normal -0.831886 0.165473 -0.529702
    outer loop
      vertex 4.55668 -0.721707 0
      vertex 4.49102 -1.0518 0
      vertex 3.87765 -0.614159 1.1
    endloop
  endfacet
  facet normal 0.622831 -0.575754 -0.529707
    outer loop
      vertex -3.27966 3.24336 0
      vertex -2.98534 2.54972 1.1
      vertex -3.50812 2.99622 0
    endloop
  endfacet
  facet normal 0.0996974 0.842304 -0.529702
    outer loop
      vertex -0.614159 -3.87765 1.1
      vertex -0.38748 -4.59624 0
      vertex -0.721707 -4.55668 0
    endloop
  endfacet
  facet normal 0.099685 -0.842304 -0.529704
    outer loop
      vertex -0.38748 4.59624 0
      vertex -0.308028 3.91388 1.1
      vertex -0.614159 3.87765 1.1
    endloop
  endfacet
  facet normal 0.0997118 -0.842301 -0.529704
    outer loop
      vertex -0.308028 3.91388 1.1
      vertex -0.38748 4.59624 0
      vertex -0.361969 4.59926 0
    endloop
  endfacet
  facet normal 0.795767 -0.293542 -0.529705
    outer loop
      vertex -3.62713 1.50241 1.1
      vertex -4.27119 1.7414 0
      vertex -4.2623 1.7655 0
    endloop
  endfacet
  facet normal 0.795756 -0.293573 -0.529705
    outer loop
      vertex -4.27119 1.7414 0
      vertex -3.62713 1.50241 1.1
      vertex -3.73383 1.21319 1.1
    endloop
  endfacet
  facet normal 0.0997118 0.842301 -0.529704
    outer loop
      vertex -0.38748 -4.59624 0
      vertex -0.308028 -3.91388 1.1
      vertex -0.361969 -4.59926 0
    endloop
  endfacet
  facet normal 0.099685 0.842304 -0.529704
    outer loop
      vertex -0.308028 -3.91388 1.1
      vertex -0.38748 -4.59624 0
      vertex -0.614159 -3.87765 1.1
    endloop
  endfacet
  facet normal 0.0996974 -0.842304 -0.529702
    outer loop
      vertex -0.38748 4.59624 0
      vertex -0.614159 3.87765 1.1
      vertex -0.721707 4.55668 0
    endloop
  endfacet
  facet normal -0.795767 -0.293542 -0.529705
    outer loop
      vertex 4.27119 1.7414 0
      vertex 3.62713 1.50241 1.1
      vertex 4.2623 1.7655 0
    endloop
  endfacet
  facet normal -0.795756 -0.293573 -0.529705
    outer loop
      vertex 3.62713 1.50241 1.1
      vertex 4.27119 1.7414 0
      vertex 3.73383 1.21319 1.1
    endloop
  endfacet
  facet normal -0.0332913 -0.847528 -0.529705
    outer loop
      vertex 0 4.61348 0
      vertex 0.3363 4.60027 0
      vertex 0 3.92598 1.1
    endloop
  endfacet
  facet normal 0.165473 0.831886 -0.529702
    outer loop
      vertex -0.614159 -3.87765 1.1
      vertex -0.721707 -4.55668 0
      vertex -1.0518 -4.49102 0
    endloop
  endfacet
  facet normal 0.414446 0.74003 -0.529707
    outer loop
      vertex -1.78236 -3.49807 1.1
      vertex -2.09448 -4.11064 0
      vertex -2.38812 -3.94619 0
    endloop
  endfacet
  facet normal -0.847528 0.0332927 -0.529705
    outer loop
      vertex 4.60027 -0.3363 0
      vertex 3.91388 -0.308028 1.1
      vertex 3.92598 0 1.1
    endloop
  endfacet
  facet normal -0.847526 0.0333477 -0.529706
    outer loop
      vertex 3.91388 -0.308028 1.1
      vertex 4.60027 -0.3363 0
      vertex 4.59926 -0.361969 0
    endloop
  endfacet
  facet normal -0.666075 -0.525123 -0.529708
    outer loop
      vertex 3.52402 2.97604 0
      vertex 3.73239 2.71174 0
      vertex 3.17619 2.30763 1.1
    endloop
  endfacet
  facet normal -0.165473 -0.831886 -0.529702
    outer loop
      vertex 0.721707 4.55668 0
      vertex 1.0518 4.49102 0
      vertex 0.614159 3.87765 1.1
    endloop
  endfacet
  facet normal -0.666231 -0.524929 -0.529703
    outer loop
      vertex 3.52402 2.97604 0
      vertex 2.98534 2.54972 1.1
      vertex 3.50812 2.99622 0
    endloop
  endfacet
  facet normal -0.66609 -0.525108 -0.529703
    outer loop
      vertex 2.98534 2.54972 1.1
      vertex 3.52402 2.97604 0
      vertex 3.17619 2.30763 1.1
    endloop
  endfacet
  facet normal -0.74003 -0.414446 -0.529707
    outer loop
      vertex 3.94619 2.38812 0
      vertex 4.11064 2.09448 0
      vertex 3.49807 1.78236 1.1
    endloop
  endfacet
  facet normal -0.770266 -0.355106 -0.529707
    outer loop
      vertex 4.11064 2.09448 0
      vertex 4.25155 1.78883 0
      vertex 3.49807 1.78236 1.1
    endloop
  endfacet
  facet normal -0.831903 -0.16539 -0.529702
    outer loop
      vertex 4.49102 1.0518 0
      vertex 3.81751 0.916502 1.1
      vertex 4.48601 1.077 0
    endloop
  endfacet
  facet normal -0.831886 -0.165473 -0.529702
    outer loop
      vertex 3.81751 0.916502 1.1
      vertex 4.49102 1.0518 0
      vertex 3.87765 0.614159 1.1
    endloop
  endfacet
  facet normal -0.414325 0.739896 -0.529989
    outer loop
      vertex 2.05132 -3.34745 1.1
      vertex 1.96299 -3.4 1.09569
      vertex 1.96562 -3.39544 1.1
    endloop
  endfacet
  facet normal -0.414295 0.740118 -0.529703
    outer loop
      vertex 2.38812 -3.94619 0
      vertex 2.05132 -3.34745 1.1
      vertex 2.41054 -3.93364 0
    endloop
  endfacet
  facet normal -0.414408 0.739993 -0.529789
    outer loop
      vertex 1.96299 -3.4 1.09569
      vertex 1.78236 -3.49807 1.1
      vertex 1.95748 -3.4 1.1
    endloop
  endfacet
  facet normal -0.414427 0.740044 -0.529703
    outer loop
      vertex 2.05132 -3.34745 1.1
      vertex 2.38812 -3.94619 0
      vertex 1.96299 -3.4 1.09569
    endloop
  endfacet
  facet normal -0.414432 0.740041 -0.529703
    outer loop
      vertex 1.96299 -3.4 1.09569
      vertex 2.38812 -3.94619 0
      vertex 1.78236 -3.49807 1.1
    endloop
  endfacet
  facet normal 0.66609 0.525108 -0.529703
    outer loop
      vertex -2.98534 -2.54972 1.1
      vertex -3.52402 -2.97604 0
      vertex -3.17619 -2.30763 1.1
    endloop
  endfacet
  facet normal 0.666231 0.524929 -0.529703
    outer loop
      vertex -3.52402 -2.97604 0
      vertex -2.98534 -2.54972 1.1
      vertex -3.50812 -2.99622 0
    endloop
  endfacet
  facet normal -0.575741 -0.622846 -0.529703
    outer loop
      vertex 3.24336 3.27966 0
      vertex 2.77609 2.77609 1.1
      vertex 2.54972 2.98534 1.1
    endloop
  endfacet
  facet normal -0.575854 -0.622741 -0.529703
    outer loop
      vertex 2.77609 2.77609 1.1
      vertex 3.24336 3.27966 0
      vertex 3.26222 3.26222 0
    endloop
  endfacet
  facet normal 0.74003 0.414446 -0.529707
    outer loop
      vertex -3.49807 -1.78236 1.1
      vertex -3.94619 -2.38812 0
      vertex -4.11064 -2.09448 0
    endloop
  endfacet
  facet normal -0.0332927 -0.847528 -0.529705
    outer loop
      vertex 0.3363 4.60027 0
      vertex 0.308028 3.91388 1.1
      vertex 0 3.92598 1.1
    endloop
  endfacet
  facet normal -0.0333477 -0.847526 -0.529706
    outer loop
      vertex 0.308028 3.91388 1.1
      vertex 0.3363 4.60027 0
      vertex 0.361969 4.59926 0
    endloop
  endfacet
  facet normal -0.842304 0.0996974 -0.529702
    outer loop
      vertex 4.59624 -0.38748 0
      vertex 4.55668 -0.721707 0
      vertex 3.87765 -0.614159 1.1
    endloop
  endfacet
  facet normal -0.575854 0.622741 -0.529703
    outer loop
      vertex 3.24336 -3.27966 0
      vertex 2.77609 -2.77609 1.1
      vertex 3.26222 -3.26222 0
    endloop
  endfacet
  facet normal -0.575741 0.622846 -0.529703
    outer loop
      vertex 2.77609 -2.77609 1.1
      vertex 3.24336 -3.27966 0
      vertex 2.54972 -2.98534 1.1
    endloop
  endfacet
  facet normal -0.471223 -0.705238 -0.529706
    outer loop
      vertex 2.41054 3.93364 0
      vertex 2.30763 3.17619 1.1
      vertex 2.05132 3.34745 1.1
    endloop
  endfacet
  facet normal -0.471167 -0.705265 -0.529719
    outer loop
      vertex 2.30763 3.17619 1.1
      vertex 2.41054 3.93364 0
      vertex 2.4319 3.91937 0
    endloop
  endfacet
  facet normal -0.355106 -0.770266 -0.529707
    outer loop
      vertex 1.78883 4.25155 0
      vertex 2.09448 4.11064 0
      vertex 1.78236 3.49807 1.1
    endloop
  endfacet
  facet normal 0.524929 -0.666231 -0.529703
    outer loop
      vertex -2.97604 3.52402 0
      vertex -2.54972 2.98534 1.1
      vertex -2.99622 3.50812 0
    endloop
  endfacet
  facet normal 0.525108 -0.66609 -0.529703
    outer loop
      vertex -2.54972 2.98534 1.1
      vertex -2.97604 3.52402 0
      vertex -2.30763 3.17619 1.1
    endloop
  endfacet
  facet normal -0.770269 0.355102 -0.529705
    outer loop
      vertex 4.2623 -1.7655 0
      vertex 3.49807 -1.78236 1.1
      vertex 3.62713 -1.50241 1.1
    endloop
  endfacet
  facet normal -0.770317 0.354947 -0.529741
    outer loop
      vertex 3.49807 -1.78236 1.1
      vertex 4.2623 -1.7655 0
      vertex 4.25155 -1.78883 0
    endloop
  endfacet
  facet normal -0.099685 0.842304 -0.529704
    outer loop
      vertex 0.38748 -4.59624 0
      vertex 0.308028 -3.91388 1.1
      vertex 0.614159 -3.87765 1.1
    endloop
  endfacet
  facet normal -0.0997118 0.842301 -0.529704
    outer loop
      vertex 0.308028 -3.91388 1.1
      vertex 0.38748 -4.59624 0
      vertex 0.361969 -4.59926 0
    endloop
  endfacet
  facet normal -0.0997118 -0.842301 -0.529704
    outer loop
      vertex 0.38748 4.59624 0
      vertex 0.308028 3.91388 1.1
      vertex 0.361969 4.59926 0
    endloop
  endfacet
  facet normal -0.099685 -0.842304 -0.529704
    outer loop
      vertex 0.308028 3.91388 1.1
      vertex 0.38748 4.59624 0
      vertex 0.614159 3.87765 1.1
    endloop
  endfacet
  facet normal -0.795756 0.293573 -0.529705
    outer loop
      vertex 4.27119 -1.7414 0
      vertex 3.62713 -1.50241 1.1
      vertex 3.73383 -1.21319 1.1
    endloop
  endfacet
  facet normal -0.795767 0.293542 -0.529705
    outer loop
      vertex 3.62713 -1.50241 1.1
      vertex 4.27119 -1.7414 0
      vertex 4.2623 -1.7655 0
    endloop
  endfacet
  facet normal -0.705238 0.471223 -0.529706
    outer loop
      vertex 3.93364 -2.41054 0
      vertex 3.17619 -2.30763 1.1
      vertex 3.34745 -2.05132 1.1
    endloop
  endfacet
  facet normal -0.705265 0.471167 -0.529719
    outer loop
      vertex 3.17619 -2.30763 1.1
      vertex 3.93364 -2.41054 0
      vertex 3.91937 -2.4319 0
    endloop
  endfacet
  facet normal 0.230243 -0.816334 -0.529705
    outer loop
      vertex -1.10172 4.47904 0
      vertex -1.21319 3.73383 1.1
      vertex -1.42564 4.38768 0
    endloop
  endfacet
  facet normal 0.29357 -0.795757 -0.529704
    outer loop
      vertex -1.42564 4.38768 0
      vertex -1.21319 3.73383 1.1
      vertex -1.7414 4.27119 0
    endloop
  endfacet
  facet normal -0.575754 0.622831 -0.529707
    outer loop
      vertex 3.24336 -3.27966 0
      vertex 2.99622 -3.50812 0
      vertex 2.54972 -2.98534 1.1
    endloop
  endfacet
  facet normal -0.355102 -0.770269 -0.529705
    outer loop
      vertex 1.7655 4.2623 0
      vertex 1.78236 3.49807 1.1
      vertex 1.50241 3.62713 1.1
    endloop
  endfacet
  facet normal -0.354947 -0.770317 -0.529741
    outer loop
      vertex 1.78236 3.49807 1.1
      vertex 1.7655 4.2623 0
      vertex 1.78883 4.25155 0
    endloop
  endfacet
  facet normal -0.293542 0.795767 -0.529705
    outer loop
      vertex 1.7414 -4.27119 0
      vertex 1.50241 -3.62713 1.1
      vertex 1.7655 -4.2623 0
    endloop
  endfacet
  facet normal -0.293573 0.795756 -0.529705
    outer loop
      vertex 1.50241 -3.62713 1.1
      vertex 1.7414 -4.27119 0
      vertex 1.21319 -3.73383 1.1
    endloop
  endfacet
  facet normal 0.795757 0.29357 -0.529704
    outer loop
      vertex -3.73383 -1.21319 1.1
      vertex -4.27119 -1.7414 0
      vertex -4.38768 -1.42564 0
    endloop
  endfacet
  facet normal -0.525123 0.666075 -0.529708
    outer loop
      vertex 2.97604 -3.52402 0
      vertex 2.71174 -3.73239 0
      vertex 2.30763 -3.17619 1.1
    endloop
  endfacet
  facet normal 0.622831 0.575754 -0.529707
    outer loop
      vertex -2.98534 -2.54972 1.1
      vertex -3.27966 -3.24336 0
      vertex -3.50812 -2.99622 0
    endloop
  endfacet
  facet normal 0.575754 0.622831 -0.529707
    outer loop
      vertex -2.54972 -2.98534 1.1
      vertex -2.99622 -3.50812 0
      vertex -3.24336 -3.27966 0
    endloop
  endfacet
  facet normal 0.847528 0.0332913 -0.529705
    outer loop
      vertex -3.92598 0 1.1
      vertex -4.60027 -0.3363 0
      vertex -4.61348 0 0
    endloop
  endfacet
  facet normal -0.666075 0.525123 -0.529708
    outer loop
      vertex 3.73239 -2.71174 0
      vertex 3.52402 -2.97604 0
      vertex 3.17619 -2.30763 1.1
    endloop
  endfacet
  facet normal 0.842304 -0.0996974 -0.529702
    outer loop
      vertex -4.55668 0.721707 0
      vertex -3.87765 0.614159 1.1
      vertex -4.59624 0.38748 0
    endloop
  endfacet
  facet normal 0.74003 -0.414446 -0.529707
    outer loop
      vertex -3.94619 2.38812 0
      vertex -3.49807 1.78236 1.1
      vertex -4.11064 2.09448 0
    endloop
  endfacet
  facet normal 0.770266 -0.355106 -0.529707
    outer loop
      vertex -4.11064 2.09448 0
      vertex -3.49807 1.78236 1.1
      vertex -4.25155 1.78883 0
    endloop
  endfacet
  facet normal -0.355106 0.770266 -0.529707
    outer loop
      vertex 2.09448 -4.11064 0
      vertex 1.78883 -4.25155 0
      vertex 1.78236 -3.49807 1.1
    endloop
  endfacet
  facet normal 0.770269 0.355102 -0.529705
    outer loop
      vertex -3.49807 -1.78236 1.1
      vertex -4.2623 -1.7655 0
      vertex -3.62713 -1.50241 1.1
    endloop
  endfacet
  facet normal 0.770317 0.354947 -0.529741
    outer loop
      vertex -4.2623 -1.7655 0
      vertex -3.49807 -1.78236 1.1
      vertex -4.25155 -1.78883 0
    endloop
  endfacet
  facet normal 0.795756 0.293573 -0.529705
    outer loop
      vertex -3.62713 -1.50241 1.1
      vertex -4.27119 -1.7414 0
      vertex -3.73383 -1.21319 1.1
    endloop
  endfacet
  facet normal 0.795767 0.293542 -0.529705
    outer loop
      vertex -4.27119 -1.7414 0
      vertex -3.62713 -1.50241 1.1
      vertex -4.2623 -1.7655 0
    endloop
  endfacet
  facet normal 0.414408 0.739993 -0.529789
    outer loop
      vertex -1.78236 -3.49807 1.1
      vertex -1.96299 -3.4 1.09569
      vertex -1.95748 -3.4 1.1
    endloop
  endfacet
  facet normal 0.414432 0.740041 -0.529703
    outer loop
      vertex -1.96299 -3.4 1.09569
      vertex -1.78236 -3.49807 1.1
      vertex -2.38812 -3.94619 0
    endloop
  endfacet
  facet normal 0.414325 0.739896 -0.529989
    outer loop
      vertex -1.96299 -3.4 1.09569
      vertex -2.05132 -3.34745 1.1
      vertex -1.96562 -3.39544 1.1
    endloop
  endfacet
  facet normal 0.414427 0.740044 -0.529703
    outer loop
      vertex -2.38812 -3.94619 0
      vertex -2.05132 -3.34745 1.1
      vertex -1.96299 -3.4 1.09569
    endloop
  endfacet
  facet normal 0.414295 0.740118 -0.529703
    outer loop
      vertex -2.05132 -3.34745 1.1
      vertex -2.38812 -3.94619 0
      vertex -2.41054 -3.93364 0
    endloop
  endfacet
  facet normal -0.471218 0.70524 -0.529708
    outer loop
      vertex 2.71174 -3.73239 0
      vertex 2.4319 -3.91937 0
      vertex 2.30763 -3.17619 1.1
    endloop
  endfacet
  facet normal 0.293573 0.795756 -0.529705
    outer loop
      vertex -1.7414 -4.27119 0
      vertex -1.50241 -3.62713 1.1
      vertex -1.21319 -3.73383 1.1
    endloop
  endfacet
  facet normal 0.293542 0.795767 -0.529705
    outer loop
      vertex -1.50241 -3.62713 1.1
      vertex -1.7414 -4.27119 0
      vertex -1.7655 -4.2623 0
    endloop
  endfacet
  facet normal 0.471218 0.70524 -0.529708
    outer loop
      vertex -2.30763 -3.17619 1.1
      vertex -2.4319 -3.91937 0
      vertex -2.71174 -3.73239 0
    endloop
  endfacet
  facet normal 0.230175 -0.816344 -0.529718
    outer loop
      vertex -1.077 4.48601 0
      vertex -1.21319 3.73383 1.1
      vertex -1.10172 4.47904 0
    endloop
  endfacet
  facet normal 0.230245 -0.816334 -0.529703
    outer loop
      vertex -1.21319 3.73383 1.1
      vertex -1.077 4.48601 0
      vertex -0.916502 3.81751 1.1
    endloop
  endfacet
  facet normal -0.0333477 0.847526 -0.529706
    outer loop
      vertex 0.3363 -4.60027 0
      vertex 0.308028 -3.91388 1.1
      vertex 0.361969 -4.59926 0
    endloop
  endfacet
  facet normal -0.0332927 0.847528 -0.529705
    outer loop
      vertex 0.308028 -3.91388 1.1
      vertex 0.3363 -4.60027 0
      vertex 0 -3.92598 1.1
    endloop
  endfacet
  facet normal 0.0333477 -0.847526 -0.529706
    outer loop
      vertex -0.3363 4.60027 0
      vertex -0.308028 3.91388 1.1
      vertex -0.361969 4.59926 0
    endloop
  endfacet
  facet normal 0.0332927 -0.847528 -0.529705
    outer loop
      vertex -0.308028 3.91388 1.1
      vertex -0.3363 4.60027 0
      vertex 0 3.92598 1.1
    endloop
  endfacet
  facet normal 0.293542 -0.795767 -0.529705
    outer loop
      vertex -1.7414 4.27119 0
      vertex -1.50241 3.62713 1.1
      vertex -1.7655 4.2623 0
    endloop
  endfacet
  facet normal 0.293573 -0.795756 -0.529705
    outer loop
      vertex -1.50241 3.62713 1.1
      vertex -1.7414 4.27119 0
      vertex -1.21319 3.73383 1.1
    endloop
  endfacet
  facet normal 0.0332927 0.847528 -0.529705
    outer loop
      vertex -0.3363 -4.60027 0
      vertex -0.308028 -3.91388 1.1
      vertex 0 -3.92598 1.1
    endloop
  endfacet
  facet normal 0.0333477 0.847526 -0.529706
    outer loop
      vertex -0.308028 -3.91388 1.1
      vertex -0.3363 -4.60027 0
      vertex -0.361969 -4.59926 0
    endloop
  endfacet
  facet normal -0.230243 0.816334 -0.529705
    outer loop
      vertex 1.21319 -3.73383 1.1
      vertex 1.42564 -4.38768 0
      vertex 1.10172 -4.47904 0
    endloop
  endfacet
  facet normal 0.816344 -0.230175 -0.529718
    outer loop
      vertex -3.73383 1.21319 1.1
      vertex -4.48601 1.077 0
      vertex -4.47904 1.10172 0
    endloop
  endfacet
  facet normal 0.816334 -0.230245 -0.529703
    outer loop
      vertex -4.48601 1.077 0
      vertex -3.73383 1.21319 1.1
      vertex -3.81751 0.916502 1.1
    endloop
  endfacet
  facet normal 0.414325 -0.739896 -0.529989
    outer loop
      vertex -2.05132 3.34745 1.1
      vertex -1.96299 3.4 1.09569
      vertex -1.96562 3.39544 1.1
    endloop
  endfacet
  facet normal 0.414295 -0.740118 -0.529703
    outer loop
      vertex -2.38812 3.94619 0
      vertex -2.05132 3.34745 1.1
      vertex -2.41054 3.93364 0
    endloop
  endfacet
  facet normal 0.414408 -0.739993 -0.529789
    outer loop
      vertex -1.96299 3.4 1.09569
      vertex -1.78236 3.49807 1.1
      vertex -1.95748 3.4 1.1
    endloop
  endfacet
  facet normal 0.414427 -0.740044 -0.529703
    outer loop
      vertex -2.05132 3.34745 1.1
      vertex -2.38812 3.94619 0
      vertex -1.96299 3.4 1.09569
    endloop
  endfacet
  facet normal 0.414432 -0.740041 -0.529703
    outer loop
      vertex -1.96299 3.4 1.09569
      vertex -2.38812 3.94619 0
      vertex -1.78236 3.49807 1.1
    endloop
  endfacet
  facet normal -0.230175 0.816344 -0.529718
    outer loop
      vertex 1.077 -4.48601 0
      vertex 1.21319 -3.73383 1.1
      vertex 1.10172 -4.47904 0
    endloop
  endfacet
  facet normal -0.230245 0.816334 -0.529703
    outer loop
      vertex 1.21319 -3.73383 1.1
      vertex 1.077 -4.48601 0
      vertex 0.916502 -3.81751 1.1
    endloop
  endfacet
  facet normal 0.525108 0.66609 -0.529703
    outer loop
      vertex -2.97604 -3.52402 0
      vertex -2.54972 -2.98534 1.1
      vertex -2.30763 -3.17619 1.1
    endloop
  endfacet
  facet normal 0.524929 0.666231 -0.529703
    outer loop
      vertex -2.54972 -2.98534 1.1
      vertex -2.97604 -3.52402 0
      vertex -2.99622 -3.50812 0
    endloop
  endfacet
  facet normal 0.575741 0.622846 -0.529703
    outer loop
      vertex -3.24336 -3.27966 0
      vertex -2.77609 -2.77609 1.1
      vertex -2.54972 -2.98534 1.1
    endloop
  endfacet
  facet normal 0.575854 0.622741 -0.529703
    outer loop
      vertex -2.77609 -2.77609 1.1
      vertex -3.24336 -3.27966 0
      vertex -3.26222 -3.26222 0
    endloop
  endfacet
  facet normal 0.666075 0.525123 -0.529708
    outer loop
      vertex -3.17619 -2.30763 1.1
      vertex -3.52402 -2.97604 0
      vertex -3.73239 -2.71174 0
    endloop
  endfacet
  facet normal 0.831903 -0.16539 -0.529702
    outer loop
      vertex -3.81751 0.916502 1.1
      vertex -4.49102 1.0518 0
      vertex -4.48601 1.077 0
    endloop
  endfacet
  facet normal 0.831886 -0.165473 -0.529702
    outer loop
      vertex -4.49102 1.0518 0
      vertex -3.81751 0.916502 1.1
      vertex -3.87765 0.614159 1.1
    endloop
  endfacet
  facet normal -0.16539 0.831903 -0.529702
    outer loop
      vertex 1.0518 -4.49102 0
      vertex 0.916502 -3.81751 1.1
      vertex 1.077 -4.48601 0
    endloop
  endfacet
  facet normal -0.165473 0.831886 -0.529702
    outer loop
      vertex 0.916502 -3.81751 1.1
      vertex 1.0518 -4.49102 0
      vertex 0.614159 -3.87765 1.1
    endloop
  endfacet
  facet normal 0.842304 -0.099685 -0.529704
    outer loop
      vertex -3.91388 0.308028 1.1
      vertex -4.59624 0.38748 0
      vertex -3.87765 0.614159 1.1
    endloop
  endfacet
  facet normal 0.842301 -0.0997118 -0.529704
    outer loop
      vertex -4.59624 0.38748 0
      vertex -3.91388 0.308028 1.1
      vertex -4.59926 0.361969 0
    endloop
  endfacet
  facet normal 0.847526 -0.0333477 -0.529706
    outer loop
      vertex -3.91388 0.308028 1.1
      vertex -4.60027 0.3363 0
      vertex -4.59926 0.361969 0
    endloop
  endfacet
  facet normal 0.847528 -0.0332927 -0.529705
    outer loop
      vertex -4.60027 0.3363 0
      vertex -3.91388 0.308028 1.1
      vertex -3.92598 0 1.1
    endloop
  endfacet
  facet normal 0.740042 0.41443 -0.529703
    outer loop
      vertex -3.34745 -2.05132 1.1
      vertex -3.94619 -2.38812 0
      vertex -3.49807 -1.78236 1.1
    endloop
  endfacet
  facet normal 0.740118 0.414295 -0.529703
    outer loop
      vertex -3.94619 -2.38812 0
      vertex -3.34745 -2.05132 1.1
      vertex -3.93364 -2.41054 0
    endloop
  endfacet
  facet normal -0.70524 0.471218 -0.529708
    outer loop
      vertex 3.91937 -2.4319 0
      vertex 3.73239 -2.71174 0
      vertex 3.17619 -2.30763 1.1
    endloop
  endfacet
  facet normal -0.66609 0.525108 -0.529703
    outer loop
      vertex 3.52402 -2.97604 0
      vertex 2.98534 -2.54972 1.1
      vertex 3.17619 -2.30763 1.1
    endloop
  endfacet
  facet normal -0.666231 0.524929 -0.529703
    outer loop
      vertex 2.98534 -2.54972 1.1
      vertex 3.52402 -2.97604 0
      vertex 3.50812 -2.99622 0
    endloop
  endfacet
  facet normal 0.831886 0.165473 -0.529702
    outer loop
      vertex -3.81751 -0.916502 1.1
      vertex -4.49102 -1.0518 0
      vertex -3.87765 -0.614159 1.1
    endloop
  endfacet
  facet normal 0.831903 0.16539 -0.529702
    outer loop
      vertex -4.49102 -1.0518 0
      vertex -3.81751 -0.916502 1.1
      vertex -4.48601 -1.077 0
    endloop
  endfacet
  facet normal 0 0 -1
    outer loop
      vertex -2.30763 -3.17619 1.1
      vertex -1.96562 -3.39544 1.1
      vertex -2.05132 -3.34745 1.1
    endloop
  endfacet
  facet normal 0 0 -1
    outer loop
      vertex -2.54972 -2.98534 1.1
      vertex -1.96562 -3.39544 1.1
      vertex -2.30763 -3.17619 1.1
    endloop
  endfacet
  facet normal 0 0 -1
    outer loop
      vertex -2.77609 -2.77609 1.1
      vertex -1.96562 -3.39544 1.1
      vertex -2.54972 -2.98534 1.1
    endloop
  endfacet
  facet normal 0 0 -1
    outer loop
      vertex -2.98534 -2.54972 1.1
      vertex -1.96562 -3.39544 1.1
      vertex -2.77609 -2.77609 1.1
    endloop
  endfacet
  facet normal 0 0 -1
    outer loop
      vertex -3.17619 -2.30763 1.1
      vertex -1.96562 -3.39544 1.1
      vertex -2.98534 -2.54972 1.1
    endloop
  endfacet
  facet normal 0 0 -1
    outer loop
      vertex -3.34745 -2.05132 1.1
      vertex -1.96562 -3.39544 1.1
      vertex -3.17619 -2.30763 1.1
    endloop
  endfacet
  facet normal 0 0 -1
    outer loop
      vertex -3.49807 -1.78236 1.1
      vertex -1.96562 -3.39544 1.1
      vertex -3.34745 -2.05132 1.1
    endloop
  endfacet
  facet normal 0 0 -1
    outer loop
      vertex -3.62713 -1.50241 1.1
      vertex -1.96562 -3.39544 1.1
      vertex -3.49807 -1.78236 1.1
    endloop
  endfacet
  facet normal 0 0 -1
    outer loop
      vertex -3.73383 -1.21319 1.1
      vertex -1.96562 -3.39544 1.1
      vertex -3.62713 -1.50241 1.1
    endloop
  endfacet
  facet normal 0 0 -1
    outer loop
      vertex -3.81751 -0.916502 1.1
      vertex -1.96562 -3.39544 1.1
      vertex -3.73383 -1.21319 1.1
    endloop
  endfacet
  facet normal 0 0 -1
    outer loop
      vertex -3.87765 -0.614159 1.1
      vertex -1.96562 -3.39544 1.1
      vertex -3.81751 -0.916502 1.1
    endloop
  endfacet
  facet normal 0 0 -1
    outer loop
      vertex -3.91388 -0.308028 1.1
      vertex -1.96562 -3.39544 1.1
      vertex -3.87765 -0.614159 1.1
    endloop
  endfacet
  facet normal 0 0 -1
    outer loop
      vertex -1.96562 -3.39544 1.1
      vertex -3.91388 -0.308028 1.1
      vertex -3.92598 0 1.1
    endloop
  endfacet
  facet normal 0 0 -1
    outer loop
      vertex 3.92598 0 1.1
      vertex 3.87765 0.614159 1.1
      vertex 3.91388 0.308028 1.1
    endloop
  endfacet
  facet normal 0 0 -1
    outer loop
      vertex 3.92598 0 1.1
      vertex 3.81751 0.916502 1.1
      vertex 3.87765 0.614159 1.1
    endloop
  endfacet
  facet normal 0 0 -1
    outer loop
      vertex 3.92598 0 1.1
      vertex 3.73383 1.21319 1.1
      vertex 3.81751 0.916502 1.1
    endloop
  endfacet
  facet normal 0 0 -1
    outer loop
      vertex 3.92598 0 1.1
      vertex 3.62713 1.50241 1.1
      vertex 3.73383 1.21319 1.1
    endloop
  endfacet
  facet normal 0 0 -1
    outer loop
      vertex 3.92598 0 1.1
      vertex 3.49807 1.78236 1.1
      vertex 3.62713 1.50241 1.1
    endloop
  endfacet
  facet normal 0 0 -1
    outer loop
      vertex 3.92598 0 1.1
      vertex 3.34745 2.05132 1.1
      vertex 3.49807 1.78236 1.1
    endloop
  endfacet
  facet normal 0 0 -1
    outer loop
      vertex 3.92598 0 1.1
      vertex 3.17619 2.30763 1.1
      vertex 3.34745 2.05132 1.1
    endloop
  endfacet
  facet normal 0 0 -1
    outer loop
      vertex 3.92598 0 1.1
      vertex 2.98534 2.54972 1.1
      vertex 3.17619 2.30763 1.1
    endloop
  endfacet
  facet normal 0 0 -1
    outer loop
      vertex 3.92598 0 1.1
      vertex 2.77609 2.77609 1.1
      vertex 2.98534 2.54972 1.1
    endloop
  endfacet
  facet normal 0 0 -1
    outer loop
      vertex 3.92598 0 1.1
      vertex 2.54972 2.98534 1.1
      vertex 2.77609 2.77609 1.1
    endloop
  endfacet
  facet normal 0 0 -1
    outer loop
      vertex 3.92598 0 1.1
      vertex 2.30763 3.17619 1.1
      vertex 2.54972 2.98534 1.1
    endloop
  endfacet
  facet normal 0 0 -1
    outer loop
      vertex 1.96562 3.39544 1.1
      vertex 2.30763 3.17619 1.1
      vertex 3.92598 0 1.1
    endloop
  endfacet
  facet normal 0 0 -1
    outer loop
      vertex 2.30763 3.17619 1.1
      vertex 1.96562 3.39544 1.1
      vertex 2.05132 3.34745 1.1
    endloop
  endfacet
  facet normal 0 0 -1
    outer loop
      vertex -1.96562 3.39544 1.1
      vertex -2.30763 3.17619 1.1
      vertex -2.05132 3.34745 1.1
    endloop
  endfacet
  facet normal 0 0 -1
    outer loop
      vertex -1.96562 3.39544 1.1
      vertex -2.54972 2.98534 1.1
      vertex -2.30763 3.17619 1.1
    endloop
  endfacet
  facet normal 0 0 -1
    outer loop
      vertex -1.96562 3.39544 1.1
      vertex -2.77609 2.77609 1.1
      vertex -2.54972 2.98534 1.1
    endloop
  endfacet
  facet normal 0 0 -1
    outer loop
      vertex -1.96562 3.39544 1.1
      vertex -2.98534 2.54972 1.1
      vertex -2.77609 2.77609 1.1
    endloop
  endfacet
  facet normal 0 0 -1
    outer loop
      vertex -1.96562 3.39544 1.1
      vertex -3.17619 2.30763 1.1
      vertex -2.98534 2.54972 1.1
    endloop
  endfacet
  facet normal 0 0 -1
    outer loop
      vertex -1.96562 3.39544 1.1
      vertex -3.34745 2.05132 1.1
      vertex -3.17619 2.30763 1.1
    endloop
  endfacet
  facet normal 0 0 -1
    outer loop
      vertex -1.96562 3.39544 1.1
      vertex -3.49807 1.78236 1.1
      vertex -3.34745 2.05132 1.1
    endloop
  endfacet
  facet normal 0 0 -1
    outer loop
      vertex -1.96562 3.39544 1.1
      vertex -3.62713 1.50241 1.1
      vertex -3.49807 1.78236 1.1
    endloop
  endfacet
  facet normal 0 0 -1
    outer loop
      vertex -1.96562 3.39544 1.1
      vertex -3.73383 1.21319 1.1
      vertex -3.62713 1.50241 1.1
    endloop
  endfacet
  facet normal 0 0 -1
    outer loop
      vertex -1.96562 3.39544 1.1
      vertex -3.81751 0.916502 1.1
      vertex -3.73383 1.21319 1.1
    endloop
  endfacet
  facet normal 0 0 -1
    outer loop
      vertex -1.96562 3.39544 1.1
      vertex -3.87765 0.614159 1.1
      vertex -3.81751 0.916502 1.1
    endloop
  endfacet
  facet normal 0 0 -1
    outer loop
      vertex -1.96562 3.39544 1.1
      vertex -3.91388 0.308028 1.1
      vertex -3.87765 0.614159 1.1
    endloop
  endfacet
  facet normal 0 -0 -1
    outer loop
      vertex -3.91388 0.308028 1.1
      vertex -1.96562 3.39544 1.1
      vertex -3.92598 0 1.1
    endloop
  endfacet
  facet normal 0 0 -1
    outer loop
      vertex 3.87765 -0.614159 1.1
      vertex 3.92598 0 1.1
      vertex 3.91388 -0.308028 1.1
    endloop
  endfacet
  facet normal 0 0 -1
    outer loop
      vertex 3.81751 -0.916502 1.1
      vertex 3.92598 0 1.1
      vertex 3.87765 -0.614159 1.1
    endloop
  endfacet
  facet normal 0 0 -1
    outer loop
      vertex 3.73383 -1.21319 1.1
      vertex 3.92598 0 1.1
      vertex 3.81751 -0.916502 1.1
    endloop
  endfacet
  facet normal 0 0 -1
    outer loop
      vertex 3.62713 -1.50241 1.1
      vertex 3.92598 0 1.1
      vertex 3.73383 -1.21319 1.1
    endloop
  endfacet
  facet normal 0 0 -1
    outer loop
      vertex 3.49807 -1.78236 1.1
      vertex 3.92598 0 1.1
      vertex 3.62713 -1.50241 1.1
    endloop
  endfacet
  facet normal 0 0 -1
    outer loop
      vertex 3.34745 -2.05132 1.1
      vertex 3.92598 0 1.1
      vertex 3.49807 -1.78236 1.1
    endloop
  endfacet
  facet normal 0 0 -1
    outer loop
      vertex 3.17619 -2.30763 1.1
      vertex 3.92598 0 1.1
      vertex 3.34745 -2.05132 1.1
    endloop
  endfacet
  facet normal 0 0 -1
    outer loop
      vertex 2.98534 -2.54972 1.1
      vertex 3.92598 0 1.1
      vertex 3.17619 -2.30763 1.1
    endloop
  endfacet
  facet normal 0 0 -1
    outer loop
      vertex 2.77609 -2.77609 1.1
      vertex 3.92598 0 1.1
      vertex 2.98534 -2.54972 1.1
    endloop
  endfacet
  facet normal 0 0 -1
    outer loop
      vertex 2.54972 -2.98534 1.1
      vertex 3.92598 0 1.1
      vertex 2.77609 -2.77609 1.1
    endloop
  endfacet
  facet normal 0 0 -1
    outer loop
      vertex 2.30763 -3.17619 1.1
      vertex 3.92598 0 1.1
      vertex 2.54972 -2.98534 1.1
    endloop
  endfacet
  facet normal 0 0 -1
    outer loop
      vertex 1.96562 -3.39544 1.1
      vertex 2.30763 -3.17619 1.1
      vertex 2.05132 -3.34745 1.1
    endloop
  endfacet
  facet normal -0 0 -1
    outer loop
      vertex 2.30763 -3.17619 1.1
      vertex 1.96562 -3.39544 1.1
      vertex 3.92598 0 1.1
    endloop
  endfacet
  facet normal 0 0 -1
    outer loop
      vertex 1.50241 -3.62713 1.1
      vertex 1.95748 -3.4 1.1
      vertex 1.78236 -3.49807 1.1
    endloop
  endfacet
  facet normal 0 0 -1
    outer loop
      vertex 1.21319 -3.73383 1.1
      vertex 1.95748 -3.4 1.1
      vertex 1.50241 -3.62713 1.1
    endloop
  endfacet
  facet normal 0 0 -1
    outer loop
      vertex 0.916502 -3.81751 1.1
      vertex 1.95748 -3.4 1.1
      vertex 1.21319 -3.73383 1.1
    endloop
  endfacet
  facet normal 0 0 -1
    outer loop
      vertex 0.614159 -3.87765 1.1
      vertex 1.95748 -3.4 1.1
      vertex 0.916502 -3.81751 1.1
    endloop
  endfacet
  facet normal 0 0 -1
    outer loop
      vertex 0.308028 -3.91388 1.1
      vertex 1.95748 -3.4 1.1
      vertex 0.614159 -3.87765 1.1
    endloop
  endfacet
  facet normal 0 0 -1
    outer loop
      vertex 0 -3.92598 1.1
      vertex 1.95748 -3.4 1.1
      vertex 0.308028 -3.91388 1.1
    endloop
  endfacet
  facet normal 0 0 -1
    outer loop
      vertex -0.308028 -3.91388 1.1
      vertex 1.95748 -3.4 1.1
      vertex 0 -3.92598 1.1
    endloop
  endfacet
  facet normal 0 0 -1
    outer loop
      vertex -0.614159 -3.87765 1.1
      vertex 1.95748 -3.4 1.1
      vertex -0.308028 -3.91388 1.1
    endloop
  endfacet
  facet normal 0 0 -1
    outer loop
      vertex -0.916502 -3.81751 1.1
      vertex 1.95748 -3.4 1.1
      vertex -0.614159 -3.87765 1.1
    endloop
  endfacet
  facet normal 0 0 -1
    outer loop
      vertex -1.21319 -3.73383 1.1
      vertex 1.95748 -3.4 1.1
      vertex -0.916502 -3.81751 1.1
    endloop
  endfacet
  facet normal 0 0 -1
    outer loop
      vertex -1.50241 -3.62713 1.1
      vertex 1.95748 -3.4 1.1
      vertex -1.21319 -3.73383 1.1
    endloop
  endfacet
  facet normal 0 0 -1
    outer loop
      vertex -1.95748 -3.4 1.1
      vertex -1.50241 -3.62713 1.1
      vertex -1.78236 -3.49807 1.1
    endloop
  endfacet
  facet normal 0 0 -1
    outer loop
      vertex -1.50241 -3.62713 1.1
      vertex -1.95748 -3.4 1.1
      vertex 1.95748 -3.4 1.1
    endloop
  endfacet
  facet normal 0 0 -1
    outer loop
      vertex 1.95748 3.4 1.1
      vertex 1.50241 3.62713 1.1
      vertex 1.78236 3.49807 1.1
    endloop
  endfacet
  facet normal 0 0 -1
    outer loop
      vertex 1.95748 3.4 1.1
      vertex 1.21319 3.73383 1.1
      vertex 1.50241 3.62713 1.1
    endloop
  endfacet
  facet normal 0 0 -1
    outer loop
      vertex 1.95748 3.4 1.1
      vertex 0.916502 3.81751 1.1
      vertex 1.21319 3.73383 1.1
    endloop
  endfacet
  facet normal 0 0 -1
    outer loop
      vertex 1.95748 3.4 1.1
      vertex 0.614159 3.87765 1.1
      vertex 0.916502 3.81751 1.1
    endloop
  endfacet
  facet normal 0 0 -1
    outer loop
      vertex 1.95748 3.4 1.1
      vertex 0.308028 3.91388 1.1
      vertex 0.614159 3.87765 1.1
    endloop
  endfacet
  facet normal 0 0 -1
    outer loop
      vertex 1.95748 3.4 1.1
      vertex 0 3.92598 1.1
      vertex 0.308028 3.91388 1.1
    endloop
  endfacet
  facet normal 0 0 -1
    outer loop
      vertex 1.95748 3.4 1.1
      vertex -0.308028 3.91388 1.1
      vertex 0 3.92598 1.1
    endloop
  endfacet
  facet normal 0 0 -1
    outer loop
      vertex 1.95748 3.4 1.1
      vertex -0.614159 3.87765 1.1
      vertex -0.308028 3.91388 1.1
    endloop
  endfacet
  facet normal 0 0 -1
    outer loop
      vertex 1.95748 3.4 1.1
      vertex -0.916502 3.81751 1.1
      vertex -0.614159 3.87765 1.1
    endloop
  endfacet
  facet normal 0 0 -1
    outer loop
      vertex 1.95748 3.4 1.1
      vertex -1.21319 3.73383 1.1
      vertex -0.916502 3.81751 1.1
    endloop
  endfacet
  facet normal 0 0 -1
    outer loop
      vertex 1.95748 3.4 1.1
      vertex -1.50241 3.62713 1.1
      vertex -1.21319 3.73383 1.1
    endloop
  endfacet
  facet normal 0 0 -1
    outer loop
      vertex -1.95748 3.4 1.1
      vertex -1.50241 3.62713 1.1
      vertex 1.95748 3.4 1.1
    endloop
  endfacet
  facet normal 0 0 -1
    outer loop
      vertex -1.50241 3.62713 1.1
      vertex -1.95748 3.4 1.1
      vertex -1.78236 3.49807 1.1
    endloop
  endfacet
  facet normal 0.865751 -0.500475 0
    outer loop
      vertex -1.57539 2.72135 20.7
      vertex -1.57328 2.725 11.8
      vertex -1.57328 2.725 20.7035
    endloop
  endfacet
  facet normal 0.866026 -0.499999 2.60237e-07
    outer loop
      vertex -3.14656 0 20.7
      vertex -1.57328 2.725 11.8
      vertex -1.57539 2.72135 20.7
    endloop
  endfacet
  facet normal 0.866025 -0.5 0
    outer loop
      vertex -1.57328 2.725 11.8
      vertex -3.14656 0 20.7
      vertex -3.14656 0 11.8
    endloop
  endfacet
  facet normal 0 0 1
    outer loop
      vertex 1.57328 2.725 11.8
      vertex 1.57328 -2.725 11.8
      vertex 3.14656 0 11.8
    endloop
  endfacet
  facet normal -0 0 1
    outer loop
      vertex -1.57328 2.725 11.8
      vertex 1.57328 -2.725 11.8
      vertex 1.57328 2.725 11.8
    endloop
  endfacet
  facet normal 0 0 1
    outer loop
      vertex -1.57328 2.725 11.8
      vertex -1.57328 -2.725 11.8
      vertex 1.57328 -2.725 11.8
    endloop
  endfacet
  facet normal 0 -0 1
    outer loop
      vertex -1.57328 -2.725 11.8
      vertex -1.57328 2.725 11.8
      vertex -3.14656 0 11.8
    endloop
  endfacet
  facet normal -0.866026 0.499999 0
    outer loop
      vertex 3.14656 0 11.8
      vertex 1.57539 -2.72135 20.7
      vertex 3.14656 0 20.7
    endloop
  endfacet
  facet normal -0.866025 0.5 2.59888e-07
    outer loop
      vertex 1.57328 -2.725 11.8
      vertex 1.57539 -2.72135 20.7
      vertex 3.14656 0 11.8
    endloop
  endfacet
  facet normal -0.865751 0.500475 0
    outer loop
      vertex 1.57539 -2.72135 20.7
      vertex 1.57328 -2.725 11.8
      vertex 1.57328 -2.725 20.7035
    endloop
  endfacet
  facet normal 0.866026 0.499999 0
    outer loop
      vertex -1.57539 -2.72135 20.7
      vertex -3.14656 0 11.8
      vertex -3.14656 0 20.7
    endloop
  endfacet
  facet normal 0.865751 0.500475 -0
    outer loop
      vertex -1.57328 -2.725 11.8
      vertex -1.57539 -2.72135 20.7
      vertex -1.57328 -2.725 20.7035
    endloop
  endfacet
  facet normal 0.866025 0.5 2.59888e-07
    outer loop
      vertex -1.57539 -2.72135 20.7
      vertex -1.57328 -2.725 11.8
      vertex -3.14656 0 11.8
    endloop
  endfacet
  facet normal 0 -1 -0
    outer loop
      vertex -1.56887 2.725 20.7
      vertex -1.57328 2.725 11.8
      vertex 1.56887 2.725 20.7
    endloop
  endfacet
  facet normal 0 -1 0
    outer loop
      vertex -1.57328 2.725 11.8
      vertex -1.56887 2.725 20.7
      vertex -1.57328 2.725 20.7035
    endloop
  endfacet
  facet normal 0 -1 0
    outer loop
      vertex 1.57328 2.725 11.8
      vertex 1.56887 2.725 20.7
      vertex -1.57328 2.725 11.8
    endloop
  endfacet
  facet normal 0 -1 0
    outer loop
      vertex 1.56887 2.725 20.7
      vertex 1.57328 2.725 11.8
      vertex 1.57328 2.725 20.7035
    endloop
  endfacet
  facet normal 0 1 0
    outer loop
      vertex 1.56887 -2.725 20.7
      vertex 1.57328 -2.725 11.8
      vertex -1.56887 -2.725 20.7
    endloop
  endfacet
  facet normal 0 1 -0
    outer loop
      vertex 1.57328 -2.725 11.8
      vertex 1.56887 -2.725 20.7
      vertex 1.57328 -2.725 20.7035
    endloop
  endfacet
  facet normal 0 1 0
    outer loop
      vertex -1.57328 -2.725 11.8
      vertex -1.56887 -2.725 20.7
      vertex 1.57328 -2.725 11.8
    endloop
  endfacet
  facet normal 0 1 0
    outer loop
      vertex -1.56887 -2.725 20.7
      vertex -1.57328 -2.725 11.8
      vertex -1.57328 -2.725 20.7035
    endloop
  endfacet
  facet normal -0.865751 -0.500475 0
    outer loop
      vertex 1.57328 2.725 11.8
      vertex 1.57539 2.72135 20.7
      vertex 1.57328 2.725 20.7035
    endloop
  endfacet
  facet normal -0.866025 -0.5 2.59888e-07
    outer loop
      vertex 3.14656 0 11.8
      vertex 1.57539 2.72135 20.7
      vertex 1.57328 2.725 11.8
    endloop
  endfacet
  facet normal -0.866026 -0.499999 0
    outer loop
      vertex 1.57539 2.72135 20.7
      vertex 3.14656 0 11.8
      vertex 3.14656 0 20.7
    endloop
  endfacet
  facet normal -0.847529 -0.0333002 0.529704
    outer loop
      vertex 3.14656 0 20.7
      vertex 3.83325 0.0205731 21.8
      vertex 3.13686 0.246876 20.7
    endloop
  endfacet
  facet normal -0.847526 -0.0333686 0.529704
    outer loop
      vertex 3.83325 0.0205731 21.8
      vertex 3.14656 0 20.7
      vertex 3.83406 0 21.8
    endloop
  endfacet
  facet normal -0.41419 -0.740139 0.529755
    outer loop
      vertex 1.64407 2.68288 20.7
      vertex 1.74063 3.41617 21.8
      vertex 1.57328 2.725 20.7035
    endloop
  endfacet
  facet normal -0.414558 -0.739969 0.529704
    outer loop
      vertex 1.42851 2.8036 20.7
      vertex 1.57328 2.725 20.7035
      vertex 1.74063 3.41617 21.8
    endloop
  endfacet
  facet normal -0.416071 -0.742999 0.524249
    outer loop
      vertex 1.57328 2.725 20.7035
      vertex 1.42851 2.8036 20.7
      vertex 1.56887 2.725 20.7
    endloop
  endfacet
  facet normal -0.416227 -0.743084 0.524005
    outer loop
      vertex 1.64407 2.68288 20.7
      vertex 1.57328 2.725 20.7035
      vertex 1.57539 2.72135 20.7
    endloop
  endfacet
  facet normal -0.414503 -0.740007 0.529695
    outer loop
      vertex 1.74063 3.41617 21.8
      vertex 1.64407 2.68288 20.7
      vertex 1.75859 3.40611 21.8
    endloop
  endfacet
  facet normal -0.705241 -0.471219 0.529706
    outer loop
      vertex 3.26907 2.00329 21.8
      vertex 3.11326 2.23648 21.8
      vertex 2.68288 1.64407 20.7
    endloop
  endfacet
  facet normal -0.666094 -0.525103 0.529703
    outer loop
      vertex 3.08907 2.26977 21.8
      vertex 2.91544 2.49002 21.8
      vertex 2.39266 2.04353 20.7
    endloop
  endfacet
  facet normal -0.847528 -0.033297 0.529705
    outer loop
      vertex 3.83325 0.0205731 21.8
      vertex 3.82224 0.300817 21.8
      vertex 3.13686 0.246876 20.7
    endloop
  endfacet
  facet normal -0.831889 0.165458 0.529702
    outer loop
      vertex 3.73214 -0.874849 21.8
      vertex 3.78685 -0.599778 21.8
      vertex 3.10782 -0.492229 20.7
    endloop
  endfacet
  facet normal 0.29357 0.795757 0.529706
    outer loop
      vertex -1.20411 -3.63928 21.8
      vertex -1.20414 -2.90704 20.7
      vertex -1.46723 -3.54221 21.8
    endloop
  endfacet
  facet normal -0.740033 0.414443 0.529706
    outer loop
      vertex 3.26907 -2.00329 21.8
      vertex 3.40611 -1.75859 21.8
      vertex 2.68288 -1.64407 20.7
    endloop
  endfacet
  facet normal 0.23025 0.816329 0.52971
    outer loop
      vertex -0.97234 -2.99255 20.7
      vertex -1.16497 -3.652 21.8
      vertex -0.73455 -3.05962 20.7
    endloop
  endfacet
  facet normal 0.230237 0.816332 0.52971
    outer loop
      vertex -1.16497 -3.652 21.8
      vertex -0.97234 -2.99255 20.7
      vertex -1.18479 -3.64641 21.8
    endloop
  endfacet
  facet normal -0.795757 0.29357 0.529706
    outer loop
      vertex 3.54221 -1.46723 21.8
      vertex 3.63928 -1.20411 21.8
      vertex 2.90704 -1.20414 20.7
    endloop
  endfacet
  facet normal 0.705241 -0.471219 0.529706
    outer loop
      vertex -2.68288 1.64407 20.7
      vertex -3.11326 2.23648 21.8
      vertex -3.26907 2.00329 21.8
    endloop
  endfacet
  facet normal -0.525103 -0.666094 0.529703
    outer loop
      vertex 2.49002 2.91544 21.8
      vertex 2.26977 3.08907 21.8
      vertex 2.04353 2.39266 20.7
    endloop
  endfacet
  facet normal 0.740033 0.414441 0.529707
    outer loop
      vertex -3.41617 -1.74063 21.8
      vertex -2.68288 -1.64407 20.7
      vertex -2.8036 -1.42851 20.7
    endloop
  endfacet
  facet normal 0.740007 0.414503 0.529695
    outer loop
      vertex -2.68288 -1.64407 20.7
      vertex -3.41617 -1.74063 21.8
      vertex -3.40611 -1.75859 21.8
    endloop
  endfacet
  facet normal -0.471219 -0.705241 0.529706
    outer loop
      vertex 2.23648 3.11326 21.8
      vertex 2.00329 3.26907 21.8
      vertex 1.64407 2.68288 20.7
    endloop
  endfacet
  facet normal 0.666094 0.525103 0.529703
    outer loop
      vertex -2.91544 -2.49002 21.8
      vertex -2.39266 -2.04353 20.7
      vertex -3.08907 -2.26977 21.8
    endloop
  endfacet
  facet normal 0.355103 0.770268 0.529707
    outer loop
      vertex -1.48593 -3.53359 21.8
      vertex -1.42851 -2.8036 20.7
      vertex -1.74063 -3.41617 21.8
    endloop
  endfacet
  facet normal -0.033297 -0.847528 0.529705
    outer loop
      vertex 0.246876 3.13686 20.7
      vertex 0.300817 3.82224 21.8
      vertex 0.0205731 3.83325 21.8
    endloop
  endfacet
  facet normal 0.740007 -0.414503 0.529695
    outer loop
      vertex -3.41617 1.74063 21.8
      vertex -2.68288 1.64407 20.7
      vertex -3.40611 1.75859 21.8
    endloop
  endfacet
  facet normal 0.740033 -0.414441 0.529707
    outer loop
      vertex -2.68288 1.64407 20.7
      vertex -3.41617 1.74063 21.8
      vertex -2.8036 1.42851 20.7
    endloop
  endfacet
  facet normal 0.740033 0.414443 0.529706
    outer loop
      vertex -3.26907 -2.00329 21.8
      vertex -2.68288 -1.64407 20.7
      vertex -3.40611 -1.75859 21.8
    endloop
  endfacet
  facet normal 0.847526 -0.0333686 0.529704
    outer loop
      vertex -3.14656 0 20.7
      vertex -3.83325 0.0205731 21.8
      vertex -3.83406 0 21.8
    endloop
  endfacet
  facet normal 0.847529 -0.0333002 0.529704
    outer loop
      vertex -3.83325 0.0205731 21.8
      vertex -3.14656 0 20.7
      vertex -3.13686 0.246876 20.7
    endloop
  endfacet
  facet normal -0.525103 0.666094 0.529703
    outer loop
      vertex 2.26977 -3.08907 21.8
      vertex 2.49002 -2.91544 21.8
      vertex 2.04353 -2.39266 20.7
    endloop
  endfacet
  facet normal -0.831885 0.16547 0.529704
    outer loop
      vertex 3.05962 -0.73455 20.7
      vertex 3.73214 -0.874849 21.8
      vertex 3.10782 -0.492229 20.7
    endloop
  endfacet
  facet normal -0.831858 0.165605 0.529705
    outer loop
      vertex 3.73214 -0.874849 21.8
      vertex 3.05962 -0.73455 20.7
      vertex 3.72812 -0.895042 21.8
    endloop
  endfacet
  facet normal -0.666094 0.525103 0.529703
    outer loop
      vertex 2.91544 -2.49002 21.8
      vertex 3.08907 -2.26977 21.8
      vertex 2.39266 -2.04353 20.7
    endloop
  endfacet
  facet normal -0.816329 0.23025 0.52971
    outer loop
      vertex 2.99255 -0.97234 20.7
      vertex 3.652 -1.16497 21.8
      vertex 3.05962 -0.73455 20.7
    endloop
  endfacet
  facet normal -0.816332 0.230237 0.52971
    outer loop
      vertex 3.652 -1.16497 21.8
      vertex 2.99255 -0.97234 20.7
      vertex 3.64641 -1.18479 21.8
    endloop
  endfacet
  facet normal -0.29357 0.795757 0.529706
    outer loop
      vertex 1.46723 -3.54221 21.8
      vertex 1.20414 -2.90704 20.7
      vertex 1.20411 -3.63928 21.8
    endloop
  endfacet
  facet normal -0.816344 0.23021 0.529703
    outer loop
      vertex 3.652 -1.16497 21.8
      vertex 3.72812 -0.895042 21.8
      vertex 3.05962 -0.73455 20.7
    endloop
  endfacet
  facet normal 0.62285 -0.575732 0.529708
    outer loop
      vertex -2.22495 2.22495 20.7
      vertex -2.71109 2.71109 21.8
      vertex -2.90146 2.50514 21.8
    endloop
  endfacet
  facet normal -0.740033 0.414441 0.529707
    outer loop
      vertex 2.68288 -1.64407 20.7
      vertex 3.41617 -1.74063 21.8
      vertex 2.8036 -1.42851 20.7
    endloop
  endfacet
  facet normal -0.740007 0.414503 0.529695
    outer loop
      vertex 3.41617 -1.74063 21.8
      vertex 2.68288 -1.64407 20.7
      vertex 3.40611 -1.75859 21.8
    endloop
  endfacet
  facet normal 0.165458 -0.831889 0.529702
    outer loop
      vertex -0.492229 3.10782 20.7
      vertex -0.599778 3.78685 21.8
      vertex -0.874849 3.73214 21.8
    endloop
  endfacet
  facet normal 0.033297 0.847528 0.529705
    outer loop
      vertex -0.0205731 -3.83325 21.8
      vertex -0.246876 -3.13686 20.7
      vertex -0.300817 -3.82224 21.8
    endloop
  endfacet
  facet normal -0.575825 0.622781 0.529689
    outer loop
      vertex 2.22495 -2.22495 20.7
      vertex 2.49002 -2.91544 21.8
      vertex 2.50514 -2.90146 21.8
    endloop
  endfacet
  facet normal -0.57576 0.622828 0.529703
    outer loop
      vertex 2.49002 -2.91544 21.8
      vertex 2.22495 -2.22495 20.7
      vertex 2.04353 -2.39266 20.7
    endloop
  endfacet
  facet normal 0.666093 0.525103 0.529705
    outer loop
      vertex -3.10182 -2.2536 21.8
      vertex -2.39266 -2.04353 20.7
      vertex -2.54562 -1.8495 20.7
    endloop
  endfacet
  facet normal 0.666047 0.525177 0.529689
    outer loop
      vertex -2.39266 -2.04353 20.7
      vertex -3.10182 -2.2536 21.8
      vertex -3.08907 -2.26977 21.8
    endloop
  endfacet
  facet normal 0.0333002 -0.847529 0.529704
    outer loop
      vertex 0 3.14656 20.7
      vertex -0.0205731 3.83325 21.8
      vertex -0.246876 3.13686 20.7
    endloop
  endfacet
  facet normal 0.0333686 -0.847526 0.529704
    outer loop
      vertex -0.0205731 3.83325 21.8
      vertex 0 3.14656 20.7
      vertex 0 3.83406 21.8
    endloop
  endfacet
  facet normal -0.62285 0.575732 0.529708
    outer loop
      vertex 2.71109 -2.71109 21.8
      vertex 2.90146 -2.50514 21.8
      vertex 2.22495 -2.22495 20.7
    endloop
  endfacet
  facet normal -0.471215 -0.705244 0.529705
    outer loop
      vertex 1.8495 2.54562 20.7
      vertex 2.23648 3.11326 21.8
      vertex 1.64407 2.68288 20.7
    endloop
  endfacet
  facet normal -0.471247 -0.705223 0.529705
    outer loop
      vertex 2.23648 3.11326 21.8
      vertex 1.8495 2.54562 20.7
      vertex 2.2536 3.10182 21.8
    endloop
  endfacet
  facet normal -0.705244 0.471215 0.529705
    outer loop
      vertex 2.54562 -1.8495 20.7
      vertex 3.11326 -2.23648 21.8
      vertex 2.68288 -1.64407 20.7
    endloop
  endfacet
  facet normal -0.705223 0.471247 0.529705
    outer loop
      vertex 3.11326 -2.23648 21.8
      vertex 2.54562 -1.8495 20.7
      vertex 3.10182 -2.2536 21.8
    endloop
  endfacet
  facet normal -0.165458 -0.831889 0.529702
    outer loop
      vertex 0.874849 3.73214 21.8
      vertex 0.599778 3.78685 21.8
      vertex 0.492229 3.10782 20.7
    endloop
  endfacet
  facet normal -0.293663 0.795733 0.52969
    outer loop
      vertex 1.20414 -2.90704 20.7
      vertex 1.18479 -3.64641 21.8
      vertex 1.20411 -3.63928 21.8
    endloop
  endfacet
  facet normal -0.293552 0.79576 0.52971
    outer loop
      vertex 1.18479 -3.64641 21.8
      vertex 1.20414 -2.90704 20.7
      vertex 0.97234 -2.99255 20.7
    endloop
  endfacet
  facet normal -0.831858 -0.165605 0.529705
    outer loop
      vertex 3.05962 0.73455 20.7
      vertex 3.73214 0.874849 21.8
      vertex 3.72812 0.895042 21.8
    endloop
  endfacet
  facet normal -0.831885 -0.16547 0.529704
    outer loop
      vertex 3.73214 0.874849 21.8
      vertex 3.05962 0.73455 20.7
      vertex 3.10782 0.492229 20.7
    endloop
  endfacet
  facet normal 0.293552 0.79576 0.52971
    outer loop
      vertex -1.20414 -2.90704 20.7
      vertex -1.18479 -3.64641 21.8
      vertex -0.97234 -2.99255 20.7
    endloop
  endfacet
  facet normal 0.293663 0.795733 0.52969
    outer loop
      vertex -1.18479 -3.64641 21.8
      vertex -1.20414 -2.90704 20.7
      vertex -1.20411 -3.63928 21.8
    endloop
  endfacet
  facet normal -0.355103 0.770268 0.529707
    outer loop
      vertex 1.48593 -3.53359 21.8
      vertex 1.74063 -3.41617 21.8
      vertex 1.42851 -2.8036 20.7
    endloop
  endfacet
  facet normal -0.62285 -0.575732 0.529708
    outer loop
      vertex 2.90146 2.50514 21.8
      vertex 2.71109 2.71109 21.8
      vertex 2.22495 2.22495 20.7
    endloop
  endfacet
  facet normal 0.0997099 0.842303 0.529702
    outer loop
      vertex -0.321263 -3.81982 21.8
      vertex -0.492229 -3.10782 20.7
      vertex -0.599778 -3.78685 21.8
    endloop
  endfacet
  facet normal 0.770265 0.355111 0.529705
    outer loop
      vertex -3.54221 -1.46723 21.8
      vertex -2.8036 -1.42851 20.7
      vertex -2.90704 -1.20414 20.7
    endloop
  endfacet
  facet normal 0.770279 0.35507 0.529713
    outer loop
      vertex -2.8036 -1.42851 20.7
      vertex -3.54221 -1.46723 21.8
      vertex -3.53359 -1.48593 21.8
    endloop
  endfacet
  facet normal -0.79576 0.293552 0.52971
    outer loop
      vertex 2.90704 -1.20414 20.7
      vertex 3.64641 -1.18479 21.8
      vertex 2.99255 -0.97234 20.7
    endloop
  endfacet
  facet normal -0.795733 0.293663 0.52969
    outer loop
      vertex 3.64641 -1.18479 21.8
      vertex 2.90704 -1.20414 20.7
      vertex 3.63928 -1.20411 21.8
    endloop
  endfacet
  facet normal 0.622781 -0.575825 0.529689
    outer loop
      vertex -2.91544 2.49002 21.8
      vertex -2.22495 2.22495 20.7
      vertex -2.90146 2.50514 21.8
    endloop
  endfacet
  facet normal 0.622828 -0.57576 0.529703
    outer loop
      vertex -2.22495 2.22495 20.7
      vertex -2.91544 2.49002 21.8
      vertex -2.39266 2.04353 20.7
    endloop
  endfacet
  facet normal -0.23021 -0.816344 0.529703
    outer loop
      vertex 1.16497 3.652 21.8
      vertex 0.895042 3.72812 21.8
      vertex 0.73455 3.05962 20.7
    endloop
  endfacet
  facet normal -0.35507 0.770279 0.529713
    outer loop
      vertex 1.42851 -2.8036 20.7
      vertex 1.46723 -3.54221 21.8
      vertex 1.48593 -3.53359 21.8
    endloop
  endfacet
  facet normal -0.355111 0.770265 0.529705
    outer loop
      vertex 1.46723 -3.54221 21.8
      vertex 1.42851 -2.8036 20.7
      vertex 1.20414 -2.90704 20.7
    endloop
  endfacet
  facet normal -0.0333002 0.847529 0.529704
    outer loop
      vertex 0 -3.14656 20.7
      vertex 0.0205731 -3.83325 21.8
      vertex 0.246876 -3.13686 20.7
    endloop
  endfacet
  facet normal -0.0333686 0.847526 0.529704
    outer loop
      vertex 0.0205731 -3.83325 21.8
      vertex 0 -3.14656 20.7
      vertex 0 -3.83406 21.8
    endloop
  endfacet
  facet normal 0.525103 -0.666094 0.529703
    outer loop
      vertex -2.04353 2.39266 20.7
      vertex -2.26977 3.08907 21.8
      vertex -2.49002 2.91544 21.8
    endloop
  endfacet
  facet normal -0.831889 -0.165458 0.529702
    outer loop
      vertex 3.78685 0.599778 21.8
      vertex 3.73214 0.874849 21.8
      vertex 3.10782 0.492229 20.7
    endloop
  endfacet
  facet normal -0.666093 0.525103 0.529705
    outer loop
      vertex 2.39266 -2.04353 20.7
      vertex 3.10182 -2.2536 21.8
      vertex 2.54562 -1.8495 20.7
    endloop
  endfacet
  facet normal -0.666047 0.525177 0.529689
    outer loop
      vertex 3.10182 -2.2536 21.8
      vertex 2.39266 -2.04353 20.7
      vertex 3.08907 -2.26977 21.8
    endloop
  endfacet
  facet normal 0.770268 -0.355103 0.529707
    outer loop
      vertex -2.8036 1.42851 20.7
      vertex -3.41617 1.74063 21.8
      vertex -3.53359 1.48593 21.8
    endloop
  endfacet
  facet normal -0.842303 0.0997099 0.529702
    outer loop
      vertex 3.78685 -0.599778 21.8
      vertex 3.81982 -0.321263 21.8
      vertex 3.10782 -0.492229 20.7
    endloop
  endfacet
  facet normal -0.622828 0.57576 0.529703
    outer loop
      vertex 2.22495 -2.22495 20.7
      vertex 2.91544 -2.49002 21.8
      vertex 2.39266 -2.04353 20.7
    endloop
  endfacet
  facet normal -0.622781 0.575825 0.529689
    outer loop
      vertex 2.91544 -2.49002 21.8
      vertex 2.22495 -2.22495 20.7
      vertex 2.90146 -2.50514 21.8
    endloop
  endfacet
  facet normal -0.666047 -0.525177 0.529689
    outer loop
      vertex 2.39266 2.04353 20.7
      vertex 3.10182 2.2536 21.8
      vertex 3.08907 2.26977 21.8
    endloop
  endfacet
  facet normal -0.666093 -0.525103 0.529705
    outer loop
      vertex 3.10182 2.2536 21.8
      vertex 2.39266 2.04353 20.7
      vertex 2.54562 1.8495 20.7
    endloop
  endfacet
  facet normal 0.414443 -0.740033 0.529706
    outer loop
      vertex -1.64407 2.68288 20.7
      vertex -1.75859 3.40611 21.8
      vertex -2.00329 3.26907 21.8
    endloop
  endfacet
  facet normal -0.847528 0.033297 0.529705
    outer loop
      vertex 3.82224 -0.300817 21.8
      vertex 3.83325 -0.0205731 21.8
      vertex 3.13686 -0.246876 20.7
    endloop
  endfacet
  facet normal -0.842303 0.0996954 0.529705
    outer loop
      vertex 3.13686 -0.246876 20.7
      vertex 3.81982 -0.321263 21.8
      vertex 3.82224 -0.300817 21.8
    endloop
  endfacet
  facet normal -0.842303 0.099695 0.529705
    outer loop
      vertex 3.81982 -0.321263 21.8
      vertex 3.13686 -0.246876 20.7
      vertex 3.10782 -0.492229 20.7
    endloop
  endfacet
  facet normal -0.770279 -0.35507 0.529713
    outer loop
      vertex 2.8036 1.42851 20.7
      vertex 3.54221 1.46723 21.8
      vertex 3.53359 1.48593 21.8
    endloop
  endfacet
  facet normal -0.770265 -0.355111 0.529705
    outer loop
      vertex 3.54221 1.46723 21.8
      vertex 2.8036 1.42851 20.7
      vertex 2.90704 1.20414 20.7
    endloop
  endfacet
  facet normal -0.355111 -0.770265 0.529705
    outer loop
      vertex 1.42851 2.8036 20.7
      vertex 1.46723 3.54221 21.8
      vertex 1.20414 2.90704 20.7
    endloop
  endfacet
  facet normal -0.35507 -0.770279 0.529713
    outer loop
      vertex 1.46723 3.54221 21.8
      vertex 1.42851 2.8036 20.7
      vertex 1.48593 3.53359 21.8
    endloop
  endfacet
  facet normal 0.816344 0.23021 0.529703
    outer loop
      vertex -3.652 -1.16497 21.8
      vertex -3.05962 -0.73455 20.7
      vertex -3.72812 -0.895042 21.8
    endloop
  endfacet
  facet normal -0.525103 -0.666093 0.529705
    outer loop
      vertex 2.04353 2.39266 20.7
      vertex 2.2536 3.10182 21.8
      vertex 1.8495 2.54562 20.7
    endloop
  endfacet
  facet normal -0.525177 -0.666047 0.529689
    outer loop
      vertex 2.2536 3.10182 21.8
      vertex 2.04353 2.39266 20.7
      vertex 2.26977 3.08907 21.8
    endloop
  endfacet
  facet normal -0.770268 0.355103 0.529707
    outer loop
      vertex 3.41617 -1.74063 21.8
      vertex 3.53359 -1.48593 21.8
      vertex 2.8036 -1.42851 20.7
    endloop
  endfacet
  facet normal -0.795757 -0.29357 0.529706
    outer loop
      vertex 3.63928 1.20411 21.8
      vertex 3.54221 1.46723 21.8
      vertex 2.90704 1.20414 20.7
    endloop
  endfacet
  facet normal -0.0997099 0.842303 0.529702
    outer loop
      vertex 0.599778 -3.78685 21.8
      vertex 0.492229 -3.10782 20.7
      vertex 0.321263 -3.81982 21.8
    endloop
  endfacet
  facet normal -0.471247 0.705223 0.529705
    outer loop
      vertex 1.8495 -2.54562 20.7
      vertex 2.23648 -3.11326 21.8
      vertex 2.2536 -3.10182 21.8
    endloop
  endfacet
  facet normal -0.471215 0.705244 0.529705
    outer loop
      vertex 2.23648 -3.11326 21.8
      vertex 1.8495 -2.54562 20.7
      vertex 1.64407 -2.68288 20.7
    endloop
  endfacet
  facet normal -0.842303 -0.0997099 0.529702
    outer loop
      vertex 3.81982 0.321263 21.8
      vertex 3.78685 0.599778 21.8
      vertex 3.10782 0.492229 20.7
    endloop
  endfacet
  facet normal -0.622781 -0.575825 0.529689
    outer loop
      vertex 2.22495 2.22495 20.7
      vertex 2.91544 2.49002 21.8
      vertex 2.90146 2.50514 21.8
    endloop
  endfacet
  facet normal -0.622828 -0.57576 0.529703
    outer loop
      vertex 2.91544 2.49002 21.8
      vertex 2.22495 2.22495 20.7
      vertex 2.39266 2.04353 20.7
    endloop
  endfacet
  facet normal -0.795733 -0.293663 0.52969
    outer loop
      vertex 2.90704 1.20414 20.7
      vertex 3.64641 1.18479 21.8
      vertex 3.63928 1.20411 21.8
    endloop
  endfacet
  facet normal -0.79576 -0.293552 0.52971
    outer loop
      vertex 3.64641 1.18479 21.8
      vertex 2.90704 1.20414 20.7
      vertex 2.99255 0.97234 20.7
    endloop
  endfacet
  facet normal -0.23025 -0.816329 0.52971
    outer loop
      vertex 0.97234 2.99255 20.7
      vertex 1.16497 3.652 21.8
      vertex 0.73455 3.05962 20.7
    endloop
  endfacet
  facet normal -0.230237 -0.816332 0.52971
    outer loop
      vertex 1.16497 3.652 21.8
      vertex 0.97234 2.99255 20.7
      vertex 1.18479 3.64641 21.8
    endloop
  endfacet
  facet normal 0.0996954 0.842303 0.529705
    outer loop
      vertex -0.246876 -3.13686 20.7
      vertex -0.321263 -3.81982 21.8
      vertex -0.300817 -3.82224 21.8
    endloop
  endfacet
  facet normal 0.099695 0.842303 0.529705
    outer loop
      vertex -0.321263 -3.81982 21.8
      vertex -0.246876 -3.13686 20.7
      vertex -0.492229 -3.10782 20.7
    endloop
  endfacet
  facet normal 0.842303 0.0996954 0.529705
    outer loop
      vertex -3.81982 -0.321263 21.8
      vertex -3.13686 -0.246876 20.7
      vertex -3.82224 -0.300817 21.8
    endloop
  endfacet
  facet normal 0.842303 0.099695 0.529705
    outer loop
      vertex -3.13686 -0.246876 20.7
      vertex -3.81982 -0.321263 21.8
      vertex -3.10782 -0.492229 20.7
    endloop
  endfacet
  facet normal 0.23021 0.816344 0.529703
    outer loop
      vertex -0.895042 -3.72812 21.8
      vertex -0.73455 -3.05962 20.7
      vertex -1.16497 -3.652 21.8
    endloop
  endfacet
  facet normal 0.622828 0.57576 0.529703
    outer loop
      vertex -2.91544 -2.49002 21.8
      vertex -2.22495 -2.22495 20.7
      vertex -2.39266 -2.04353 20.7
    endloop
  endfacet
  facet normal 0.622781 0.575825 0.529689
    outer loop
      vertex -2.22495 -2.22495 20.7
      vertex -2.91544 -2.49002 21.8
      vertex -2.90146 -2.50514 21.8
    endloop
  endfacet
  facet normal 0.355111 0.770265 0.529705
    outer loop
      vertex -1.42851 -2.8036 20.7
      vertex -1.46723 -3.54221 21.8
      vertex -1.20414 -2.90704 20.7
    endloop
  endfacet
  facet normal 0.35507 0.770279 0.529713
    outer loop
      vertex -1.46723 -3.54221 21.8
      vertex -1.42851 -2.8036 20.7
      vertex -1.48593 -3.53359 21.8
    endloop
  endfacet
  facet normal 0.57576 0.622828 0.529703
    outer loop
      vertex -2.22495 -2.22495 20.7
      vertex -2.49002 -2.91544 21.8
      vertex -2.04353 -2.39266 20.7
    endloop
  endfacet
  facet normal 0.575825 0.622781 0.529689
    outer loop
      vertex -2.49002 -2.91544 21.8
      vertex -2.22495 -2.22495 20.7
      vertex -2.50514 -2.90146 21.8
    endloop
  endfacet
  facet normal 0.705241 0.471219 0.529706
    outer loop
      vertex -3.11326 -2.23648 21.8
      vertex -2.68288 -1.64407 20.7
      vertex -3.26907 -2.00329 21.8
    endloop
  endfacet
  facet normal 0.525103 0.666093 0.529705
    outer loop
      vertex -2.04353 -2.39266 20.7
      vertex -2.2536 -3.10182 21.8
      vertex -1.8495 -2.54562 20.7
    endloop
  endfacet
  facet normal 0.525177 0.666047 0.529689
    outer loop
      vertex -2.2536 -3.10182 21.8
      vertex -2.04353 -2.39266 20.7
      vertex -2.26977 -3.08907 21.8
    endloop
  endfacet
  facet normal -0.770265 0.355111 0.529705
    outer loop
      vertex 2.8036 -1.42851 20.7
      vertex 3.54221 -1.46723 21.8
      vertex 2.90704 -1.20414 20.7
    endloop
  endfacet
  facet normal -0.770279 0.35507 0.529713
    outer loop
      vertex 3.54221 -1.46723 21.8
      vertex 2.8036 -1.42851 20.7
      vertex 3.53359 -1.48593 21.8
    endloop
  endfacet
  facet normal -0.575732 0.62285 0.529708
    outer loop
      vertex 2.50514 -2.90146 21.8
      vertex 2.71109 -2.71109 21.8
      vertex 2.22495 -2.22495 20.7
    endloop
  endfacet
  facet normal -0.705241 0.471219 0.529706
    outer loop
      vertex 3.11326 -2.23648 21.8
      vertex 3.26907 -2.00329 21.8
      vertex 2.68288 -1.64407 20.7
    endloop
  endfacet
  facet normal 0.471215 0.705244 0.529705
    outer loop
      vertex -1.8495 -2.54562 20.7
      vertex -2.23648 -3.11326 21.8
      vertex -1.64407 -2.68288 20.7
    endloop
  endfacet
  facet normal 0.471247 0.705223 0.529705
    outer loop
      vertex -2.23648 -3.11326 21.8
      vertex -1.8495 -2.54562 20.7
      vertex -2.2536 -3.10182 21.8
    endloop
  endfacet
  facet normal 0.705223 -0.471247 0.529705
    outer loop
      vertex -3.11326 2.23648 21.8
      vertex -2.54562 1.8495 20.7
      vertex -3.10182 2.2536 21.8
    endloop
  endfacet
  facet normal 0.705244 -0.471215 0.529705
    outer loop
      vertex -2.54562 1.8495 20.7
      vertex -3.11326 2.23648 21.8
      vertex -2.68288 1.64407 20.7
    endloop
  endfacet
  facet normal -0.230237 0.816332 0.52971
    outer loop
      vertex 0.97234 -2.99255 20.7
      vertex 1.16497 -3.652 21.8
      vertex 1.18479 -3.64641 21.8
    endloop
  endfacet
  facet normal -0.23025 0.816329 0.52971
    outer loop
      vertex 1.16497 -3.652 21.8
      vertex 0.97234 -2.99255 20.7
      vertex 0.73455 -3.05962 20.7
    endloop
  endfacet
  facet normal -0.847526 0.0333686 0.529704
    outer loop
      vertex 3.14656 0 20.7
      vertex 3.83325 -0.0205731 21.8
      vertex 3.83406 0 21.8
    endloop
  endfacet
  facet normal -0.847529 0.0333002 0.529704
    outer loop
      vertex 3.83325 -0.0205731 21.8
      vertex 3.14656 0 20.7
      vertex 3.13686 -0.246876 20.7
    endloop
  endfacet
  facet normal 0.41419 0.740139 0.529755
    outer loop
      vertex -1.64407 -2.68288 20.7
      vertex -1.74063 -3.41617 21.8
      vertex -1.57328 -2.725 20.7035
    endloop
  endfacet
  facet normal 0.414558 0.739969 0.529704
    outer loop
      vertex -1.42851 -2.8036 20.7
      vertex -1.57328 -2.725 20.7035
      vertex -1.74063 -3.41617 21.8
    endloop
  endfacet
  facet normal 0.416071 0.742999 0.524249
    outer loop
      vertex -1.57328 -2.725 20.7035
      vertex -1.42851 -2.8036 20.7
      vertex -1.56887 -2.725 20.7
    endloop
  endfacet
  facet normal 0.416227 0.743084 0.524005
    outer loop
      vertex -1.64407 -2.68288 20.7
      vertex -1.57328 -2.725 20.7035
      vertex -1.57539 -2.72135 20.7
    endloop
  endfacet
  facet normal 0.414503 0.740007 0.529695
    outer loop
      vertex -1.74063 -3.41617 21.8
      vertex -1.64407 -2.68288 20.7
      vertex -1.75859 -3.40611 21.8
    endloop
  endfacet
  facet normal 0.770268 0.355103 0.529707
    outer loop
      vertex -3.41617 -1.74063 21.8
      vertex -2.8036 -1.42851 20.7
      vertex -3.53359 -1.48593 21.8
    endloop
  endfacet
  facet normal -0.23021 0.816344 0.529703
    outer loop
      vertex 0.895042 -3.72812 21.8
      vertex 1.16497 -3.652 21.8
      vertex 0.73455 -3.05962 20.7
    endloop
  endfacet
  facet normal -0.816332 -0.230237 0.52971
    outer loop
      vertex 2.99255 0.97234 20.7
      vertex 3.652 1.16497 21.8
      vertex 3.64641 1.18479 21.8
    endloop
  endfacet
  facet normal -0.816329 -0.23025 0.52971
    outer loop
      vertex 3.652 1.16497 21.8
      vertex 2.99255 0.97234 20.7
      vertex 3.05962 0.73455 20.7
    endloop
  endfacet
  facet normal -0.816344 -0.23021 0.529703
    outer loop
      vertex 3.72812 0.895042 21.8
      vertex 3.652 1.16497 21.8
      vertex 3.05962 0.73455 20.7
    endloop
  endfacet
  facet normal 0.705244 0.471215 0.529705
    outer loop
      vertex -3.11326 -2.23648 21.8
      vertex -2.54562 -1.8495 20.7
      vertex -2.68288 -1.64407 20.7
    endloop
  endfacet
  facet normal 0.705223 0.471247 0.529705
    outer loop
      vertex -2.54562 -1.8495 20.7
      vertex -3.11326 -2.23648 21.8
      vertex -3.10182 -2.2536 21.8
    endloop
  endfacet
  facet normal 0.795733 -0.293663 0.52969
    outer loop
      vertex -3.64641 1.18479 21.8
      vertex -2.90704 1.20414 20.7
      vertex -3.63928 1.20411 21.8
    endloop
  endfacet
  facet normal 0.79576 -0.293552 0.52971
    outer loop
      vertex -2.90704 1.20414 20.7
      vertex -3.64641 1.18479 21.8
      vertex -2.99255 0.97234 20.7
    endloop
  endfacet
  facet normal -0.165458 0.831889 0.529702
    outer loop
      vertex 0.599778 -3.78685 21.8
      vertex 0.874849 -3.73214 21.8
      vertex 0.492229 -3.10782 20.7
    endloop
  endfacet
  facet normal 0.471219 0.705241 0.529706
    outer loop
      vertex -2.00329 -3.26907 21.8
      vertex -1.64407 -2.68288 20.7
      vertex -2.23648 -3.11326 21.8
    endloop
  endfacet
  facet normal 0.62285 0.575732 0.529708
    outer loop
      vertex -2.71109 -2.71109 21.8
      vertex -2.22495 -2.22495 20.7
      vertex -2.90146 -2.50514 21.8
    endloop
  endfacet
  facet normal -0.471219 0.705241 0.529706
    outer loop
      vertex 2.00329 -3.26907 21.8
      vertex 2.23648 -3.11326 21.8
      vertex 1.64407 -2.68288 20.7
    endloop
  endfacet
  facet normal 0.525103 0.666094 0.529703
    outer loop
      vertex -2.26977 -3.08907 21.8
      vertex -2.04353 -2.39266 20.7
      vertex -2.49002 -2.91544 21.8
    endloop
  endfacet
  facet normal 0.575732 0.62285 0.529708
    outer loop
      vertex -2.50514 -2.90146 21.8
      vertex -2.22495 -2.22495 20.7
      vertex -2.71109 -2.71109 21.8
    endloop
  endfacet
  facet normal 0.165605 -0.831858 0.529705
    outer loop
      vertex -0.73455 3.05962 20.7
      vertex -0.874849 3.73214 21.8
      vertex -0.895042 3.72812 21.8
    endloop
  endfacet
  facet normal 0.16547 -0.831885 0.529704
    outer loop
      vertex -0.874849 3.73214 21.8
      vertex -0.73455 3.05962 20.7
      vertex -0.492229 3.10782 20.7
    endloop
  endfacet
  facet normal 0.293663 -0.795733 0.52969
    outer loop
      vertex -1.20414 2.90704 20.7
      vertex -1.18479 3.64641 21.8
      vertex -1.20411 3.63928 21.8
    endloop
  endfacet
  facet normal 0.293552 -0.79576 0.52971
    outer loop
      vertex -1.18479 3.64641 21.8
      vertex -1.20414 2.90704 20.7
      vertex -0.97234 2.99255 20.7
    endloop
  endfacet
  facet normal 0.29357 -0.795757 0.529706
    outer loop
      vertex -1.20414 2.90704 20.7
      vertex -1.20411 3.63928 21.8
      vertex -1.46723 3.54221 21.8
    endloop
  endfacet
  facet normal 0.816329 0.23025 0.52971
    outer loop
      vertex -3.652 -1.16497 21.8
      vertex -2.99255 -0.97234 20.7
      vertex -3.05962 -0.73455 20.7
    endloop
  endfacet
  facet normal 0.816332 0.230237 0.52971
    outer loop
      vertex -2.99255 -0.97234 20.7
      vertex -3.652 -1.16497 21.8
      vertex -3.64641 -1.18479 21.8
    endloop
  endfacet
  facet normal -0.740033 -0.414443 0.529706
    outer loop
      vertex 3.40611 1.75859 21.8
      vertex 3.26907 2.00329 21.8
      vertex 2.68288 1.64407 20.7
    endloop
  endfacet
  facet normal 0.831885 0.16547 0.529704
    outer loop
      vertex -3.73214 -0.874849 21.8
      vertex -3.05962 -0.73455 20.7
      vertex -3.10782 -0.492229 20.7
    endloop
  endfacet
  facet normal 0.831858 0.165605 0.529705
    outer loop
      vertex -3.05962 -0.73455 20.7
      vertex -3.73214 -0.874849 21.8
      vertex -3.72812 -0.895042 21.8
    endloop
  endfacet
  facet normal 0.666047 -0.525177 0.529689
    outer loop
      vertex -3.10182 2.2536 21.8
      vertex -2.39266 2.04353 20.7
      vertex -3.08907 2.26977 21.8
    endloop
  endfacet
  facet normal 0.666093 -0.525103 0.529705
    outer loop
      vertex -2.39266 2.04353 20.7
      vertex -3.10182 2.2536 21.8
      vertex -2.54562 1.8495 20.7
    endloop
  endfacet
  facet normal 0.831858 -0.165605 0.529705
    outer loop
      vertex -3.73214 0.874849 21.8
      vertex -3.05962 0.73455 20.7
      vertex -3.72812 0.895042 21.8
    endloop
  endfacet
  facet normal 0.831885 -0.16547 0.529704
    outer loop
      vertex -3.05962 0.73455 20.7
      vertex -3.73214 0.874849 21.8
      vertex -3.10782 0.492229 20.7
    endloop
  endfacet
  facet normal -0.29357 -0.795757 0.529706
    outer loop
      vertex 1.20414 2.90704 20.7
      vertex 1.46723 3.54221 21.8
      vertex 1.20411 3.63928 21.8
    endloop
  endfacet
  facet normal 0.414443 0.740033 0.529706
    outer loop
      vertex -1.75859 -3.40611 21.8
      vertex -1.64407 -2.68288 20.7
      vertex -2.00329 -3.26907 21.8
    endloop
  endfacet
  facet normal 0.795757 0.29357 0.529706
    outer loop
      vertex -3.54221 -1.46723 21.8
      vertex -2.90704 -1.20414 20.7
      vertex -3.63928 -1.20411 21.8
    endloop
  endfacet
  facet normal 0.795733 0.293663 0.52969
    outer loop
      vertex -2.90704 -1.20414 20.7
      vertex -3.64641 -1.18479 21.8
      vertex -3.63928 -1.20411 21.8
    endloop
  endfacet
  facet normal 0.79576 0.293552 0.52971
    outer loop
      vertex -3.64641 -1.18479 21.8
      vertex -2.90704 -1.20414 20.7
      vertex -2.99255 -0.97234 20.7
    endloop
  endfacet
  facet normal 0.165458 0.831889 0.529702
    outer loop
      vertex -0.599778 -3.78685 21.8
      vertex -0.492229 -3.10782 20.7
      vertex -0.874849 -3.73214 21.8
    endloop
  endfacet
  facet normal 0.16547 0.831885 0.529704
    outer loop
      vertex -0.73455 -3.05962 20.7
      vertex -0.874849 -3.73214 21.8
      vertex -0.492229 -3.10782 20.7
    endloop
  endfacet
  facet normal 0.165605 0.831858 0.529705
    outer loop
      vertex -0.874849 -3.73214 21.8
      vertex -0.73455 -3.05962 20.7
      vertex -0.895042 -3.72812 21.8
    endloop
  endfacet
  facet normal 0.666094 -0.525103 0.529703
    outer loop
      vertex -2.39266 2.04353 20.7
      vertex -2.91544 2.49002 21.8
      vertex -3.08907 2.26977 21.8
    endloop
  endfacet
  facet normal 0.842303 -0.0996954 0.529705
    outer loop
      vertex -3.13686 0.246876 20.7
      vertex -3.81982 0.321263 21.8
      vertex -3.82224 0.300817 21.8
    endloop
  endfacet
  facet normal 0.842303 -0.099695 0.529705
    outer loop
      vertex -3.81982 0.321263 21.8
      vertex -3.13686 0.246876 20.7
      vertex -3.10782 0.492229 20.7
    endloop
  endfacet
  facet normal -0.525177 0.666047 0.529689
    outer loop
      vertex 2.04353 -2.39266 20.7
      vertex 2.2536 -3.10182 21.8
      vertex 2.26977 -3.08907 21.8
    endloop
  endfacet
  facet normal -0.525103 0.666093 0.529705
    outer loop
      vertex 2.2536 -3.10182 21.8
      vertex 2.04353 -2.39266 20.7
      vertex 1.8495 -2.54562 20.7
    endloop
  endfacet
  facet normal 0.795757 -0.29357 0.529706
    outer loop
      vertex -2.90704 1.20414 20.7
      vertex -3.54221 1.46723 21.8
      vertex -3.63928 1.20411 21.8
    endloop
  endfacet
  facet normal -0.033297 0.847528 0.529705
    outer loop
      vertex 0.300817 -3.82224 21.8
      vertex 0.246876 -3.13686 20.7
      vertex 0.0205731 -3.83325 21.8
    endloop
  endfacet
  facet normal -0.0997099 -0.842303 0.529702
    outer loop
      vertex 0.492229 3.10782 20.7
      vertex 0.599778 3.78685 21.8
      vertex 0.321263 3.81982 21.8
    endloop
  endfacet
  facet normal 0.471219 -0.705241 0.529706
    outer loop
      vertex -1.64407 2.68288 20.7
      vertex -2.00329 3.26907 21.8
      vertex -2.23648 3.11326 21.8
    endloop
  endfacet
  facet normal -0.414503 0.740007 0.529695
    outer loop
      vertex 1.64407 -2.68288 20.7
      vertex 1.74063 -3.41617 21.8
      vertex 1.75859 -3.40611 21.8
    endloop
  endfacet
  facet normal -0.41419 0.740139 0.529755
    outer loop
      vertex 1.74063 -3.41617 21.8
      vertex 1.64407 -2.68288 20.7
      vertex 1.57328 -2.725 20.7035
    endloop
  endfacet
  facet normal -0.416227 0.743084 0.524005
    outer loop
      vertex 1.57328 -2.725 20.7035
      vertex 1.64407 -2.68288 20.7
      vertex 1.57539 -2.72135 20.7
    endloop
  endfacet
  facet normal -0.416071 0.742999 0.524249
    outer loop
      vertex 1.42851 -2.8036 20.7
      vertex 1.57328 -2.725 20.7035
      vertex 1.56887 -2.725 20.7
    endloop
  endfacet
  facet normal -0.414558 0.739969 0.529704
    outer loop
      vertex 1.57328 -2.725 20.7035
      vertex 1.42851 -2.8036 20.7
      vertex 1.74063 -3.41617 21.8
    endloop
  endfacet
  facet normal 0.842303 -0.0997099 0.529702
    outer loop
      vertex -3.10782 0.492229 20.7
      vertex -3.78685 0.599778 21.8
      vertex -3.81982 0.321263 21.8
    endloop
  endfacet
  facet normal 0.847526 0.0333686 0.529704
    outer loop
      vertex -3.83325 -0.0205731 21.8
      vertex -3.14656 0 20.7
      vertex -3.83406 0 21.8
    endloop
  endfacet
  facet normal 0.847529 0.0333002 0.529704
    outer loop
      vertex -3.14656 0 20.7
      vertex -3.83325 -0.0205731 21.8
      vertex -3.13686 -0.246876 20.7
    endloop
  endfacet
  facet normal 0.847528 0.033297 0.529705
    outer loop
      vertex -3.82224 -0.300817 21.8
      vertex -3.13686 -0.246876 20.7
      vertex -3.83325 -0.0205731 21.8
    endloop
  endfacet
  facet normal -0.414443 -0.740033 0.529706
    outer loop
      vertex 2.00329 3.26907 21.8
      vertex 1.75859 3.40611 21.8
      vertex 1.64407 2.68288 20.7
    endloop
  endfacet
  facet normal 0 0 1
    outer loop
      vertex 3.10782 0.492229 20.7
      vertex 3.14656 0 20.7
      vertex 3.13686 0.246876 20.7
    endloop
  endfacet
  facet normal 0 0 1
    outer loop
      vertex 3.05962 0.73455 20.7
      vertex 3.14656 0 20.7
      vertex 3.10782 0.492229 20.7
    endloop
  endfacet
  facet normal 0 0 1
    outer loop
      vertex 2.99255 0.97234 20.7
      vertex 3.14656 0 20.7
      vertex 3.05962 0.73455 20.7
    endloop
  endfacet
  facet normal 0 0 1
    outer loop
      vertex 2.90704 1.20414 20.7
      vertex 3.14656 0 20.7
      vertex 2.99255 0.97234 20.7
    endloop
  endfacet
  facet normal 0 0 1
    outer loop
      vertex 2.8036 1.42851 20.7
      vertex 3.14656 0 20.7
      vertex 2.90704 1.20414 20.7
    endloop
  endfacet
  facet normal 0 0 1
    outer loop
      vertex 2.68288 1.64407 20.7
      vertex 3.14656 0 20.7
      vertex 2.8036 1.42851 20.7
    endloop
  endfacet
  facet normal 0 0 1
    outer loop
      vertex 2.54562 1.8495 20.7
      vertex 3.14656 0 20.7
      vertex 2.68288 1.64407 20.7
    endloop
  endfacet
  facet normal 0 0 1
    outer loop
      vertex 2.39266 2.04353 20.7
      vertex 3.14656 0 20.7
      vertex 2.54562 1.8495 20.7
    endloop
  endfacet
  facet normal 0 0 1
    outer loop
      vertex 2.22495 2.22495 20.7
      vertex 3.14656 0 20.7
      vertex 2.39266 2.04353 20.7
    endloop
  endfacet
  facet normal 0 0 1
    outer loop
      vertex 2.04353 2.39266 20.7
      vertex 3.14656 0 20.7
      vertex 2.22495 2.22495 20.7
    endloop
  endfacet
  facet normal 0 0 1
    outer loop
      vertex 1.8495 2.54562 20.7
      vertex 3.14656 0 20.7
      vertex 2.04353 2.39266 20.7
    endloop
  endfacet
  facet normal 0 0 1
    outer loop
      vertex 1.57539 2.72135 20.7
      vertex 1.8495 2.54562 20.7
      vertex 1.64407 2.68288 20.7
    endloop
  endfacet
  facet normal 0 0 1
    outer loop
      vertex 1.8495 2.54562 20.7
      vertex 1.57539 2.72135 20.7
      vertex 3.14656 0 20.7
    endloop
  endfacet
  facet normal 0 0 1
    outer loop
      vertex 1.20414 2.90704 20.7
      vertex 1.56887 2.725 20.7
      vertex 1.42851 2.8036 20.7
    endloop
  endfacet
  facet normal 0 0 1
    outer loop
      vertex 0.97234 2.99255 20.7
      vertex 1.56887 2.725 20.7
      vertex 1.20414 2.90704 20.7
    endloop
  endfacet
  facet normal 0 0 1
    outer loop
      vertex 0.73455 3.05962 20.7
      vertex 1.56887 2.725 20.7
      vertex 0.97234 2.99255 20.7
    endloop
  endfacet
  facet normal 0 0 1
    outer loop
      vertex 0.492229 3.10782 20.7
      vertex 1.56887 2.725 20.7
      vertex 0.73455 3.05962 20.7
    endloop
  endfacet
  facet normal 0 0 1
    outer loop
      vertex 0.246876 3.13686 20.7
      vertex 1.56887 2.725 20.7
      vertex 0.492229 3.10782 20.7
    endloop
  endfacet
  facet normal 0 0 1
    outer loop
      vertex 0 3.14656 20.7
      vertex 1.56887 2.725 20.7
      vertex 0.246876 3.13686 20.7
    endloop
  endfacet
  facet normal -0 0 1
    outer loop
      vertex -0.246876 3.13686 20.7
      vertex 1.56887 2.725 20.7
      vertex 0 3.14656 20.7
    endloop
  endfacet
  facet normal -0 0 1
    outer loop
      vertex -0.492229 3.10782 20.7
      vertex 1.56887 2.725 20.7
      vertex -0.246876 3.13686 20.7
    endloop
  endfacet
  facet normal -0 0 1
    outer loop
      vertex -0.73455 3.05962 20.7
      vertex 1.56887 2.725 20.7
      vertex -0.492229 3.10782 20.7
    endloop
  endfacet
  facet normal -0 0 1
    outer loop
      vertex -0.97234 2.99255 20.7
      vertex 1.56887 2.725 20.7
      vertex -0.73455 3.05962 20.7
    endloop
  endfacet
  facet normal -0 0 1
    outer loop
      vertex -1.20414 2.90704 20.7
      vertex 1.56887 2.725 20.7
      vertex -0.97234 2.99255 20.7
    endloop
  endfacet
  facet normal 0 0 1
    outer loop
      vertex -1.56887 2.725 20.7
      vertex -1.20414 2.90704 20.7
      vertex -1.42851 2.8036 20.7
    endloop
  endfacet
  facet normal 0 0 1
    outer loop
      vertex -1.20414 2.90704 20.7
      vertex -1.56887 2.725 20.7
      vertex 1.56887 2.725 20.7
    endloop
  endfacet
  facet normal 0 0 1
    outer loop
      vertex 1.56887 -2.725 20.7
      vertex 1.20414 -2.90704 20.7
      vertex 1.42851 -2.8036 20.7
    endloop
  endfacet
  facet normal 0 0 1
    outer loop
      vertex 1.56887 -2.725 20.7
      vertex 0.97234 -2.99255 20.7
      vertex 1.20414 -2.90704 20.7
    endloop
  endfacet
  facet normal 0 0 1
    outer loop
      vertex 1.56887 -2.725 20.7
      vertex 0.73455 -3.05962 20.7
      vertex 0.97234 -2.99255 20.7
    endloop
  endfacet
  facet normal 0 0 1
    outer loop
      vertex 1.56887 -2.725 20.7
      vertex 0.492229 -3.10782 20.7
      vertex 0.73455 -3.05962 20.7
    endloop
  endfacet
  facet normal 0 0 1
    outer loop
      vertex 1.56887 -2.725 20.7
      vertex 0.246876 -3.13686 20.7
      vertex 0.492229 -3.10782 20.7
    endloop
  endfacet
  facet normal 0 0 1
    outer loop
      vertex 1.56887 -2.725 20.7
      vertex 0 -3.14656 20.7
      vertex 0.246876 -3.13686 20.7
    endloop
  endfacet
  facet normal 0 0 1
    outer loop
      vertex 1.56887 -2.725 20.7
      vertex -0.246876 -3.13686 20.7
      vertex 0 -3.14656 20.7
    endloop
  endfacet
  facet normal 0 0 1
    outer loop
      vertex 1.56887 -2.725 20.7
      vertex -0.492229 -3.10782 20.7
      vertex -0.246876 -3.13686 20.7
    endloop
  endfacet
  facet normal 0 0 1
    outer loop
      vertex 1.56887 -2.725 20.7
      vertex -0.73455 -3.05962 20.7
      vertex -0.492229 -3.10782 20.7
    endloop
  endfacet
  facet normal 0 0 1
    outer loop
      vertex 1.56887 -2.725 20.7
      vertex -0.97234 -2.99255 20.7
      vertex -0.73455 -3.05962 20.7
    endloop
  endfacet
  facet normal 0 0 1
    outer loop
      vertex 1.56887 -2.725 20.7
      vertex -1.20414 -2.90704 20.7
      vertex -0.97234 -2.99255 20.7
    endloop
  endfacet
  facet normal -0 0 1
    outer loop
      vertex -1.56887 -2.725 20.7
      vertex -1.20414 -2.90704 20.7
      vertex 1.56887 -2.725 20.7
    endloop
  endfacet
  facet normal 0 0 1
    outer loop
      vertex -1.20414 -2.90704 20.7
      vertex -1.56887 -2.725 20.7
      vertex -1.42851 -2.8036 20.7
    endloop
  endfacet
  facet normal 0 0 1
    outer loop
      vertex -1.57539 -2.72135 20.7
      vertex -1.8495 -2.54562 20.7
      vertex -1.64407 -2.68288 20.7
    endloop
  endfacet
  facet normal 0 0 1
    outer loop
      vertex -1.57539 -2.72135 20.7
      vertex -2.04353 -2.39266 20.7
      vertex -1.8495 -2.54562 20.7
    endloop
  endfacet
  facet normal 0 0 1
    outer loop
      vertex -1.57539 -2.72135 20.7
      vertex -2.22495 -2.22495 20.7
      vertex -2.04353 -2.39266 20.7
    endloop
  endfacet
  facet normal 0 0 1
    outer loop
      vertex -1.57539 -2.72135 20.7
      vertex -2.39266 -2.04353 20.7
      vertex -2.22495 -2.22495 20.7
    endloop
  endfacet
  facet normal 0 0 1
    outer loop
      vertex -1.57539 -2.72135 20.7
      vertex -2.54562 -1.8495 20.7
      vertex -2.39266 -2.04353 20.7
    endloop
  endfacet
  facet normal 0 0 1
    outer loop
      vertex -1.57539 -2.72135 20.7
      vertex -2.68288 -1.64407 20.7
      vertex -2.54562 -1.8495 20.7
    endloop
  endfacet
  facet normal 0 0 1
    outer loop
      vertex -1.57539 -2.72135 20.7
      vertex -2.8036 -1.42851 20.7
      vertex -2.68288 -1.64407 20.7
    endloop
  endfacet
  facet normal 0 0 1
    outer loop
      vertex -1.57539 -2.72135 20.7
      vertex -2.90704 -1.20414 20.7
      vertex -2.8036 -1.42851 20.7
    endloop
  endfacet
  facet normal 0 0 1
    outer loop
      vertex -1.57539 -2.72135 20.7
      vertex -2.99255 -0.97234 20.7
      vertex -2.90704 -1.20414 20.7
    endloop
  endfacet
  facet normal 0 0 1
    outer loop
      vertex -1.57539 -2.72135 20.7
      vertex -3.05962 -0.73455 20.7
      vertex -2.99255 -0.97234 20.7
    endloop
  endfacet
  facet normal 0 0 1
    outer loop
      vertex -1.57539 -2.72135 20.7
      vertex -3.10782 -0.492229 20.7
      vertex -3.05962 -0.73455 20.7
    endloop
  endfacet
  facet normal 0 0 1
    outer loop
      vertex -1.57539 -2.72135 20.7
      vertex -3.13686 -0.246876 20.7
      vertex -3.10782 -0.492229 20.7
    endloop
  endfacet
  facet normal -0 -0 1
    outer loop
      vertex -3.13686 -0.246876 20.7
      vertex -1.57539 -2.72135 20.7
      vertex -3.14656 0 20.7
    endloop
  endfacet
  facet normal 0 0 1
    outer loop
      vertex -1.8495 2.54562 20.7
      vertex -1.57539 2.72135 20.7
      vertex -1.64407 2.68288 20.7
    endloop
  endfacet
  facet normal 0 0 1
    outer loop
      vertex -2.04353 2.39266 20.7
      vertex -1.57539 2.72135 20.7
      vertex -1.8495 2.54562 20.7
    endloop
  endfacet
  facet normal 0 0 1
    outer loop
      vertex -2.22495 2.22495 20.7
      vertex -1.57539 2.72135 20.7
      vertex -2.04353 2.39266 20.7
    endloop
  endfacet
  facet normal 0 0 1
    outer loop
      vertex -2.39266 2.04353 20.7
      vertex -1.57539 2.72135 20.7
      vertex -2.22495 2.22495 20.7
    endloop
  endfacet
  facet normal 0 0 1
    outer loop
      vertex -2.54562 1.8495 20.7
      vertex -1.57539 2.72135 20.7
      vertex -2.39266 2.04353 20.7
    endloop
  endfacet
  facet normal 0 0 1
    outer loop
      vertex -2.68288 1.64407 20.7
      vertex -1.57539 2.72135 20.7
      vertex -2.54562 1.8495 20.7
    endloop
  endfacet
  facet normal 0 0 1
    outer loop
      vertex -2.8036 1.42851 20.7
      vertex -1.57539 2.72135 20.7
      vertex -2.68288 1.64407 20.7
    endloop
  endfacet
  facet normal 0 0 1
    outer loop
      vertex -2.90704 1.20414 20.7
      vertex -1.57539 2.72135 20.7
      vertex -2.8036 1.42851 20.7
    endloop
  endfacet
  facet normal 0 0 1
    outer loop
      vertex -2.99255 0.97234 20.7
      vertex -1.57539 2.72135 20.7
      vertex -2.90704 1.20414 20.7
    endloop
  endfacet
  facet normal 0 0 1
    outer loop
      vertex -3.05962 0.73455 20.7
      vertex -1.57539 2.72135 20.7
      vertex -2.99255 0.97234 20.7
    endloop
  endfacet
  facet normal 0 0 1
    outer loop
      vertex -3.10782 0.492229 20.7
      vertex -1.57539 2.72135 20.7
      vertex -3.05962 0.73455 20.7
    endloop
  endfacet
  facet normal 0 0 1
    outer loop
      vertex -3.13686 0.246876 20.7
      vertex -1.57539 2.72135 20.7
      vertex -3.10782 0.492229 20.7
    endloop
  endfacet
  facet normal 0 0 1
    outer loop
      vertex -1.57539 2.72135 20.7
      vertex -3.13686 0.246876 20.7
      vertex -3.14656 0 20.7
    endloop
  endfacet
  facet normal 0 0 1
    outer loop
      vertex 3.14656 0 20.7
      vertex 3.10782 -0.492229 20.7
      vertex 3.13686 -0.246876 20.7
    endloop
  endfacet
  facet normal 0 0 1
    outer loop
      vertex 3.14656 0 20.7
      vertex 3.05962 -0.73455 20.7
      vertex 3.10782 -0.492229 20.7
    endloop
  endfacet
  facet normal 0 0 1
    outer loop
      vertex 3.14656 0 20.7
      vertex 2.99255 -0.97234 20.7
      vertex 3.05962 -0.73455 20.7
    endloop
  endfacet
  facet normal 0 0 1
    outer loop
      vertex 3.14656 0 20.7
      vertex 2.90704 -1.20414 20.7
      vertex 2.99255 -0.97234 20.7
    endloop
  endfacet
  facet normal 0 0 1
    outer loop
      vertex 3.14656 0 20.7
      vertex 2.8036 -1.42851 20.7
      vertex 2.90704 -1.20414 20.7
    endloop
  endfacet
  facet normal 0 0 1
    outer loop
      vertex 3.14656 0 20.7
      vertex 2.68288 -1.64407 20.7
      vertex 2.8036 -1.42851 20.7
    endloop
  endfacet
  facet normal 0 0 1
    outer loop
      vertex 3.14656 0 20.7
      vertex 2.54562 -1.8495 20.7
      vertex 2.68288 -1.64407 20.7
    endloop
  endfacet
  facet normal 0 0 1
    outer loop
      vertex 3.14656 0 20.7
      vertex 2.39266 -2.04353 20.7
      vertex 2.54562 -1.8495 20.7
    endloop
  endfacet
  facet normal 0 0 1
    outer loop
      vertex 3.14656 0 20.7
      vertex 2.22495 -2.22495 20.7
      vertex 2.39266 -2.04353 20.7
    endloop
  endfacet
  facet normal 0 0 1
    outer loop
      vertex 3.14656 0 20.7
      vertex 2.04353 -2.39266 20.7
      vertex 2.22495 -2.22495 20.7
    endloop
  endfacet
  facet normal 0 0 1
    outer loop
      vertex 3.14656 0 20.7
      vertex 1.8495 -2.54562 20.7
      vertex 2.04353 -2.39266 20.7
    endloop
  endfacet
  facet normal 0 0 1
    outer loop
      vertex 1.57539 -2.72135 20.7
      vertex 1.8495 -2.54562 20.7
      vertex 3.14656 0 20.7
    endloop
  endfacet
  facet normal 0 0 1
    outer loop
      vertex 1.8495 -2.54562 20.7
      vertex 1.57539 -2.72135 20.7
      vertex 1.64407 -2.68288 20.7
    endloop
  endfacet
  facet normal -0.740007 -0.414503 0.529695
    outer loop
      vertex 2.68288 1.64407 20.7
      vertex 3.41617 1.74063 21.8
      vertex 3.40611 1.75859 21.8
    endloop
  endfacet
  facet normal -0.740033 -0.414441 0.529707
    outer loop
      vertex 3.41617 1.74063 21.8
      vertex 2.68288 1.64407 20.7
      vertex 2.8036 1.42851 20.7
    endloop
  endfacet
  facet normal -0.770268 -0.355103 0.529707
    outer loop
      vertex 3.53359 1.48593 21.8
      vertex 3.41617 1.74063 21.8
      vertex 2.8036 1.42851 20.7
    endloop
  endfacet
  facet normal -0.0996954 -0.842303 0.529705
    outer loop
      vertex 0.246876 3.13686 20.7
      vertex 0.321263 3.81982 21.8
      vertex 0.300817 3.82224 21.8
    endloop
  endfacet
  facet normal -0.099695 -0.842303 0.529705
    outer loop
      vertex 0.321263 3.81982 21.8
      vertex 0.246876 3.13686 20.7
      vertex 0.492229 3.10782 20.7
    endloop
  endfacet
  facet normal 0.355103 -0.770268 0.529707
    outer loop
      vertex -1.42851 2.8036 20.7
      vertex -1.48593 3.53359 21.8
      vertex -1.74063 3.41617 21.8
    endloop
  endfacet
  facet normal 0.414503 -0.740007 0.529695
    outer loop
      vertex -1.64407 2.68288 20.7
      vertex -1.74063 3.41617 21.8
      vertex -1.75859 3.40611 21.8
    endloop
  endfacet
  facet normal 0.41419 -0.740139 0.529755
    outer loop
      vertex -1.74063 3.41617 21.8
      vertex -1.64407 2.68288 20.7
      vertex -1.57328 2.725 20.7035
    endloop
  endfacet
  facet normal 0.416227 -0.743084 0.524005
    outer loop
      vertex -1.57328 2.725 20.7035
      vertex -1.64407 2.68288 20.7
      vertex -1.57539 2.72135 20.7
    endloop
  endfacet
  facet normal 0.416071 -0.742999 0.524249
    outer loop
      vertex -1.42851 2.8036 20.7
      vertex -1.57328 2.725 20.7035
      vertex -1.56887 2.725 20.7
    endloop
  endfacet
  facet normal 0.414558 -0.739969 0.529704
    outer loop
      vertex -1.57328 2.725 20.7035
      vertex -1.42851 2.8036 20.7
      vertex -1.74063 3.41617 21.8
    endloop
  endfacet
  facet normal -0.414443 0.740033 0.529706
    outer loop
      vertex 1.75859 -3.40611 21.8
      vertex 2.00329 -3.26907 21.8
      vertex 1.64407 -2.68288 20.7
    endloop
  endfacet
  facet normal -0.355103 -0.770268 0.529707
    outer loop
      vertex 1.74063 3.41617 21.8
      vertex 1.48593 3.53359 21.8
      vertex 1.42851 2.8036 20.7
    endloop
  endfacet
  facet normal -0.705223 -0.471247 0.529705
    outer loop
      vertex 2.54562 1.8495 20.7
      vertex 3.11326 2.23648 21.8
      vertex 3.10182 2.2536 21.8
    endloop
  endfacet
  facet normal -0.705244 -0.471215 0.529705
    outer loop
      vertex 3.11326 2.23648 21.8
      vertex 2.54562 1.8495 20.7
      vertex 2.68288 1.64407 20.7
    endloop
  endfacet
  facet normal -0.842303 -0.099695 0.529705
    outer loop
      vertex 3.13686 0.246876 20.7
      vertex 3.81982 0.321263 21.8
      vertex 3.10782 0.492229 20.7
    endloop
  endfacet
  facet normal -0.842303 -0.0996954 0.529705
    outer loop
      vertex 3.81982 0.321263 21.8
      vertex 3.13686 0.246876 20.7
      vertex 3.82224 0.300817 21.8
    endloop
  endfacet
  facet normal 0.816344 -0.23021 0.529703
    outer loop
      vertex -3.05962 0.73455 20.7
      vertex -3.652 1.16497 21.8
      vertex -3.72812 0.895042 21.8
    endloop
  endfacet
  facet normal 0.0997099 -0.842303 0.529702
    outer loop
      vertex -0.492229 3.10782 20.7
      vertex -0.321263 3.81982 21.8
      vertex -0.599778 3.78685 21.8
    endloop
  endfacet
  facet normal -0.0333686 -0.847526 0.529704
    outer loop
      vertex 0 3.14656 20.7
      vertex 0.0205731 3.83325 21.8
      vertex 0 3.83406 21.8
    endloop
  endfacet
  facet normal -0.0333002 -0.847529 0.529704
    outer loop
      vertex 0.0205731 3.83325 21.8
      vertex 0 3.14656 20.7
      vertex 0.246876 3.13686 20.7
    endloop
  endfacet
  facet normal 0.230237 -0.816332 0.52971
    outer loop
      vertex -0.97234 2.99255 20.7
      vertex -1.16497 3.652 21.8
      vertex -1.18479 3.64641 21.8
    endloop
  endfacet
  facet normal 0.23025 -0.816329 0.52971
    outer loop
      vertex -1.16497 3.652 21.8
      vertex -0.97234 2.99255 20.7
      vertex -0.73455 3.05962 20.7
    endloop
  endfacet
  facet normal 0.23021 -0.816344 0.529703
    outer loop
      vertex -0.73455 3.05962 20.7
      vertex -0.895042 3.72812 21.8
      vertex -1.16497 3.652 21.8
    endloop
  endfacet
  facet normal 0.770279 -0.35507 0.529713
    outer loop
      vertex -3.54221 1.46723 21.8
      vertex -2.8036 1.42851 20.7
      vertex -3.53359 1.48593 21.8
    endloop
  endfacet
  facet normal 0.770265 -0.355111 0.529705
    outer loop
      vertex -2.8036 1.42851 20.7
      vertex -3.54221 1.46723 21.8
      vertex -2.90704 1.20414 20.7
    endloop
  endfacet
  facet normal -0.57576 -0.622828 0.529703
    outer loop
      vertex 2.22495 2.22495 20.7
      vertex 2.49002 2.91544 21.8
      vertex 2.04353 2.39266 20.7
    endloop
  endfacet
  facet normal -0.575825 -0.622781 0.529689
    outer loop
      vertex 2.49002 2.91544 21.8
      vertex 2.22495 2.22495 20.7
      vertex 2.50514 2.90146 21.8
    endloop
  endfacet
  facet normal -0.099695 0.842303 0.529705
    outer loop
      vertex 0.246876 -3.13686 20.7
      vertex 0.321263 -3.81982 21.8
      vertex 0.492229 -3.10782 20.7
    endloop
  endfacet
  facet normal -0.0996954 0.842303 0.529705
    outer loop
      vertex 0.321263 -3.81982 21.8
      vertex 0.246876 -3.13686 20.7
      vertex 0.300817 -3.82224 21.8
    endloop
  endfacet
  facet normal 0.099695 -0.842303 0.529705
    outer loop
      vertex -0.246876 3.13686 20.7
      vertex -0.321263 3.81982 21.8
      vertex -0.492229 3.10782 20.7
    endloop
  endfacet
  facet normal 0.0996954 -0.842303 0.529705
    outer loop
      vertex -0.321263 3.81982 21.8
      vertex -0.246876 3.13686 20.7
      vertex -0.300817 3.82224 21.8
    endloop
  endfacet
  facet normal -0.165605 0.831858 0.529705
    outer loop
      vertex 0.73455 -3.05962 20.7
      vertex 0.874849 -3.73214 21.8
      vertex 0.895042 -3.72812 21.8
    endloop
  endfacet
  facet normal -0.16547 0.831885 0.529704
    outer loop
      vertex 0.874849 -3.73214 21.8
      vertex 0.73455 -3.05962 20.7
      vertex 0.492229 -3.10782 20.7
    endloop
  endfacet
  facet normal -0.16547 -0.831885 0.529704
    outer loop
      vertex 0.73455 3.05962 20.7
      vertex 0.874849 3.73214 21.8
      vertex 0.492229 3.10782 20.7
    endloop
  endfacet
  facet normal -0.165605 -0.831858 0.529705
    outer loop
      vertex 0.874849 3.73214 21.8
      vertex 0.73455 3.05962 20.7
      vertex 0.895042 3.72812 21.8
    endloop
  endfacet
  facet normal 0.0333686 0.847526 0.529704
    outer loop
      vertex 0 -3.14656 20.7
      vertex -0.0205731 -3.83325 21.8
      vertex 0 -3.83406 21.8
    endloop
  endfacet
  facet normal 0.0333002 0.847529 0.529704
    outer loop
      vertex -0.0205731 -3.83325 21.8
      vertex 0 -3.14656 20.7
      vertex -0.246876 -3.13686 20.7
    endloop
  endfacet
  facet normal 0.831889 -0.165458 0.529702
    outer loop
      vertex -3.10782 0.492229 20.7
      vertex -3.73214 0.874849 21.8
      vertex -3.78685 0.599778 21.8
    endloop
  endfacet
  facet normal 0.575825 -0.622781 0.529689
    outer loop
      vertex -2.22495 2.22495 20.7
      vertex -2.49002 2.91544 21.8
      vertex -2.50514 2.90146 21.8
    endloop
  endfacet
  facet normal 0.57576 -0.622828 0.529703
    outer loop
      vertex -2.49002 2.91544 21.8
      vertex -2.22495 2.22495 20.7
      vertex -2.04353 2.39266 20.7
    endloop
  endfacet
  facet normal 0.575732 -0.62285 0.529708
    outer loop
      vertex -2.22495 2.22495 20.7
      vertex -2.50514 2.90146 21.8
      vertex -2.71109 2.71109 21.8
    endloop
  endfacet
  facet normal 0.831889 0.165458 0.529702
    outer loop
      vertex -3.73214 -0.874849 21.8
      vertex -3.10782 -0.492229 20.7
      vertex -3.78685 -0.599778 21.8
    endloop
  endfacet
  facet normal 0.816332 -0.230237 0.52971
    outer loop
      vertex -3.652 1.16497 21.8
      vertex -2.99255 0.97234 20.7
      vertex -3.64641 1.18479 21.8
    endloop
  endfacet
  facet normal 0.816329 -0.23025 0.52971
    outer loop
      vertex -2.99255 0.97234 20.7
      vertex -3.652 1.16497 21.8
      vertex -3.05962 0.73455 20.7
    endloop
  endfacet
  facet normal -0.575732 -0.62285 0.529708
    outer loop
      vertex 2.71109 2.71109 21.8
      vertex 2.50514 2.90146 21.8
      vertex 2.22495 2.22495 20.7
    endloop
  endfacet
  facet normal 0.842303 0.0997099 0.529702
    outer loop
      vertex -3.78685 -0.599778 21.8
      vertex -3.10782 -0.492229 20.7
      vertex -3.81982 -0.321263 21.8
    endloop
  endfacet
  facet normal 0.740033 -0.414443 0.529706
    outer loop
      vertex -2.68288 1.64407 20.7
      vertex -3.26907 2.00329 21.8
      vertex -3.40611 1.75859 21.8
    endloop
  endfacet
  facet normal 0.033297 -0.847528 0.529705
    outer loop
      vertex -0.246876 3.13686 20.7
      vertex -0.0205731 3.83325 21.8
      vertex -0.300817 3.82224 21.8
    endloop
  endfacet
  facet normal 0.847528 -0.033297 0.529705
    outer loop
      vertex -3.13686 0.246876 20.7
      vertex -3.82224 0.300817 21.8
      vertex -3.83325 0.0205731 21.8
    endloop
  endfacet
  facet normal 0.525177 -0.666047 0.529689
    outer loop
      vertex -2.04353 2.39266 20.7
      vertex -2.2536 3.10182 21.8
      vertex -2.26977 3.08907 21.8
    endloop
  endfacet
  facet normal 0.525103 -0.666093 0.529705
    outer loop
      vertex -2.2536 3.10182 21.8
      vertex -2.04353 2.39266 20.7
      vertex -1.8495 2.54562 20.7
    endloop
  endfacet
  facet normal 0.471247 -0.705223 0.529705
    outer loop
      vertex -1.8495 2.54562 20.7
      vertex -2.23648 3.11326 21.8
      vertex -2.2536 3.10182 21.8
    endloop
  endfacet
  facet normal 0.471215 -0.705244 0.529705
    outer loop
      vertex -2.23648 3.11326 21.8
      vertex -1.8495 2.54562 20.7
      vertex -1.64407 2.68288 20.7
    endloop
  endfacet
  facet normal 0.35507 -0.770279 0.529713
    outer loop
      vertex -1.42851 2.8036 20.7
      vertex -1.46723 3.54221 21.8
      vertex -1.48593 3.53359 21.8
    endloop
  endfacet
  facet normal 0.355111 -0.770265 0.529705
    outer loop
      vertex -1.46723 3.54221 21.8
      vertex -1.42851 2.8036 20.7
      vertex -1.20414 2.90704 20.7
    endloop
  endfacet
  facet normal -0.293552 -0.79576 0.52971
    outer loop
      vertex 1.20414 2.90704 20.7
      vertex 1.18479 3.64641 21.8
      vertex 0.97234 2.99255 20.7
    endloop
  endfacet
  facet normal -0.293663 -0.795733 0.52969
    outer loop
      vertex 1.18479 3.64641 21.8
      vertex 1.20414 2.90704 20.7
      vertex 1.20411 3.63928 21.8
    endloop
  endfacet
endsolid OpenSCAD_Model
